StudentID,Name,Age,Gender,AttendancePct,StudyHoursPerWeek,PreviousGrade,AssignmentMarks,InternalAssessmentMarks,OnlineClasses,ExtracurricularActivities,ParentalSupport,FinalExamMarks,ContinuousAssessmentAverage,AcademicHistoryScore,AttendanceStudyInteraction
STU10001,Allison Hill,23,Male,88.6,7.78,85.35,53.76,67.11,Yes,1,Medium,68.2,60.435,72.8925,689.308
STU10002,Noah Rhodes,20,Female,84.17,20.28,65.6,59.41,52.96,Yes,0,Low,52.83,56.185,60.8925,1706.9676000000002
STU10003,Angie Henderson,21,Female,84.84,18.51,62.42,62.05,59.86,No,2,Medium,65.05,60.955,61.6875,1570.3884000000003
STU10004,Daniel Wagner,23,Female,64.34,9.96,62.85,54.59,49.67,No,1,Medium,48.23,52.13,57.49,640.8264
STU10005,Cristian Santos,19,Female,90.12,22.43,62.21,76.58,70.07,No,0,Medium,68.26,73.32499999999999,67.7675,2021.3916000000002
STU10006,Connie Lawrence,24,Female,80.61,24.3,72.61,75.6,80.86,Yes,4,High,72.99,78.22999999999999,75.41999999999999,1958.823
STU10007,Abigail Shaffer,21,Female,74.31,21.36,84.7,72.9,72.52,Yes,0,Medium,69.32,72.71000000000001,78.70500000000001,1587.2616
STU10008,Gina Moore,21,Female,79.43,18.06,58.6,51.08,44.32,Yes,2,Low,55.05,47.7,53.150000000000006,1434.5058
STU10009,Gabrielle Davis,23,Male,60.24,23.55,51.71,52.27,46.63,Yes,0,Medium,36.99,49.45,50.58,1418.652
STU10010,Ryan Munoz,18,Female,82.09,24.08,64.2,61.63,61.07,No,2,Low,60.91,61.35,62.775000000000006,1976.7272
STU10011,Monica Herrera,19,Male,67.71,21.84,73.66,70.87,64.56,Yes,2,Medium,68.36,67.715,70.6875,1478.7864
STU10012,Jamie Arnold,23,Other,64.47,15.05,69.2,59.59,54.32,No,2,Medium,51.78,56.955,63.0775,970.2735
STU10013,Lisa Hensley,19,Female,62.78,21.66,61.69,51.76,53.49,No,2,Medium,52.13,52.625,57.1575,1359.8148
STU10014,Michele Williams,19,Male,89.13,27.17,84.45,77.2,68.19,Yes,0,High,67.52,72.695,78.57249999999999,2421.6621
STU10015,Dylan Miller,24,Female,71.71,16.42,74.91,68.41,59.78,No,0,High,57.2,64.095,69.5025,1177.4782
STU10016,Brian Ramirez,21,Female,93.34,32.59,95.0,93.02,87.7,No,2,High,86.8,90.36,92.68,3041.9506000000006
STU10017,Holly Wood,20,Male,72.64,16.85,64.13,61.11,53.28,No,2,Medium,71.36,57.195,60.662499999999994,1223.9840000000002
STU10018,Derek Zuniga,24,Female,60.93,20.19,47.39,52.63,49.88,Yes,2,Medium,53.61,51.255,49.322500000000005,1230.1767
STU10019,Lisa Jackson,24,Female,66.83,15.97,57.16,62.25,48.31,No,1,High,48.41,55.28,56.22,1067.2751
STU10020,Carla Gray,19,Male,90.36,21.34,73.09,69.86,76.93,Yes,2,Medium,75.51,73.39500000000001,73.2425,1928.2824
STU10021,Margaret Hawkins DDS,22,Female,76.44,9.55,60.45,47.17,49.08,Yes,1,High,57.15,48.125,54.2875,730.0020000000001
STU10022,Patty Perez,21,Male,72.52,16.72,64.4,52.23,54.21,No,1,Low,40.28,53.22,58.81,1212.5343999999998
STU10023,Ethan Adams,18,Female,79.6,13.45,74.09,62.31,65.31,No,0,Low,56.26,63.81,68.95,1070.62
STU10024,Tommy Walter,24,Other,83.02,20.81,81.7,57.32,62.43,Yes,1,High,65.21,59.875,70.7875,1727.6462
STU10025,Matthew Foster,20,Female,89.17,25.97,77.65,73.89,71.59,No,1,High,71.97,72.74000000000001,75.19500000000001,2315.7449
STU10026,Judy Baker,22,Male,92.48,23.88,86.4,77.02,78.57,No,0,High,75.33,77.79499999999999,82.0975,2208.4224
STU10027,Justin Baker,22,Female,74.4,5.77,61.3,38.16,54.49,Yes,2,High,54.36,46.325,53.8125,429.288
STU10028,Stephanie Ross,18,Female,64.74,32.25,73.92,70.59,67.48,No,1,Low,54.97,69.035,71.47749999999999,2087.865
STU10029,Zachary Hicks,24,Male,73.87,21.77,76.13,73.71,66.36,No,1,Medium,62.68,70.035,73.0825,1608.1499000000001
STU10030,Anthony Rodriguez,20,Female,80.6,15.34,68.48,60.91,60.67,No,1,High,59.61,60.79,64.635,1236.404
STU10031,Rebecca Henderson,21,Male,68.36,20.94,81.41,71.07,78.79,Yes,0,Medium,75.94,74.93,78.17,1431.4584
STU10032,James Ferrell,17,Female,68.43,21.06,57.05,59.01,59.06,Yes,0,Medium,51.62,59.035,58.0425,1441.1358
STU10033,Tricia Valencia,20,Male,81.44,16.0,65.17,58.94,55.12,No,3,Medium,56.21,57.03,61.1,1303.04
STU10034,Nathan Maldonado,18,Male,77.51,21.19,69.95,72.75,65.95,Yes,1,Low,59.93,69.35,69.65,1642.4369000000002
STU10035,Debra Davidson,22,Male,78.33,16.36,70.86,62.27,60.59,Yes,1,Medium,70.71,61.43000000000001,66.14500000000001,1281.4787999999999
STU10036,Jeffrey Chavez,21,Female,70.42,17.57,74.34,54.99,58.67,No,3,Medium,62.28,56.83,65.58500000000001,1237.2794000000001
STU10037,Sherri Baker,20,Male,75.7,15.88,66.23,68.07,56.0,Yes,1,High,56.0,62.035,64.1325,1202.1160000000002
STU10038,Cassandra Gaines,17,Female,68.76,11.4,50.53,47.15,45.88,No,2,High,51.14,46.515,48.5225,783.864
STU10039,Elizabeth Fowler,17,Male,86.9,20.88,80.27,68.09,78.36,No,5,Medium,64.73,73.225,76.7475,1814.472
STU10040,Brittany Farmer,19,Male,88.35,23.51,82.08,67.62,72.96,No,0,Medium,69.99,70.28999999999999,76.185,2077.1085
STU10041,Paula Moreno,19,Female,59.54,23.09,51.39,57.37,37.52,No,3,Medium,54.94,47.445,49.417500000000004,1374.7785999999999
STU10042,Fred Smith,23,Female,68.7,24.92,69.9,67.04,67.75,Yes,2,Low,49.27,67.39500000000001,68.64750000000001,1712.0040000000001
STU10043,Sherry Decker,18,Male,63.03,21.95,54.45,65.45,60.02,Yes,3,Medium,51.59,62.735,58.5925,1383.5085
STU10044,Anthony Humphrey,24,Female,71.5,16.8,60.71,53.59,52.51,No,1,Low,50.45,53.05,56.879999999999995,1201.2
STU10045,Angelica Tucker,20,Female,77.17,25.04,67.08,62.12,64.24,Yes,1,Medium,59.82,63.17999999999999,65.13,1932.3368
STU10046,Philip Cannon,20,Female,63.5,11.85,64.36,57.79,51.16,No,4,Medium,54.27,54.474999999999994,59.4175,752.475
STU10047,John Pierce,24,Male,68.78,14.6,63.55,60.52,54.83,No,3,Medium,55.04,57.675,60.6125,1004.188
STU10048,Shane Henderson,23,Male,67.96,14.21,53.13,49.82,57.12,Yes,1,Low,39.26,53.47,53.3,965.7116
STU10049,Joshua Blair,22,Female,80.07,26.48,81.72,80.84,71.55,No,1,Medium,73.87,76.195,78.9575,2120.2536
STU10050,Eric Carney,22,Male,78.69,25.66,64.4,66.16,52.09,Yes,1,Medium,51.1,59.125,61.7625,2019.1853999999998
STU10051,Jessica Holmes,23,Female,70.78,22.92,71.67,68.53,62.91,Yes,0,Low,60.56,65.72,68.695,1622.2776000000001
STU10052,Danny Morgan,22,Female,79.77,26.43,69.71,77.09,66.94,No,2,High,65.32,72.015,70.8625,2108.3210999999997
STU10053,Crystal Robinson,19,Female,72.53,14.72,61.76,58.22,62.49,No,0,Low,67.5,60.355000000000004,61.057500000000005,1067.6416000000002
STU10054,Mark Perez,20,Female,75.28,22.09,74.1,67.15,64.57,Yes,2,High,65.9,65.86,69.97999999999999,1662.9352000000001
STU10055,Shannon Jones,23,Other,94.73,19.25,80.02,78.92,72.47,Yes,2,Low,72.27,75.695,77.85749999999999,1823.5525
STU10056,Michael Lewis,20,Male,91.4,25.08,88.47,66.18,77.63,Yes,3,High,79.76,71.905,80.1875,2292.312
STU10057,Timothy Duncan,24,Female,65.0,19.31,63.94,71.36,60.96,Yes,3,Low,60.05,66.16,65.05,1255.1499999999999
STU10058,Richard Aguirre,17,Male,86.3,17.69,74.05,55.04,58.69,Yes,2,High,63.48,56.864999999999995,65.4575,1526.6470000000002
STU10059,Brent Jordan,19,Male,86.11,23.25,72.65,65.73,71.43,Yes,2,Medium,61.9,68.58000000000001,70.61500000000001,2002.0575
STU10060,John Daniel,21,Female,66.52,25.26,70.56,67.95,62.75,No,2,High,62.36,65.35,67.955,1680.2952
STU10061,Victoria Garcia,19,Female,86.19,15.99,73.75,62.69,65.01,No,3,Medium,52.62,63.85,68.8,1378.1781
STU10062,Gerald Hensley,23,Other,93.38,19.63,75.4,74.51,72.03,Yes,3,Low,71.49,73.27000000000001,74.33500000000001,1833.0493999999999
STU10063,Connor West,21,Female,66.77,13.65,48.64,39.37,38.8,Yes,2,High,63.65,39.084999999999994,43.8625,911.4105
STU10064,Donald Wright,17,Male,68.82,5.01,58.36,45.05,47.32,No,3,Low,46.26,46.185,52.2725,344.78819999999996
STU10065,Jessica Callahan,23,Male,88.18,21.2,77.66,67.14,68.33,No,1,High,70.34,67.735,72.69749999999999,1869.4160000000002
STU10066,Amber Kidd,18,Female,80.71,23.65,69.08,69.12,63.54,No,3,Low,51.36,66.33,67.705,1908.7914999999998
STU10067,Tracy House,20,Male,83.51,21.57,64.51,62.86,67.64,Yes,2,Medium,59.05,65.25,64.88,1801.3107000000002
STU10068,Carol Tucker,17,Male,81.41,8.3,73.71,56.71,63.02,Yes,0,High,67.9,59.865,66.7875,675.703
STU10069,James Brown,20,Male,81.91,17.89,73.73,61.54,68.0,Yes,1,Medium,55.85,64.77,69.25,1465.3699
STU10070,William Baker,22,Male,64.74,6.69,53.98,39.12,45.58,No,0,Medium,39.31,42.349999999999994,48.16499999999999,433.1106
STU10071,Jordan Henderson,18,Male,88.47,28.22,72.18,75.67,74.72,Yes,5,High,77.49,75.195,73.6875,2496.6234
STU10072,Whitney Peters,18,Male,89.7,13.48,64.56,62.27,64.32,No,0,High,67.32,63.295,63.9275,1209.1560000000002
STU10073,Brittney Phillips,17,Male,75.71,27.53,83.67,74.78,70.67,Yes,0,High,70.85,72.725,78.19749999999999,2084.2963
STU10074,Lauren Daniels,18,Male,77.57,25.68,74.97,66.89,65.1,Yes,0,Medium,65.34,65.995,70.4825,1991.9975999999997
STU10075,Amy Silva,21,Other,62.69,14.6,56.44,54.13,46.47,No,1,Medium,49.14,50.3,53.37,915.274
STU10076,Sarah Moore,18,Male,83.14,13.2,71.06,59.08,64.71,Yes,1,Medium,54.83,61.894999999999996,66.47749999999999,1097.4479999999999
STU10077,Angela Lopez,20,Male,83.72,22.1,68.26,70.79,65.21,No,1,Medium,63.2,68.0,68.13,1850.212
STU10078,Megan Young,20,Female,77.38,14.93,76.91,58.04,60.2,Yes,1,High,64.6,59.120000000000005,68.015,1155.2833999999998
STU10079,Steve Sanchez,23,Male,89.24,20.61,84.59,63.32,75.15,Yes,5,Medium,71.04,69.235,76.9125,1839.2363999999998
STU10080,Lisa Barnes,20,Female,74.66,17.1,63.57,54.62,50.05,Yes,3,Medium,44.01,52.334999999999994,57.9525,1276.6860000000001
STU10081,Kelly Donovan,23,Female,83.65,9.31,60.58,45.46,51.73,Yes,2,Medium,62.92,48.595,54.5875,778.7815
STU10082,Mike Allen,20,Male,67.8,6.62,38.43,33.4,43.84,Yes,1,High,36.79,38.620000000000005,38.525000000000006,448.836
STU10083,Michael Evans,21,Male,77.76,21.36,60.68,56.55,58.16,No,1,High,58.63,57.355,59.0175,1660.9536
STU10084,Paul Jones,24,Female,76.26,16.63,57.77,58.81,55.82,No,1,Medium,56.59,57.315,57.542500000000004,1268.2038
STU10085,Zachary Ferrell,23,Female,80.25,16.68,69.72,59.65,62.58,Yes,0,Medium,58.12,61.114999999999995,65.41749999999999,1338.57
STU10086,Daniel Baker,19,Male,74.3,24.18,69.36,68.24,63.92,Yes,1,High,66.73,66.08,67.72,1796.5739999999998
STU10087,Shirley Suarez,22,Female,76.69,27.04,65.19,68.81,54.65,No,0,Medium,53.75,61.730000000000004,63.46,2073.6976
STU10088,Christopher Bass,17,Male,86.26,18.36,70.39,65.03,62.9,Yes,3,Low,74.61,63.965,67.17750000000001,1583.7336
STU10089,Lisa Archer,20,Other,73.63,17.96,70.56,62.19,69.27,Yes,4,Low,59.61,65.72999999999999,68.145,1322.3948
STU10090,Aimee Montoya,18,Male,61.93,23.0,69.57,68.22,57.32,Yes,1,Low,61.74,62.769999999999996,66.16999999999999,1424.39
STU10091,Matthew Mcmillan,24,Female,95.5,11.86,58.2,47.46,54.49,No,0,Medium,47.43,50.975,54.587500000000006,1132.6299999999999
STU10092,Brian Rodriguez,20,Female,91.81,21.34,75.76,78.45,69.63,Yes,1,High,76.96,74.03999999999999,74.9,1959.2254
STU10093,Denise Jacobs,18,Female,65.08,23.31,57.67,57.79,52.99,No,0,Medium,47.78,55.39,56.53,1517.0148
STU10094,Christina Walters,22,Female,84.9,24.08,82.13,67.46,66.42,Yes,1,Medium,59.63,66.94,74.535,2044.392
STU10095,John Whitehead,22,Male,72.97,8.38,65.54,52.01,58.17,Yes,2,High,51.85,55.09,60.315000000000005,611.4886
STU10096,Anna Henderson,22,Male,80.63,15.43,61.77,50.82,56.52,Yes,0,High,52.52,53.67,57.72,1244.1209
STU10097,Aaron Wise,18,Male,80.94,14.73,62.32,59.62,62.73,No,0,Medium,58.49,61.175,61.7475,1192.2462
STU10098,Deborah Figueroa,20,Male,75.66,20.6,66.46,75.92,59.71,No,0,Medium,78.05,67.815,67.13749999999999,1558.596
STU10099,Jessica Smith,22,Female,70.16,22.88,53.31,52.21,49.26,Yes,0,Low,64.61,50.735,52.0225,1605.2607999999998
STU10100,Stephen Mckee,21,Male,71.09,28.98,76.07,77.02,66.67,Yes,0,Low,61.75,71.845,73.9575,2060.1882
STU10101,Sandra Aguilar,23,Male,68.84,17.03,62.55,46.08,54.07,No,1,Low,54.23,50.075,56.3125,1172.3452000000002
STU10102,Cameron Parker,18,Other,69.68,17.01,71.57,64.36,57.55,No,4,Medium,51.58,60.955,66.26249999999999,1185.2568
STU10103,Rebecca Valencia,18,Female,77.33,26.9,67.07,63.52,65.75,Yes,2,Medium,51.01,64.635,65.85249999999999,2080.1769999999997
STU10104,Christine Wright,20,Female,70.84,21.78,64.25,58.27,62.98,No,2,Low,55.39,60.625,62.4375,1542.8952000000002
STU10105,Richard Henson,18,Other,84.82,27.61,67.71,63.96,58.1,Yes,3,Low,63.53,61.03,64.37,2341.8801999999996
STU10106,Marc Moore,18,Male,92.87,21.73,70.33,71.92,65.91,Yes,2,Medium,72.53,68.91499999999999,69.6225,2018.0651
STU10107,Sharon Cherry,22,Male,72.2,13.06,54.75,55.13,50.24,Yes,2,Medium,59.16,52.685,53.7175,942.932
STU10108,Sierra Johnson,20,Female,80.39,12.0,72.53,58.87,75.23,No,3,Medium,62.62,67.05,69.78999999999999,964.6800000000001
STU10109,Evelyn Galvan,22,Female,83.0,10.69,60.8,46.17,51.89,Yes,1,Medium,53.91,49.03,54.915,887.27
STU10110,Sharon Cochran,23,Male,82.72,23.97,75.74,81.04,79.81,No,1,Medium,76.53,80.42500000000001,78.08250000000001,1982.7984
STU10111,Richard Rodriguez,24,Female,78.76,27.13,72.83,67.85,58.66,No,2,Medium,69.42,63.254999999999995,68.04249999999999,2136.7588
STU10112,Shannon Walker,23,Male,85.43,31.1,72.06,63.19,59.48,No,0,Low,53.38,61.334999999999994,66.69749999999999,2656.8730000000005
STU10113,Julia Torres,24,Male,82.82,25.06,74.49,74.56,65.3,Yes,0,Medium,68.09,69.93,72.21000000000001,2075.4691999999995
STU10114,Crystal Johnson,22,Female,65.62,26.98,74.33,65.1,57.7,Yes,3,High,67.63,61.4,67.865,1770.4276000000002
STU10115,Garrett Lin,23,Female,86.69,16.52,62.79,64.0,60.38,No,1,High,62.51,62.19,62.489999999999995,1432.1188
STU10116,Diana May,20,Female,86.87,13.06,74.55,59.16,60.63,No,0,Medium,56.54,59.894999999999996,67.2225,1134.5222
STU10117,William Herrera,17,Male,70.37,25.1,64.77,68.87,56.75,No,2,High,60.84,62.81,63.79,1766.2870000000003
STU10118,Ashley Waller,22,Female,78.38,22.51,68.73,74.31,71.53,Yes,3,Medium,71.25,72.92,70.825,1764.3338
STU10119,Victor Baker,24,Male,84.83,20.64,77.09,62.21,71.84,Yes,4,Low,60.64,67.025,72.0575,1750.8912
STU10120,Jeffrey Chandler,21,Male,75.91,22.32,66.34,60.77,64.42,No,1,High,54.68,62.595,64.4675,1694.3111999999999
STU10121,Larry Dixon,24,Female,88.73,21.94,76.11,70.03,71.51,Yes,2,Low,79.04,70.77000000000001,73.44,1946.7362000000003
STU10122,Kenneth Scott,21,Female,100.0,27.7,82.19,89.36,80.51,No,0,Medium,78.36,84.935,83.5625,2770.0
STU10123,April Frost,18,Female,70.14,27.77,73.4,68.43,61.18,Yes,1,Medium,68.65,64.805,69.1025,1947.7878
STU10124,Michelle Harmon,23,Female,64.19,23.27,50.3,51.46,43.69,Yes,2,Medium,50.17,47.575,48.9375,1493.7013
STU10125,Helen Jones,21,Female,81.04,25.07,62.16,67.72,63.48,Yes,5,Medium,69.98,65.6,63.879999999999995,2031.6728000000003
STU10126,Erin Edwards,24,Female,85.22,23.08,79.56,69.59,63.38,Yes,1,Medium,67.41,66.485,73.02250000000001,1966.8775999999998
STU10127,Michelle Evans,18,Male,75.69,17.23,74.6,65.02,59.04,Yes,2,Medium,65.74,62.03,68.315,1304.1387
STU10128,Jason Powell,17,Male,92.53,24.54,72.82,62.08,71.49,No,2,Medium,60.1,66.785,69.8025,2270.6862
STU10129,Cameron Fisher,20,Male,64.61,11.63,57.28,61.72,64.08,Yes,3,Medium,47.29,62.9,60.09,751.4143
STU10130,Megan Orr,20,Male,84.93,26.32,79.46,67.8,70.49,Yes,3,High,69.11,69.145,74.3025,2235.3576000000003
STU10131,Elizabeth Kelley,20,Female,71.94,12.83,67.61,54.0,62.48,No,3,High,51.09,58.239999999999995,62.925,922.9902
STU10132,Dustin Jordan,21,Female,95.19,21.71,64.08,64.11,62.68,Yes,1,Medium,51.19,63.394999999999996,63.7375,2066.5749
STU10133,Mary Marshall,17,Male,97.93,14.93,68.42,72.34,62.16,Yes,0,Medium,67.29,67.25,67.83500000000001,1462.0949
STU10134,Daniel Kennedy,21,Male,70.33,23.32,67.13,56.99,60.57,No,1,High,48.76,58.78,62.955,1640.0955999999999
STU10135,Rebecca Jackson,23,Female,72.5,19.8,72.78,77.0,69.77,No,2,Medium,71.44,73.38499999999999,73.0825,1435.5
STU10136,Jose Schultz,21,Male,86.6,10.43,84.43,69.03,71.39,Yes,2,Medium,78.29,70.21000000000001,77.32000000000001,903.2379999999999
STU10137,Robert Potter,17,Female,74.13,22.52,68.82,68.03,61.51,Yes,1,Medium,53.54,64.77,66.79499999999999,1669.4075999999998
STU10138,Courtney Gonzalez,17,Female,77.55,16.53,57.74,48.48,57.5,No,1,High,57.01,52.989999999999995,55.364999999999995,1281.9015
STU10139,David Alvarez,23,Female,78.25,25.29,76.82,76.26,64.3,Yes,0,Low,74.82,70.28,73.55,1978.9424999999999
STU10140,Angel Perry,17,Female,58.8,20.01,71.77,59.02,53.67,No,1,Low,48.75,56.345,64.0575,1176.588
STU10141,Cheyenne Horton,24,Female,77.86,22.37,72.56,75.43,62.33,No,4,Medium,68.38,68.88,70.72,1741.7282
STU10142,David Douglas Jr.,17,Male,71.1,14.25,57.07,45.5,50.54,No,1,Medium,63.62,48.019999999999996,52.545,1013.175
STU10143,Patricia Rodriguez,20,Female,73.07,16.46,72.46,61.3,55.99,Yes,1,Medium,49.09,58.644999999999996,65.5525,1202.7322
STU10144,Christopher Rubio,24,Female,92.44,17.25,78.7,64.72,65.26,Yes,1,Medium,60.74,64.99000000000001,71.845,1594.59
STU10145,Amber Wright,24,Male,65.43,25.14,61.59,57.12,51.11,No,0,Medium,55.79,54.114999999999995,57.8525,1644.9102000000003
STU10146,Joyce Solis,23,Female,86.13,30.06,83.16,85.85,75.08,Yes,0,Low,84.79,80.465,81.8125,2589.0678
STU10147,Victoria Larson,19,Female,75.21,15.17,72.68,64.36,55.57,Yes,0,Low,52.11,59.965,66.3225,1140.9357
STU10148,Stephanie Salazar,19,Female,75.2,26.46,81.88,83.62,73.4,No,0,High,86.66,78.51,80.195,1989.7920000000001
STU10149,Kathy Rivas,17,Female,85.9,6.98,63.78,39.27,59.48,Yes,1,High,57.83,49.375,56.5775,599.5820000000001
STU10150,Stephanie Manning,24,Female,81.4,12.83,64.03,61.29,60.82,Yes,2,Medium,48.5,61.055,62.542500000000004,1044.362
STU10151,David Wright,19,Female,83.71,14.25,77.05,78.61,78.93,No,2,Low,77.34,78.77000000000001,77.91,1192.8674999999998
STU10152,Pamela Boyd,19,Female,87.68,11.88,59.92,49.71,62.58,Yes,1,Low,52.26,56.144999999999996,58.0325,1041.6384
STU10153,Denise Jones,17,Female,74.69,10.5,65.3,64.2,64.15,Yes,0,Medium,62.59,64.17500000000001,64.73750000000001,784.245
STU10154,Devon Flores,19,Female,71.88,22.48,59.9,58.79,56.29,Yes,2,High,49.2,57.54,58.72,1615.8624
STU10155,Brenda Hall,21,Female,67.15,18.72,72.42,55.16,58.2,No,0,Medium,51.4,56.68,64.55,1257.048
STU10156,Michelle Brown,18,Female,69.75,22.28,66.69,61.87,62.76,Yes,2,Medium,51.75,62.315,64.5025,1554.03
STU10157,Joshua Perry,23,Male,100.0,24.14,90.78,87.94,80.59,Yes,2,High,73.22,84.265,87.52250000000001,2414.0
STU10158,Jason Stein,18,Female,90.45,21.59,79.73,67.3,60.14,No,2,High,67.76,63.72,71.725,1952.8155000000002
STU10159,Melissa Gates,17,Female,64.49,23.95,59.0,56.85,55.91,No,2,Low,54.41,56.379999999999995,57.69,1544.5354999999997
STU10160,Jamie Smith,20,Male,64.78,19.58,74.59,68.69,57.45,Yes,0,Medium,56.79,63.07,68.83,1268.3924
STU10161,Paul Castaneda,23,Female,82.82,12.88,78.0,62.79,61.03,No,3,Low,51.06,61.91,69.955,1066.7216
STU10162,Jennifer Adkins,17,Male,83.47,26.35,83.01,81.23,74.18,Yes,4,High,68.6,77.70500000000001,80.35750000000002,2199.4345000000003
STU10163,Lindsey Walker,24,Male,83.49,16.47,64.59,60.12,59.87,No,2,High,63.3,59.995,62.292500000000004,1375.0802999999999
STU10164,Jeffrey Johnson,20,Female,75.45,14.39,63.11,58.08,50.45,Yes,1,Medium,55.79,54.265,58.6875,1085.7255
STU10165,Michael Powell,18,Male,76.75,18.93,69.97,60.6,61.88,Yes,3,Low,61.41,61.24,65.605,1452.8775
STU10166,John Anderson,17,Female,81.28,14.52,62.75,57.1,63.03,No,0,Medium,66.87,60.065,61.4075,1180.1856
STU10167,Alyssa Long,24,Female,78.86,17.5,80.64,62.42,60.2,Yes,2,Medium,67.2,61.31,70.975,1380.05
STU10168,Alyssa Day,23,Female,55.81,22.06,63.78,68.24,63.73,Yes,2,Medium,62.05,65.985,64.8825,1231.1686
STU10169,Joel Williams,23,Male,75.7,22.09,51.82,52.15,43.73,Yes,1,Medium,64.69,47.94,49.879999999999995,1672.213
STU10170,Daniel Murphy,22,Male,69.49,14.61,65.4,62.84,69.37,No,1,Low,55.19,66.105,65.7525,1015.2488999999999
STU10171,Jamie Walton,24,Female,79.75,17.07,66.41,58.46,57.6,Yes,0,High,74.73,58.03,62.22,1361.3325
STU10172,Darlene Miller,21,Other,100.0,26.45,82.99,80.66,78.01,Yes,2,Medium,85.82,79.33500000000001,81.1625,2645.0
STU10173,Joshua Cooke,19,Female,81.67,22.98,71.17,65.02,54.54,Yes,2,Medium,59.86,59.78,65.475,1876.7766000000001
STU10174,Matthew Harrington,20,Male,74.86,32.45,83.31,76.42,70.57,Yes,2,Low,72.92,73.495,78.4025,2429.2070000000003
STU10175,Nicole Herring,24,Female,87.22,27.08,86.68,70.3,73.53,Yes,2,High,73.45,71.91499999999999,79.2975,2361.9175999999998
STU10176,Alex Hernandez,22,Female,82.83,26.87,78.92,69.54,68.1,Yes,1,Medium,59.62,68.82,73.87,2225.6421
STU10177,Michael Elliott,19,Female,82.2,11.67,63.67,51.8,54.04,Yes,1,High,57.75,52.92,58.295,959.274
STU10178,Michael Wang,19,Male,84.07,24.58,75.54,73.35,64.19,Yes,1,Medium,58.3,68.77,72.155,2066.4406
STU10179,Lawrence Adkins,17,Female,98.57,19.68,78.34,76.72,79.64,No,3,High,77.56,78.18,78.26,1939.8575999999998
STU10180,Robert Oconnell,19,Female,66.69,16.69,57.74,50.77,51.47,No,4,High,58.12,51.120000000000005,54.43000000000001,1113.0561
STU10181,Alexander Collins,21,Other,82.74,21.01,76.86,64.16,73.61,No,1,Medium,65.0,68.88499999999999,72.8725,1738.3674
STU10182,Tina Sanders,23,Male,68.74,25.67,73.69,61.85,58.55,Yes,1,High,63.94,60.2,66.945,1764.5558
STU10183,Angela Vaughn,22,Female,83.56,23.0,85.31,78.86,72.0,No,4,Medium,73.05,75.43,80.37,1921.88
STU10184,Ashley Barton,19,Female,68.81,14.73,71.62,67.83,66.65,Yes,1,Medium,67.75,67.24000000000001,69.43,1013.5713000000001
STU10185,Lindsay Martinez,17,Male,73.83,24.45,66.85,73.75,55.86,No,1,Low,57.43,64.805,65.8275,1805.1435
STU10186,Dr. Hannah Patterson,21,Female,75.05,16.17,72.08,65.96,57.26,Yes,1,Medium,58.77,61.61,66.845,1213.5585
STU10187,Jonathan Peterson,18,Female,87.76,21.3,68.36,69.38,71.25,Yes,1,High,74.01,70.315,69.3375,1869.2880000000002
STU10188,Samantha Garcia,23,Male,87.18,18.18,77.47,77.87,65.95,Yes,2,High,72.2,71.91,74.69,1584.9324000000001
STU10189,Madison Poole,23,Male,65.54,18.69,60.68,58.74,45.81,Yes,0,Low,36.01,52.275000000000006,56.477500000000006,1224.9426000000003
STU10190,Jessica Gross,22,Female,78.55,24.6,66.48,70.44,72.97,No,1,Medium,62.92,71.705,69.0925,1932.3300000000002
STU10191,Debra Morton,23,Male,70.9,13.76,64.95,53.27,48.59,No,2,Medium,49.13,50.93000000000001,57.940000000000005,975.5840000000001
STU10192,Karen Graham,19,Female,65.41,31.67,54.61,56.91,53.03,No,0,Medium,53.08,54.97,54.79,2071.5347
STU10193,Debra Christian,17,Male,75.83,9.07,49.42,38.82,46.4,No,2,Medium,46.09,42.61,46.015,687.7781
STU10194,Angelica Keith,23,Female,74.92,16.41,65.21,58.07,44.08,Yes,2,High,44.56,51.075,58.1425,1229.4372
STU10195,John Bishop,23,Male,100.0,22.22,81.13,74.98,73.3,Yes,2,Medium,64.98,74.14,77.63499999999999,2222.0
STU10196,Allen Rosales,18,Female,82.33,23.51,71.8,80.44,71.99,No,0,Medium,62.03,76.215,74.0075,1935.5783000000001
STU10197,Daniel Salinas,18,Other,64.22,19.4,53.21,53.64,52.01,No,1,High,52.43,52.825,53.0175,1245.868
STU10198,Spencer Haynes,20,Other,72.35,19.66,61.98,66.09,63.81,No,1,Medium,65.52,64.95,63.465,1422.4009999999998
STU10199,Adam Vaughan,21,Female,88.21,22.46,78.74,69.73,67.67,Yes,2,Low,56.35,68.7,73.72,1981.1966
STU10200,Nathan Freeman,19,Male,98.88,18.61,81.65,69.67,76.3,Yes,1,Medium,68.81,72.985,77.3175,1840.1567999999997
STU10201,Melissa Brewer,23,Female,62.14,28.36,69.59,62.04,55.05,No,3,Low,54.21,58.545,64.0675,1762.2904
STU10202,Ricky Davis II,24,Male,59.2,25.04,74.31,64.87,53.5,Yes,1,High,54.68,59.185,66.7475,1482.368
STU10203,Elizabeth Perkins,23,Male,96.71,25.24,84.13,81.82,70.94,Yes,4,Medium,76.03,76.38,80.255,2440.9603999999995
STU10204,Joseph Coleman,17,Male,81.9,14.2,62.47,55.37,50.31,Yes,0,Medium,58.71,52.84,57.655,1162.98
STU10205,Erin Warner,20,Female,69.32,19.52,64.43,65.59,64.42,No,0,Medium,54.14,65.005,64.7175,1353.1263999999999
STU10206,David Martinez,21,Female,83.35,18.2,61.26,59.5,51.36,Yes,1,Low,55.85,55.43,58.345,1516.9699999999998
STU10207,Bryan Herrera,24,Female,51.64,13.97,54.68,45.7,46.83,Yes,1,High,47.58,46.265,50.4725,721.4108
STU10208,Cathy Robinson,20,Male,78.03,22.16,79.51,84.37,71.63,Yes,1,High,66.29,78.0,78.755,1729.1448
STU10209,Dr. William Warren,22,Male,81.28,16.77,74.05,63.39,63.85,Yes,5,High,65.67,63.620000000000005,68.83500000000001,1363.0656
STU10210,Brian Lee,21,Other,87.24,23.93,86.46,84.79,84.2,Yes,0,Medium,80.23,84.495,85.47749999999999,2087.6531999999997
STU10211,Christopher Smith,23,Male,67.86,13.58,59.53,49.34,49.48,Yes,0,Medium,59.14,49.41,54.47,921.5388
STU10212,Denise Mccann,23,Male,78.86,30.31,87.18,87.37,79.92,No,1,Low,82.11,83.64500000000001,85.41250000000001,2390.2466
STU10213,Melissa Martinez,21,Male,68.75,14.62,61.38,59.36,56.2,No,0,Medium,50.38,57.78,59.58,1005.125
STU10214,Katherine Salas,23,Female,80.55,21.32,82.45,73.84,70.05,Yes,3,Medium,66.72,71.945,77.19749999999999,1717.326
STU10215,Julie Alexander,19,Female,69.05,24.75,69.79,53.44,68.44,No,2,Medium,60.25,60.94,65.36500000000001,1708.9875
STU10216,Anthony Everett,21,Male,73.92,16.58,71.12,61.54,54.01,No,2,High,56.22,57.775,64.4475,1225.5936
STU10217,Rodney Morales,20,Male,68.04,25.11,80.12,80.85,76.39,Yes,1,Medium,78.11,78.62,79.37,1708.4844
STU10218,Mark Brown,21,Female,84.51,12.62,66.28,59.43,64.18,Yes,0,Low,58.44,61.80500000000001,64.0425,1066.5162
STU10219,Justin Torres,24,Female,86.58,28.71,81.26,81.87,72.01,Yes,2,Low,70.92,76.94,79.1,2485.7118
STU10220,Bailey Duran DDS,23,Male,75.65,20.08,78.34,58.39,71.13,Yes,2,Medium,69.4,64.75999999999999,71.55,1519.052
STU10221,Courtney Mills,19,Female,78.38,16.42,66.91,55.09,49.14,Yes,0,Low,53.0,52.115,59.5125,1286.9996
STU10222,Jeremy Dalton,19,Male,63.51,18.2,53.9,54.84,48.15,No,0,Medium,50.37,51.495000000000005,52.697500000000005,1155.8819999999998
STU10223,Elizabeth Oliver DDS,22,Male,75.0,24.85,87.4,80.4,67.69,Yes,1,Medium,72.18,74.045,80.7225,1863.75
STU10224,Theresa Clark,20,Female,77.5,16.49,64.25,65.22,62.87,No,3,Medium,59.66,64.045,64.14750000000001,1277.975
STU10225,Matthew Moore,18,Male,100.0,15.5,76.96,65.41,64.26,Yes,2,High,64.39,64.83500000000001,70.89750000000001,1550.0
STU10226,Benjamin Smith,18,Female,66.88,18.67,72.91,66.03,64.17,Yes,4,Medium,73.49,65.1,69.005,1248.6496
STU10227,Kirk Carter,21,Male,92.64,12.94,66.85,57.78,61.22,Yes,1,Medium,56.05,59.5,63.175,1198.7616
STU10228,Michael Warner,22,Male,87.97,30.92,74.78,71.83,66.51,Yes,3,Medium,79.49,69.17,71.975,2720.0324
STU10229,Michael Bradshaw,17,Other,80.81,16.6,70.72,48.38,59.79,No,2,Medium,59.59,54.085,62.4025,1341.4460000000001
STU10230,Lori Guerrero,21,Male,95.59,24.99,68.18,72.14,66.89,No,0,High,64.36,69.515,68.8475,2388.7941
STU10231,Jessica Stephens,22,Female,81.72,21.26,70.55,67.15,59.1,Yes,0,Low,62.48,63.125,66.8375,1737.3672000000001
STU10232,Susan Serrano,20,Male,81.89,14.09,69.33,55.29,74.0,No,2,Medium,67.53,64.645,66.9875,1153.8301
STU10233,Christopher Parker,20,Male,77.47,19.96,68.07,53.43,55.58,No,2,High,68.9,54.504999999999995,61.287499999999994,1546.3012
STU10234,Laura Roberts,20,Male,90.24,24.7,67.58,72.2,55.88,No,2,Medium,54.83,64.04,65.81,2228.928
STU10235,Michael Lyons,20,Female,88.96,18.87,84.95,71.01,68.17,Yes,1,Medium,69.03,69.59,77.27000000000001,1678.6752
STU10236,Kathryn Snyder,20,Male,71.74,27.16,73.43,75.35,60.08,No,3,Medium,72.02,67.715,70.5725,1948.4584
STU10237,Andrew Reynolds,22,Female,64.81,26.13,79.23,84.76,74.49,Yes,2,Medium,75.46,79.625,79.42750000000001,1693.4853
STU10238,David Davis,22,Male,75.97,25.51,71.42,56.99,61.75,No,1,High,64.57,59.370000000000005,65.39500000000001,1937.9947000000002
STU10239,Sara Johnston,19,Other,70.0,17.24,58.91,50.72,54.36,Yes,4,Low,60.33,52.54,55.724999999999994,1206.8
STU10240,Yvonne Chambers,24,Male,77.36,13.52,67.29,55.66,56.65,Yes,2,Low,53.96,56.155,61.722500000000004,1045.9071999999999
STU10241,Andrew Avila,18,Female,90.37,16.32,71.06,71.54,66.59,Yes,0,Medium,51.8,69.065,70.0625,1474.8384
STU10242,Matthew Moon,23,Female,73.43,21.18,60.95,50.11,51.7,Yes,1,Medium,51.66,50.905,55.9275,1555.2474000000002
STU10243,Kevin Walters,20,Female,77.57,23.27,82.61,85.75,74.03,No,1,Medium,83.41,79.89,81.25,1805.0538999999999
STU10244,Brandon Bailey MD,17,Female,78.58,6.97,56.96,46.27,56.02,Yes,2,Medium,55.23,51.145,54.0525,547.7026
STU10245,Shannon Rivera,23,Female,86.48,19.95,60.68,59.4,61.0,Yes,2,Medium,55.73,60.2,60.44,1725.276
STU10246,Donna Landry,22,Female,55.53,20.95,71.17,62.36,60.34,No,1,Low,61.74,61.35,66.26,1163.3535
STU10247,Krista Gibson,17,Male,71.93,18.33,63.07,55.76,58.47,Yes,1,High,64.0,57.114999999999995,60.0925,1318.4769000000001
STU10248,Frank Cordova,17,Male,80.11,27.75,72.21,78.99,73.36,Yes,1,Low,67.92,76.175,74.1925,2223.0525
STU10249,Jose Travis,17,Female,90.0,22.53,64.41,58.29,62.39,No,1,Medium,64.02,60.34,62.375,2027.7
STU10250,Kimberly Gutierrez,19,Female,73.08,27.86,85.92,81.71,75.08,Yes,0,Medium,66.19,78.395,82.1575,2036.0087999999998
STU10251,Isaiah Avila,22,Female,59.23,18.7,52.76,49.47,53.57,Yes,2,High,50.6,51.519999999999996,52.14,1107.6009999999999
STU10252,Olivia Harris,17,Female,84.2,25.62,77.02,69.27,64.72,Yes,3,High,69.48,66.995,72.0075,2157.204
STU10253,Tanya Kim,20,Male,71.65,29.81,80.92,94.02,71.28,No,2,High,80.7,82.65,81.785,2135.8865
STU10254,Barbara Dudley,21,Male,66.1,27.87,73.9,74.85,59.35,No,0,Low,54.96,67.1,70.5,1842.2069999999999
STU10255,Cynthia Moore,17,Female,71.76,13.45,62.7,57.45,57.32,Yes,3,High,59.18,57.385000000000005,60.042500000000004,965.172
STU10256,Kristen Davis,19,Male,76.15,18.48,56.48,62.14,47.48,Yes,2,Medium,63.38,54.81,55.644999999999996,1407.2520000000002
STU10257,Susan Murray MD,23,Male,71.95,17.93,60.66,48.17,54.79,Yes,0,Medium,68.43,51.480000000000004,56.07,1290.0635
STU10258,Kathleen Moran,22,Female,55.94,22.94,64.75,72.37,58.63,No,2,Medium,52.47,65.5,65.125,1283.2636
STU10259,Denise Davenport,24,Male,86.97,24.12,71.16,54.49,67.04,Yes,0,High,66.04,60.765,65.9625,2097.7164000000002
STU10260,Mrs. Kristen Reyes,19,Female,90.75,14.97,73.2,58.2,60.78,No,2,High,54.58,59.49,66.345,1358.5275000000001
STU10261,Katie Suarez,17,Male,84.52,20.41,77.87,66.9,66.56,Yes,1,High,68.55,66.73,72.30000000000001,1725.0531999999998
STU10262,Desiree Tyler,22,Female,66.62,7.88,63.9,52.39,59.64,No,2,High,54.19,56.015,59.957499999999996,524.9656
STU10263,Timothy Romero,21,Male,75.99,28.65,66.87,71.47,70.53,No,2,Medium,72.6,71.0,68.935,2177.1135
STU10264,Diane Evans,17,Male,77.93,16.93,83.4,67.9,65.14,No,3,Medium,58.65,66.52000000000001,74.96000000000001,1319.3549
STU10265,Yvonne Burns,19,Male,83.99,20.34,78.21,69.65,69.46,Yes,1,Low,57.18,69.555,73.8825,1708.3565999999998
STU10266,Joshua Reed,18,Male,84.68,18.14,71.56,58.28,63.85,No,1,High,72.26,61.065,66.3125,1536.0952000000002
STU10267,Kimberly Gibson,20,Male,70.66,26.88,79.71,66.12,67.04,Yes,3,Medium,62.77,66.58000000000001,73.14500000000001,1899.3408
STU10268,Colin Terry,24,Male,78.82,5.0,76.59,58.87,61.86,Yes,2,High,64.66,60.364999999999995,68.47749999999999,394.09999999999997
STU10269,Cynthia Rowe,23,Female,82.57,19.9,61.89,64.37,67.11,Yes,2,Medium,65.03,65.74000000000001,63.815000000000005,1643.1429999999998
STU10270,Patrick Thornton,19,Male,92.56,19.37,74.01,76.9,61.88,No,0,Medium,60.84,69.39,71.7,1792.8872000000001
STU10271,Jasmin Alvarado,22,Female,85.05,17.28,54.47,49.28,51.22,No,3,Low,45.38,50.25,52.36,1469.664
STU10272,Veronica Simpson,24,Female,85.89,30.36,81.96,85.15,77.91,Yes,1,Medium,82.48,81.53,81.745,2607.6204
STU10273,Jonathan Lawrence,24,Female,78.84,14.68,69.37,57.55,62.48,No,2,High,65.48,60.015,64.6925,1157.3712
STU10274,Shelly Alexander,24,Male,92.1,24.63,78.81,81.87,81.42,Yes,0,Low,72.25,81.64500000000001,80.2275,2268.423
STU10275,Joyce Bowen,17,Female,82.1,22.14,68.76,72.09,71.71,No,2,Medium,65.39,71.9,70.33000000000001,1817.694
STU10276,Matthew Moore,20,Male,69.39,27.57,57.71,64.76,55.31,No,1,Low,54.65,60.035000000000004,58.8725,1913.0823
STU10277,Wayne Morgan,17,Male,92.03,16.0,75.63,63.16,73.48,No,3,Medium,70.0,68.32,71.975,1472.48
STU10278,Marie Christian,22,Other,84.98,15.6,80.1,72.36,66.79,Yes,2,Medium,75.9,69.575,74.8375,1325.688
STU10279,Shannon James,17,Male,73.57,26.58,68.9,73.06,69.05,No,2,Medium,64.68,71.055,69.9775,1955.4905999999996
STU10280,Nathan Malone,18,Female,73.21,22.55,73.15,63.74,71.61,No,1,High,68.26,67.675,70.4125,1650.8854999999999
STU10281,Amanda Jones,20,Female,80.97,10.73,53.92,39.44,54.94,No,3,Medium,55.18,47.19,50.555,868.8081
STU10282,Tammie Bright,20,Female,82.63,16.76,72.98,61.75,64.21,Yes,1,Medium,67.69,62.98,67.98,1384.8788
STU10283,Jessica Garcia,22,Female,79.97,22.32,69.86,75.6,65.25,No,2,Medium,73.59,70.425,70.1425,1784.9304
STU10284,Shelia Wallace,23,Male,81.11,25.03,69.63,75.81,59.48,No,2,Low,60.53,67.645,68.63749999999999,2030.1833000000001
STU10285,Stephanie Williams,18,Male,95.0,15.92,68.82,55.01,63.89,Yes,2,Medium,59.88,59.45,64.13499999999999,1512.4
STU10286,Elaine Brooks,19,Female,88.72,5.0,61.23,40.04,47.61,Yes,1,Medium,49.2,43.825,52.5275,443.6
STU10287,Joseph Knight,17,Male,79.91,23.14,75.84,78.18,65.92,Yes,1,Medium,71.73,72.05000000000001,73.94500000000001,1849.1173999999999
STU10288,Carolyn Miller,21,Male,87.41,12.68,59.65,46.15,48.56,No,1,Medium,50.96,47.355000000000004,53.5025,1108.3588
STU10289,Lisa Allen,17,Male,67.67,7.9,54.82,47.08,46.9,Yes,3,Medium,63.11,46.989999999999995,50.905,534.5930000000001
STU10290,Briana Murray,24,Male,81.98,5.0,61.0,42.55,52.5,Yes,1,High,54.33,47.525,54.2625,409.90000000000003
STU10291,David Smith,17,Male,96.09,24.88,73.16,81.94,74.87,No,2,High,68.65,78.405,75.7825,2390.7192
STU10292,Stephanie Byrd,19,Male,75.82,20.77,82.44,66.99,64.46,Yes,1,Low,64.61,65.725,74.0825,1574.7813999999998
STU10293,Jeremy Reed,17,Female,69.52,18.65,59.89,63.54,62.45,Yes,2,Medium,68.45,62.995000000000005,61.4425,1296.5479999999998
STU10294,Margaret Coleman,18,Female,71.48,28.33,68.74,71.56,62.36,Yes,3,Medium,59.43,66.96000000000001,67.85,2025.0284
STU10295,Ryan Gonzalez,18,Female,67.1,23.82,61.67,63.58,53.32,No,1,Medium,49.93,58.45,60.06,1598.322
STU10296,John Young,20,Male,70.15,29.7,86.44,69.47,69.73,No,3,High,68.97,69.6,78.02,2083.455
STU10297,Laura Haney,22,Male,74.29,11.64,66.73,41.39,62.52,Yes,1,High,53.81,51.955,59.3425,864.7356000000001
STU10298,William Barrett,23,Male,63.94,19.79,57.87,54.71,53.87,No,2,Medium,44.15,54.29,56.08,1265.3726
STU10299,Keith Jennings,21,Female,78.16,10.3,71.22,57.74,58.95,Yes,0,Medium,49.49,58.345,64.7825,805.048
STU10300,Amber Obrien,24,Female,87.02,18.62,74.25,59.55,56.6,No,3,Low,59.55,58.075,66.1625,1620.3124
STU10301,Tanner Mitchell DDS,17,Male,68.92,18.51,67.33,54.05,55.17,Yes,2,Medium,60.81,54.61,60.97,1275.7092000000002
STU10302,Heather Fields,17,Female,93.19,23.76,76.5,76.15,73.24,Yes,3,High,70.65,74.695,75.5975,2214.1944000000003
STU10303,Megan Le,19,Male,83.11,20.27,67.19,66.89,61.61,Yes,0,Medium,61.87,64.25,65.72,1684.6397
STU10304,Sara Fuller,22,Female,88.31,23.74,79.31,72.99,62.64,Yes,0,Medium,68.48,67.815,73.5625,2096.4793999999997
STU10305,Maria Parker,18,Female,71.42,24.22,66.71,70.31,57.99,Yes,0,Medium,53.8,64.15,65.43,1729.7924
STU10306,Kevin Oconnor,21,Female,86.55,32.93,95.0,83.5,87.06,No,2,Medium,85.25,85.28,90.14,2850.0915
STU10307,Edward Burgess,20,Female,67.08,18.11,55.62,51.46,58.06,No,3,Medium,54.48,54.760000000000005,55.19,1214.8188
STU10308,Carlos Ryan,18,Female,86.9,14.35,80.56,75.8,67.67,Yes,1,Medium,72.19,71.735,76.14750000000001,1247.015
STU10309,Kiara Mcintyre,24,Male,79.72,21.48,71.14,66.84,67.6,Yes,0,Medium,68.56,67.22,69.18,1712.3856
STU10310,Dawn Summers,22,Female,83.53,15.19,71.14,61.91,57.38,Yes,0,High,76.93,59.644999999999996,65.3925,1268.8207
STU10311,Dr. Paul Morgan,24,Male,66.24,28.89,77.55,89.11,78.6,Yes,1,High,68.59,83.85499999999999,80.70249999999999,1913.6735999999999
STU10312,Victor Taylor,23,Female,69.05,18.3,61.02,48.54,53.38,No,1,Low,43.26,50.96,55.99,1263.615
STU10313,Shannon Ramsey,20,Female,83.97,16.61,76.26,70.07,72.76,Yes,1,High,80.45,71.41499999999999,73.8375,1394.7417
STU10314,Tracy Ballard,23,Female,68.52,17.17,45.47,57.3,41.1,No,0,Medium,49.79,49.2,47.335,1176.4884
STU10315,Richard Smith,19,Male,82.63,24.31,70.03,66.71,67.77,Yes,5,High,68.92,67.24,68.63499999999999,2008.7352999999998
STU10316,Jordan Chambers,24,Female,64.33,19.05,57.6,60.42,54.13,Yes,2,High,54.03,57.275000000000006,57.4375,1225.4865
STU10317,Lauren Carson,19,Female,86.48,16.15,62.12,51.46,61.31,Yes,1,Medium,57.3,56.385000000000005,59.2525,1396.652
STU10318,Ashley Hall,17,Female,65.67,29.99,70.76,68.36,66.4,Yes,2,High,64.82,67.38,69.07,1969.4433
STU10319,Stephen Hoffman,23,Male,83.52,14.86,71.51,63.37,64.24,Yes,1,Medium,54.29,63.80499999999999,67.6575,1241.1072
STU10320,Connie Brown,22,Male,84.26,20.21,77.77,74.18,67.03,No,1,Medium,72.5,70.605,74.1875,1702.8946
STU10321,Susan Turner,24,Male,71.03,23.91,71.84,74.86,69.45,Yes,2,Medium,54.66,72.155,71.9975,1698.3273000000002
STU10322,Charles Shah,21,Male,83.82,10.21,61.02,60.55,59.01,Yes,0,High,55.02,59.78,60.400000000000006,855.8022
STU10323,Johnathan Davis,20,Female,80.6,22.88,75.84,69.96,62.79,No,1,High,63.28,66.375,71.1075,1844.1279999999997
STU10324,Brandy Chavez,18,Male,72.61,13.67,64.48,62.19,54.26,Yes,0,Medium,69.23,58.224999999999994,61.3525,992.5787
STU10325,Natalie Bautista,22,Other,67.91,24.94,76.17,69.08,57.03,No,0,Medium,59.23,63.055,69.6125,1693.6754
STU10326,Patrick Moore,22,Male,58.37,14.22,63.74,59.1,52.12,Yes,2,Medium,55.78,55.61,59.675,830.0214
STU10327,Brett Burns,19,Male,81.5,24.16,74.73,72.24,73.25,Yes,1,High,65.75,72.745,73.73750000000001,1969.04
STU10328,Trevor Johnson,23,Female,62.35,26.63,62.3,67.14,58.66,No,2,Medium,62.71,62.9,62.599999999999994,1660.3805
STU10329,Jeremy Sampson,24,Female,78.95,25.17,69.63,71.39,62.5,No,3,High,83.52,66.945,68.2875,1987.1715000000002
STU10330,Ariana Jennings,24,Female,75.37,21.51,66.36,53.77,61.14,Yes,2,Medium,62.27,57.455,61.9075,1621.2087000000001
STU10331,Vanessa Howard,17,Female,84.79,18.61,69.74,56.84,57.1,Yes,2,Medium,58.51,56.97,63.355,1577.9419
STU10332,Colton Martinez,17,Female,74.98,16.54,68.45,60.65,60.66,No,0,Medium,45.73,60.655,64.55250000000001,1240.1692
STU10333,Jordan Bates,20,Male,74.71,28.83,80.07,67.33,65.63,Yes,3,High,73.42,66.47999999999999,73.27499999999999,2153.8893
STU10334,Linda Smith,19,Other,85.32,15.8,69.83,66.15,68.55,Yes,0,Medium,58.72,67.35,68.59,1348.056
STU10335,Dana Martinez,22,Other,81.35,13.78,67.3,62.78,53.91,No,1,High,54.73,58.345,62.8225,1121.003
STU10336,Andrea Hubbard,24,Female,81.16,23.99,75.26,73.06,63.89,No,1,Low,67.49,68.475,71.8675,1947.0283999999997
STU10337,Daniel Kane,21,Male,82.69,15.22,65.12,51.06,49.01,No,0,Medium,50.02,50.035,57.5775,1258.5418
STU10338,Charles Lester,19,Female,62.64,14.3,53.59,56.89,49.9,No,1,High,50.83,53.394999999999996,53.4925,895.7520000000001
STU10339,Scott Thomas,20,Male,85.57,11.34,54.88,61.17,63.79,No,2,High,64.82,62.480000000000004,58.68000000000001,970.3637999999999
STU10340,David Thompson,20,Male,84.12,17.1,65.75,60.85,58.61,No,0,High,55.99,59.730000000000004,62.74,1438.4520000000002
STU10341,Allison Smith,19,Male,67.83,19.5,69.09,65.4,58.08,No,1,Low,47.21,61.74,65.415,1322.685
STU10342,Cynthia Morris,20,Male,75.56,21.46,65.33,64.01,64.74,Yes,4,Low,62.56,64.375,64.85249999999999,1621.5176000000001
STU10343,Anthony Harmon,19,Female,77.61,25.71,72.38,73.89,72.06,Yes,3,Medium,73.61,72.975,72.6775,1995.3531
STU10344,Nichole Alvarez,18,Female,76.66,23.16,75.14,69.12,65.38,No,2,Low,57.82,67.25,71.195,1775.4456
STU10345,Kayla Rodriguez,19,Female,81.34,18.85,74.38,65.8,68.75,No,2,High,62.98,67.275,70.8275,1533.2590000000002
STU10346,Theresa Williams,23,Male,92.31,18.81,67.53,68.74,60.77,Yes,4,Medium,58.61,64.755,66.1425,1736.3510999999999
STU10347,Sharon Boyd,19,Male,88.82,23.06,83.65,89.72,85.33,Yes,2,Medium,83.68,87.525,85.5875,2048.1892
STU10348,Victor Brown,20,Male,64.88,27.64,78.19,65.97,74.18,No,2,Low,74.1,70.075,74.1325,1793.2831999999999
STU10349,James Parks,24,Other,84.22,20.76,65.31,62.4,64.15,No,1,Medium,66.59,63.275000000000006,64.2925,1748.4072
STU10350,Theodore Jones Jr.,23,Male,91.29,17.19,67.78,54.8,50.74,Yes,2,Medium,58.1,52.769999999999996,60.275,1569.2751000000003
STU10351,Ana Hill,20,Female,81.87,14.04,75.91,72.13,65.4,No,1,Low,65.71,68.765,72.3375,1149.4548
STU10352,Kimberly Nguyen,17,Female,88.91,11.33,67.47,52.67,62.9,No,3,Medium,54.88,57.785,62.6275,1007.3503
STU10353,Kerry Chavez DDS,17,Male,98.12,24.0,65.51,58.78,61.02,No,4,Medium,64.99,59.900000000000006,62.705000000000005,2354.88
STU10354,Michael Farrell,24,Female,88.24,23.47,66.93,70.59,72.14,No,2,High,62.22,71.36500000000001,69.14750000000001,2070.9928
STU10355,Patricia Le,24,Female,80.49,23.46,71.87,79.16,71.9,Yes,2,Medium,68.96,75.53,73.7,1888.2954
STU10356,Jesse Perez,23,Female,88.45,19.23,65.7,66.27,60.35,No,0,Medium,67.14,63.31,64.505,1700.8935000000001
STU10357,Jesse Perry,18,Female,79.45,28.44,73.79,75.35,68.25,Yes,0,High,74.44,71.8,72.795,2259.558
STU10358,Jeffery Ortega,24,Male,78.24,17.1,68.49,63.34,57.32,No,0,High,63.42,60.33,64.41,1337.904
STU10359,Christian Leblanc,17,Male,74.49,25.73,83.04,84.77,72.72,Yes,3,High,77.62,78.745,80.89250000000001,1916.6277
STU10360,Ronald Davis,19,Female,93.63,19.77,74.26,62.75,63.91,Yes,2,High,63.68,63.33,68.795,1851.0650999999998
STU10361,Parker Cain,20,Female,69.82,16.35,71.88,60.56,66.19,Yes,2,Medium,62.81,63.375,67.6275,1141.557
STU10362,Laurie Hoffman,17,Male,93.32,23.56,88.82,76.67,87.17,Yes,0,Medium,82.8,81.92,85.37,2198.6191999999996
STU10363,Bryan Gomez,17,Female,83.0,22.46,83.96,67.68,62.52,No,4,Low,61.82,65.10000000000001,74.53,1864.18
STU10364,Nicole Parrish,18,Female,64.01,22.14,68.1,61.81,48.65,No,3,Medium,53.67,55.230000000000004,61.665,1417.1814000000002
STU10365,Tracy Burke,23,Female,81.68,20.49,58.27,65.3,58.36,No,1,High,57.2,61.83,60.05,1673.6232
STU10366,Kenneth Lewis,23,Male,57.0,19.77,64.86,62.57,48.41,No,2,Medium,50.83,55.489999999999995,60.175,1126.8899999999999
STU10367,Courtney Rodriguez,22,Female,84.26,34.33,90.07,92.73,81.06,Yes,2,High,77.81,86.89500000000001,88.4825,2892.6458000000002
STU10368,Holly Farmer,18,Female,86.85,27.11,78.15,76.95,75.4,No,3,High,74.02,76.17500000000001,77.16250000000001,2354.5035
STU10369,Renee Bruce,19,Male,72.08,24.34,83.08,77.95,78.25,No,0,Medium,68.01,78.1,80.59,1754.4271999999999
STU10370,Sabrina Austin,23,Male,79.24,20.67,77.18,64.17,66.33,No,0,High,56.28,65.25,71.215,1637.8908000000001
STU10371,Allison Hickman,20,Other,97.54,26.04,86.22,78.75,76.28,Yes,1,Medium,91.72,77.515,81.8675,2539.9416
STU10372,Debra White,24,Male,72.94,23.11,77.96,72.12,57.22,No,5,Medium,56.71,64.67,71.315,1685.6434
STU10373,Ellen Morgan,18,Female,67.41,20.16,68.41,64.18,60.02,No,2,High,59.84,62.10000000000001,65.255,1358.9856
STU10374,Sergio Knight,24,Female,92.82,18.18,57.4,59.14,59.71,Yes,0,Medium,59.83,59.425,58.412499999999994,1687.4676
STU10375,Charles Schultz,17,Male,97.63,19.51,74.22,67.31,72.26,No,2,High,67.37,69.785,72.0025,1904.7613000000001
STU10376,Paul Lewis,20,Female,78.04,5.0,68.1,47.49,52.52,No,3,Medium,53.04,50.005,59.052499999999995,390.20000000000005
STU10377,Glen Wood,20,Male,88.11,21.26,69.47,85.1,69.55,Yes,0,Medium,64.71,77.32499999999999,73.3975,1873.2186000000002
STU10378,Paula Bradley,17,Female,91.41,17.07,71.95,69.52,60.41,No,2,High,70.2,64.965,68.45750000000001,1560.3687
STU10379,Anthony Moore,18,Male,70.58,29.56,66.61,72.78,51.45,No,2,Medium,58.72,62.115,64.3625,2086.3448
STU10380,Megan Nelson,17,Female,73.15,20.12,80.83,68.48,61.35,No,2,Medium,67.56,64.915,72.8725,1471.7780000000002
STU10381,Karla Ramos,24,Male,90.31,12.87,81.9,62.95,60.91,Yes,0,Low,70.4,61.93,71.915,1162.2897
STU10382,Paul Wilson,22,Male,94.85,19.7,70.54,65.23,68.17,No,5,High,66.62,66.7,68.62,1868.5449999999998
STU10383,Douglas Gregory,20,Other,83.63,13.72,69.09,60.47,59.48,Yes,2,Low,62.81,59.974999999999994,64.5325,1147.4036
STU10384,Mr. Andrew Foster,21,Male,69.2,22.84,63.9,51.34,51.48,Yes,1,High,65.37,51.41,57.655,1580.528
STU10385,Aimee Turner,21,Female,97.87,21.75,83.68,65.97,67.03,No,1,Medium,67.65,66.5,75.09,2128.6725
STU10386,Chad Scott,24,Male,72.69,25.75,75.67,68.24,48.74,No,0,Medium,62.03,58.489999999999995,67.08,1871.7675
STU10387,Adam Burgess,19,Female,74.65,15.25,71.22,61.6,68.96,No,0,High,60.18,65.28,68.25,1138.4125000000001
STU10388,James Padilla,23,Male,81.42,20.2,74.03,65.6,60.15,Yes,0,Medium,69.89,62.875,68.4525,1644.684
STU10389,Sandra Drake,17,Other,93.54,11.81,91.23,79.03,76.24,Yes,1,Medium,72.14,77.63499999999999,84.4325,1104.7074
STU10390,Scott Williams,17,Male,86.54,24.21,69.37,59.7,55.21,No,1,High,65.5,57.455,63.4125,2095.1334
STU10391,Thomas Atkins,19,Male,82.15,23.11,62.06,58.64,63.53,Yes,3,High,69.8,61.085,61.572500000000005,1898.4865
STU10392,Laura Mckinney,19,Male,82.63,22.97,71.38,77.32,69.29,No,0,Medium,59.14,73.305,72.3425,1898.0110999999997
STU10393,Brian Smith,24,Male,78.44,20.01,59.41,59.32,53.11,No,2,Medium,51.45,56.215,57.8125,1569.5844000000002
STU10394,Robert Montgomery,24,Female,83.58,22.49,63.73,68.96,61.2,No,1,High,58.94,65.08,64.405,1879.7142
STU10395,Tamara Davis,19,Male,52.7,29.63,59.81,77.14,66.86,Yes,0,High,69.3,72.0,65.905,1561.501
STU10396,Dana Chapman,20,Female,75.03,18.29,61.36,53.55,54.86,No,2,High,49.47,54.205,57.7825,1372.2987
STU10397,Jennifer Collins,24,Male,80.41,20.83,65.06,61.98,59.64,No,4,Medium,61.9,60.81,62.935,1674.9402999999998
STU10398,Gary Jackson,22,Male,66.49,13.48,64.66,52.71,49.67,Yes,2,High,59.56,51.19,57.925,896.2851999999999
STU10399,Ashley Hicks,24,Female,81.86,14.79,64.55,45.27,45.34,Yes,2,Medium,53.84,45.30500000000001,54.9275,1210.7094
STU10400,Hannah Luna,17,Female,75.96,20.59,68.54,61.96,60.07,Yes,1,Low,65.22,61.015,64.7775,1564.0163999999997
STU10401,Robin Young,24,Male,95.55,26.62,88.11,87.26,82.12,Yes,1,Medium,68.16,84.69,86.4,2543.541
STU10402,Craig Morrison,20,Male,93.73,18.46,70.05,67.76,72.48,No,1,Low,67.36,70.12,70.08500000000001,1730.2558000000001
STU10403,Mary Thompson,19,Male,73.34,18.58,65.49,63.79,48.67,No,1,Low,50.73,56.230000000000004,60.86,1362.6571999999999
STU10404,Kathleen Webster,17,Female,76.49,17.56,70.45,59.95,55.31,No,2,Medium,48.87,57.63,64.04,1343.1644
STU10405,Joann Glass,24,Female,77.26,16.79,54.07,48.64,48.5,No,2,Low,40.87,48.57,51.32,1297.1954
STU10406,Madison Weber,20,Male,73.48,21.77,52.94,63.67,55.49,No,2,Medium,64.56,59.58,56.26,1599.6596
STU10407,Lori Hernandez,22,Female,79.95,11.02,67.12,51.85,56.9,Yes,4,Low,58.75,54.375,60.7475,881.049
STU10408,Jeremy Turner,24,Female,70.42,27.69,76.0,75.53,66.51,No,1,Medium,69.9,71.02000000000001,73.51,1949.9298000000001
STU10409,Anthony Romero,20,Female,66.69,16.01,77.33,64.59,65.05,No,3,Low,64.76,64.82,71.07499999999999,1067.7069000000001
STU10410,Jesse Brown,22,Female,84.23,24.33,76.83,81.35,67.69,No,4,Low,58.37,74.52,75.675,2049.3159
STU10411,Angela Lin,19,Male,84.3,12.38,73.12,65.62,70.09,No,2,Medium,66.13,67.855,70.48750000000001,1043.634
STU10412,Lisa Hunter,24,Male,69.96,24.01,68.42,58.46,60.57,No,1,Medium,64.53,59.515,63.9675,1679.7395999999999
STU10413,Julian Conner,22,Male,86.95,24.03,78.68,66.47,66.59,No,2,High,66.04,66.53,72.605,2089.4085
STU10414,Joanna Pacheco,17,Male,71.68,22.31,80.96,75.25,77.01,No,1,High,79.0,76.13,78.54499999999999,1599.1808
STU10415,Erica Alvarez,19,Female,80.53,14.03,52.17,48.99,59.29,Yes,2,High,53.33,54.14,53.155,1129.8359
STU10416,Antonio Garcia,17,Female,86.2,21.5,77.43,67.83,72.75,No,3,Medium,69.21,70.28999999999999,73.86,1853.3
STU10417,Gwendolyn Klein,21,Male,77.66,12.9,80.04,69.49,52.77,No,0,Medium,62.06,61.129999999999995,70.58500000000001,1001.814
STU10418,Carrie Wright,18,Male,82.55,18.48,72.93,66.12,73.07,Yes,2,Low,68.99,69.595,71.2625,1525.524
STU10419,Jeffrey Mills,24,Male,72.84,26.18,84.02,77.37,75.03,Yes,4,High,72.6,76.2,80.11,1906.9512
STU10420,Jake Campbell,22,Female,76.04,24.78,68.36,72.18,74.43,No,1,Low,68.89,73.305,70.83250000000001,1884.2712000000001
STU10421,George Harper,18,Male,75.94,20.09,69.21,61.49,67.12,Yes,2,Medium,65.74,64.305,66.7575,1525.6345999999999
STU10422,Maria Jones,18,Female,70.53,14.15,63.35,64.04,66.58,Yes,1,Medium,50.61,65.31,64.33,997.9995
STU10423,Michael Mitchell,22,Male,76.23,23.87,56.68,55.55,58.92,No,5,Medium,67.46,57.235,56.957499999999996,1819.6101
STU10424,Mary Escobar,19,Male,62.51,20.12,55.91,59.05,59.48,No,0,High,49.48,59.265,57.5875,1257.7012
STU10425,Felicia Aguilar,24,Other,73.09,6.08,50.81,49.33,59.64,No,1,High,64.51,54.485,52.6475,444.3872
STU10426,Gregory Ponce,21,Other,75.15,24.7,78.1,64.44,66.0,Yes,2,High,66.6,65.22,71.66,1856.2050000000002
STU10427,Jenna Larson,17,Male,75.44,19.85,75.18,64.7,56.18,Yes,2,Medium,59.57,60.44,67.81,1497.4840000000002
STU10428,Emily Bennett,20,Female,75.59,27.21,76.55,81.0,68.72,Yes,4,High,74.58,74.86,75.705,2056.8039000000003
STU10429,Robin Santiago,17,Female,77.38,13.43,71.12,65.88,65.38,Yes,0,Medium,58.27,65.63,68.375,1039.2133999999999
STU10430,Nancy Jennings,20,Female,82.79,5.0,60.47,45.01,53.85,Yes,2,High,44.35,49.43,54.95,413.95000000000005
STU10431,Maria Henderson,17,Male,86.75,21.67,83.28,69.57,64.61,No,1,Medium,65.98,67.09,75.185,1879.8725000000002
STU10432,Jack White,22,Female,71.5,21.75,68.89,70.35,54.88,No,2,Medium,61.46,62.614999999999995,65.7525,1555.125
STU10433,Travis Tucker,21,Female,65.97,9.86,58.7,54.86,49.23,Yes,0,Medium,60.09,52.045,55.3725,650.4642
STU10434,Chad Jones,24,Female,67.58,14.13,60.06,45.52,54.51,Yes,0,Medium,44.37,50.015,55.0375,954.9054
STU10435,Ashley Wise,20,Male,73.13,36.53,84.61,79.5,79.97,Yes,1,High,79.92,79.735,82.1725,2671.4389
STU10436,Sophia Johnson,24,Male,74.48,18.17,64.56,60.66,63.31,Yes,3,High,62.4,61.985,63.2725,1353.3016000000002
STU10437,Ralph Anderson,24,Male,70.3,24.39,77.03,75.12,72.6,Yes,3,Medium,69.39,73.86,75.445,1714.617
STU10438,Christopher Guerra,24,Female,65.04,16.1,54.36,49.1,48.81,No,0,Medium,53.53,48.955,51.6575,1047.1440000000002
STU10439,Rhonda Martin,23,Male,73.44,7.46,51.91,46.68,40.48,Yes,2,Medium,44.06,43.58,47.745,547.8624
STU10440,Jason Rhodes,19,Female,79.81,18.98,75.02,62.06,61.66,Yes,2,High,66.29,61.86,68.44,1514.7938000000001
STU10441,Jeremy Mitchell,17,Other,83.95,18.41,70.85,51.24,58.23,Yes,1,Medium,65.86,54.735,62.7925,1545.5195
STU10442,Joann Ferguson,24,Male,72.43,17.6,63.11,55.25,53.43,No,2,Low,57.5,54.34,58.725,1274.7680000000003
STU10443,Robert Harrison,17,Female,73.87,19.31,74.3,66.01,64.16,Yes,3,Medium,57.0,65.08500000000001,69.6925,1426.4297
STU10444,Holly Valentine,24,Male,68.73,21.59,63.35,59.49,58.95,Yes,2,Low,51.54,59.22,61.285,1483.8807000000002
STU10445,Mrs. Diane Reyes,20,Female,77.69,19.1,68.04,55.43,63.02,Yes,1,High,61.3,59.225,63.63250000000001,1483.8790000000001
STU10446,Tracy Montoya,19,Male,69.52,12.42,71.3,46.45,53.73,No,1,Medium,57.72,50.09,60.695,863.4384
STU10447,Brenda Wright,19,Female,83.73,22.92,85.31,72.84,62.58,Yes,0,Medium,66.25,67.71000000000001,76.51,1919.0916000000002
STU10448,Shelly Spencer,22,Female,60.14,8.3,65.87,55.1,51.95,Yes,4,High,56.13,53.525000000000006,59.697500000000005,499.16200000000003
STU10449,Ryan Rosales,23,Female,74.4,7.7,58.18,53.91,54.33,Yes,1,Low,58.15,54.12,56.15,572.8800000000001
STU10450,Phillip Nelson,22,Female,81.01,24.44,83.13,82.94,80.44,Yes,1,Medium,72.91,81.69,82.41,1979.8844000000001
STU10451,Brittany Kim,22,Female,79.84,23.04,66.42,60.36,57.5,Yes,2,Medium,69.22,58.93,62.675,1839.5136
STU10452,Courtney Hayes,22,Female,100.0,19.66,72.41,60.6,69.12,Yes,1,Medium,57.67,64.86,68.63499999999999,1966.0
STU10453,Alexander Brown,22,Female,81.5,11.63,49.29,48.71,52.05,Yes,1,Medium,49.25,50.379999999999995,49.834999999999994,947.845
STU10454,Cynthia Vang,22,Female,67.96,15.75,74.92,65.99,63.13,Yes,3,High,56.7,64.56,69.74000000000001,1070.37
STU10455,Alfred Galvan,21,Male,77.05,18.42,62.67,61.15,63.4,Yes,2,High,63.38,62.275,62.4725,1419.261
STU10456,Marie Moody,19,Female,60.24,10.42,55.5,33.84,40.01,Yes,5,High,50.45,36.925,46.2125,627.7008000000001
STU10457,Dustin Gallegos,22,Female,77.19,15.57,60.4,49.75,51.11,Yes,1,High,54.53,50.43,55.415,1201.8482999999999
STU10458,Brenda Thornton,24,Female,69.67,23.91,74.47,69.27,64.18,No,2,Medium,60.0,66.725,70.5975,1665.8097
STU10459,Aaron Miller,19,Male,87.15,28.56,77.22,79.81,69.19,No,0,Medium,60.93,74.5,75.86,2489.004
STU10460,Ruben Dunn,19,Female,72.5,17.48,57.1,58.99,57.67,No,5,Medium,65.73,58.33,57.715,1267.3
STU10461,Kelsey Rodriguez,18,Male,76.83,24.54,76.0,72.43,63.75,No,0,High,65.66,68.09,72.045,1885.4081999999999
STU10462,Eric Williams,21,Female,71.64,8.52,49.58,44.09,48.24,No,1,Medium,43.59,46.165000000000006,47.8725,610.3728
STU10463,Riley Bryant,22,Male,95.39,23.96,74.07,72.35,69.82,No,1,Medium,77.81,71.085,72.57749999999999,2285.5444
STU10464,Taylor Carlson,17,Female,74.79,15.18,50.79,53.19,52.43,No,0,Medium,48.15,52.81,51.8,1135.3122
STU10465,Jose Allen,20,Other,96.33,21.84,68.85,69.03,65.23,Yes,3,Medium,62.32,67.13,67.99,2103.8472
STU10466,Jeffrey Mendez,23,Male,86.14,18.51,73.66,66.18,64.48,Yes,3,Medium,61.82,65.33000000000001,69.495,1594.4514000000001
STU10467,Jason Beck,24,Other,82.82,27.92,63.92,66.96,62.85,No,1,High,58.6,64.905,64.4125,2312.3343999999997
STU10468,William Jones,17,Male,81.69,14.75,57.63,53.63,56.29,No,1,Medium,47.97,54.96,56.295,1204.9275
STU10469,Katie Mcneil,21,Female,81.94,23.77,74.4,73.41,68.1,Yes,0,High,65.0,70.755,72.5775,1947.7138
STU10470,Jeanette Harrison,20,Female,58.72,18.32,57.51,55.6,59.86,No,5,Medium,68.21,57.730000000000004,57.620000000000005,1075.7504
STU10471,Veronica King,21,Female,75.21,19.05,82.36,72.25,64.2,Yes,0,High,60.97,68.225,75.29249999999999,1432.7504999999999
STU10472,Richard Cooper,24,Female,86.45,18.9,85.65,80.82,75.23,Yes,1,High,66.77,78.025,81.8375,1633.905
STU10473,Lori Ingram,19,Female,77.51,14.93,60.38,55.99,48.36,Yes,2,High,58.07,52.175,56.2775,1157.2243
STU10474,Evelyn Williams,20,Male,63.95,19.92,68.42,58.06,58.92,Yes,2,Low,54.6,58.49,63.455,1273.8840000000002
STU10475,Robin Thompson,19,Male,77.48,19.62,74.97,71.94,61.34,Yes,3,Medium,69.33,66.64,70.805,1520.1576000000002
STU10476,Julie Dominguez,24,Female,95.04,21.45,73.85,61.23,64.89,No,0,Medium,60.56,63.06,68.455,2038.6080000000002
STU10477,Robin Brown,17,Female,90.47,20.51,65.08,56.81,58.9,No,1,Medium,53.96,57.855000000000004,61.4675,1855.5397
STU10478,Judith Carter,24,Female,77.38,24.79,73.22,72.34,67.83,No,3,Medium,76.09,70.08500000000001,71.6525,1918.2501999999997
STU10479,Curtis Williams,17,Female,87.51,25.54,76.67,77.0,68.52,Yes,0,High,61.8,72.75999999999999,74.715,2235.0054
STU10480,Kaylee Hays,20,Male,74.33,13.7,61.27,45.99,49.43,No,2,Low,49.96,47.71,54.49,1018.3209999999999
STU10481,Dawn Mullins,20,Female,60.96,25.21,70.13,65.06,66.69,Yes,1,Medium,65.85,65.875,68.0025,1536.8016
STU10482,Howard Norman,22,Male,68.76,12.88,56.26,45.77,50.89,Yes,0,Medium,54.71,48.33,52.295,885.6288000000001
STU10483,Evelyn Martinez,21,Female,93.63,23.53,70.86,66.59,64.03,No,2,High,65.28,65.31,68.08500000000001,2203.1139
STU10484,Steve Paul,22,Male,75.26,23.72,72.47,74.39,65.2,Yes,5,High,61.1,69.795,71.1325,1785.1672
STU10485,Jasmine Beltran,21,Male,75.57,8.53,63.9,54.62,64.82,Yes,1,Medium,67.34,59.72,61.81,644.6120999999999
STU10486,Jonathan Glass MD,22,Male,75.0,20.56,61.16,59.53,56.07,Yes,3,Low,52.59,57.8,59.48,1542.0
STU10487,Monica Miller,19,Male,97.04,17.19,82.35,67.19,68.3,No,2,High,79.85,67.745,75.0475,1668.1176000000003
STU10488,Samantha Gardner,20,Female,94.26,15.45,61.13,48.85,53.92,Yes,2,Medium,59.56,51.385000000000005,56.25750000000001,1456.317
STU10489,Bobby Guerrero,17,Male,100.0,28.11,80.63,88.17,76.33,No,2,Medium,73.57,82.25,81.44,2811.0
STU10490,Lance Simmons,21,Male,76.41,16.08,65.01,61.42,56.56,No,3,High,62.18,58.99,62.0,1228.6727999999998
STU10491,Heather Williams,24,Male,80.96,15.16,63.54,52.45,50.39,No,0,High,61.88,51.42,57.480000000000004,1227.3536
STU10492,Heather Bolton,21,Male,62.83,20.45,60.49,62.28,49.91,No,0,Medium,52.49,56.095,58.292500000000004,1284.8735
STU10493,William Gould,17,Male,92.77,24.11,92.08,81.2,75.06,Yes,1,Medium,72.08,78.13,85.10499999999999,2236.6847
STU10494,Mark Cox,22,Male,66.32,19.15,58.98,54.58,55.97,Yes,3,Medium,44.64,55.275,57.1275,1270.0279999999998
STU10495,Meghan Cisneros,21,Female,80.17,27.0,93.06,86.11,76.84,Yes,0,Medium,73.57,81.475,87.2675,2164.59
STU10496,Lawrence Harrington,23,Female,67.03,23.19,71.1,62.23,59.04,Yes,1,Medium,64.6,60.635,65.86749999999999,1554.4257
STU10497,Austin Osborne,19,Female,72.11,6.93,59.34,44.02,56.95,No,0,Medium,44.2,50.485,54.9125,499.72229999999996
STU10498,James Bradley,20,Male,69.63,16.82,67.96,60.21,65.26,Yes,4,Low,62.43,62.735,65.3475,1171.1766
STU10499,Meghan Rush,17,Male,71.92,16.63,83.12,64.88,64.77,Yes,1,Medium,64.65,64.82499999999999,73.9725,1196.0295999999998
STU10500,Phillip Berry,20,Female,72.61,22.88,63.1,66.57,56.75,No,1,Medium,62.11,61.66,62.379999999999995,1661.3167999999998
STU10501,Jennifer Banks,23,Female,72.52,5.0,49.67,50.28,45.16,No,0,Medium,31.88,47.72,48.695,362.59999999999997
STU10502,Brian Fitzgerald,21,Male,86.33,35.29,78.95,79.29,76.11,No,3,Medium,64.94,77.7,78.325,3046.5857
STU10503,Mr. Justin Green III,21,Male,66.95,23.19,68.24,55.11,55.54,No,3,Medium,53.42,55.325,61.7825,1552.5705
STU10504,Zachary Mitchell,24,Male,80.21,20.89,59.63,47.61,51.64,No,2,Medium,64.26,49.625,54.6275,1675.5869
STU10505,Katherine Martinez,23,Male,90.18,27.09,80.19,76.6,68.84,No,1,Medium,65.22,72.72,76.455,2442.9762
STU10506,Jodi Roach,17,Male,72.87,34.06,89.84,83.37,71.35,Yes,3,High,75.62,77.36,83.6,2481.9522
STU10507,Brandon Fleming,24,Female,70.82,25.22,72.04,70.65,65.71,No,2,Medium,76.3,68.18,70.11000000000001,1786.0803999999998
STU10508,Emma Reed,19,Female,75.69,25.69,71.21,70.65,58.21,No,3,High,66.83,64.43,67.82,1944.4761
STU10509,Joshua Vance,24,Female,89.8,20.78,71.14,57.19,67.85,Yes,2,Medium,70.23,62.519999999999996,66.83,1866.044
STU10510,Michelle Ho,18,Female,79.94,19.15,76.67,56.51,59.93,Yes,0,Medium,57.17,58.22,67.445,1530.8509999999999
STU10511,Rebecca Hicks,17,Female,72.69,17.15,60.3,57.64,55.07,No,2,Low,58.8,56.355000000000004,58.3275,1246.6335
STU10512,Curtis Taylor,18,Female,82.84,15.04,81.59,67.51,62.07,No,2,Medium,72.36,64.79,73.19,1245.9136
STU10513,Allison Spencer,23,Female,66.98,15.88,76.44,60.48,61.26,Yes,2,High,65.91,60.87,68.655,1063.6424000000002
STU10514,Robert Arnold,22,Male,84.81,11.9,69.05,47.23,56.02,Yes,3,High,59.46,51.625,60.3375,1009.239
STU10515,Angelica Parker,18,Male,82.09,19.54,71.43,67.91,64.94,No,1,High,68.47,66.425,68.92750000000001,1604.0386
STU10516,Dr. Kelly Hammond DVM,19,Male,74.92,9.89,69.11,62.03,68.24,No,1,Medium,50.67,65.13499999999999,67.1225,740.9588000000001
STU10517,William Day,24,Female,69.61,21.15,75.31,69.08,65.35,Yes,1,Medium,70.57,67.215,71.2625,1472.2514999999999
STU10518,Michael Cooper,22,Female,69.13,19.78,60.86,53.1,49.74,Yes,2,Medium,48.47,51.42,56.14,1367.3914
STU10519,Penny Bowman,24,Male,83.35,20.88,69.27,65.49,60.28,No,2,Medium,59.95,62.885,66.0775,1740.3479999999997
STU10520,Vincent Reynolds,18,Female,90.29,16.87,63.67,51.03,61.18,Yes,1,Medium,67.43,56.105000000000004,59.8875,1523.1923000000002
STU10521,Amy Martinez,24,Male,71.63,38.46,83.44,94.02,82.93,No,0,High,84.55,88.475,85.9575,2754.8898
STU10522,Christopher Morris,23,Female,82.58,28.16,82.41,79.42,74.57,Yes,2,High,65.71,76.995,79.7025,2325.4528
STU10523,Hannah Everett,22,Male,57.13,12.53,47.17,32.32,42.69,Yes,0,Medium,35.34,37.504999999999995,42.3375,715.8389
STU10524,Sarah King,23,Male,72.15,21.4,65.65,60.78,61.73,Yes,0,Medium,63.11,61.254999999999995,63.4525,1544.01
STU10525,Krista Martinez,18,Female,77.69,16.35,58.09,57.21,62.99,Yes,2,Low,45.31,60.1,59.095,1270.2315
STU10526,Joseph Shaw,23,Male,68.9,13.91,56.01,48.22,40.51,Yes,0,Medium,55.74,44.364999999999995,50.1875,958.3990000000001
STU10527,Todd Moore,19,Male,68.63,11.96,64.68,51.55,57.74,Yes,0,Medium,55.27,54.644999999999996,59.6625,820.8148
STU10528,Michelle Jacobs,18,Male,71.32,22.59,64.21,55.43,61.06,No,1,High,67.18,58.245000000000005,61.2275,1611.1187999999997
STU10529,Kristy Bryan,18,Female,80.92,15.91,66.4,62.33,54.55,Yes,1,Medium,54.37,58.44,62.42,1287.4372
STU10530,Angel May,18,Female,76.13,25.81,62.13,61.12,53.94,No,3,Medium,53.4,57.53,59.83,1964.9153
STU10531,Marilyn Wang,17,Male,55.62,25.96,66.73,52.69,48.67,Yes,0,Medium,58.13,50.68,58.705,1443.8952
STU10532,Mark Jimenez,24,Female,56.79,28.24,67.17,65.81,54.26,No,3,Low,51.94,60.035,63.6025,1603.7495999999999
STU10533,Donna Frye,17,Female,71.93,14.89,59.09,58.98,53.3,Yes,1,High,49.44,56.14,57.615,1071.0377
STU10534,Dr. Michael Evans,17,Male,82.58,22.85,72.7,66.49,66.45,Yes,2,Medium,69.31,66.47,69.58500000000001,1886.953
STU10535,Anthony Gonzales,19,Male,50.52,23.79,63.12,71.61,61.59,No,0,High,48.83,66.6,64.86,1201.8708000000001
STU10536,Mr. Lawrence Edwards,22,Male,73.0,17.15,60.5,58.58,61.68,No,1,Medium,65.14,60.129999999999995,60.315,1251.9499999999998
STU10537,Morgan Valencia,24,Male,72.74,15.37,54.52,53.13,48.04,No,1,High,53.0,50.585,52.5525,1118.0138
STU10538,Bianca Wood,23,Female,91.88,29.66,95.0,87.36,77.98,No,1,Low,69.78,82.67,88.83500000000001,2725.1607999999997
STU10539,Emma Owens,21,Male,74.15,21.36,65.18,62.08,65.95,No,5,Medium,67.87,64.015,64.5975,1583.844
STU10540,David Davis,18,Female,81.83,23.82,73.73,68.59,69.41,Yes,2,High,76.42,69.0,71.36500000000001,1949.1906
STU10541,James Gilbert,23,Female,79.41,15.07,74.39,60.6,63.54,No,1,High,63.0,62.07,68.23,1196.7087
STU10542,Sean Moore,18,Male,56.69,12.68,81.26,64.96,64.88,No,2,High,76.13,64.91999999999999,73.09,718.8291999999999
STU10543,Kenneth Edwards,19,Female,85.68,16.58,62.17,52.07,56.97,No,4,Medium,70.46,54.519999999999996,58.345,1420.5744
STU10544,Kathleen Robertson,18,Male,80.15,19.26,73.69,59.42,65.24,No,1,High,65.58,62.33,68.00999999999999,1543.6890000000003
STU10545,Mr. Alexander Landry MD,17,Other,83.08,13.61,62.81,48.36,53.85,Yes,1,High,63.6,51.105000000000004,56.9575,1130.7187999999999
STU10546,Cindy Gomez,24,Female,100.0,19.94,75.19,81.57,76.21,Yes,2,Low,79.56,78.88999999999999,77.03999999999999,1994.0000000000002
STU10547,Johnny Khan,21,Female,57.16,9.87,49.73,45.13,37.08,No,1,High,36.35,41.105000000000004,45.417500000000004,564.1691999999999
STU10548,Julie Herrera,20,Female,95.25,13.28,64.52,58.79,58.77,No,1,Medium,61.13,58.78,61.65,1264.9199999999998
STU10549,Jessica Khan,18,Male,75.13,24.03,71.58,62.16,58.45,No,1,Medium,55.36,60.305,65.9425,1805.3739
STU10550,Pamela Diaz,23,Female,80.87,23.62,63.56,68.04,60.36,No,0,Medium,54.98,64.2,63.88,1910.1494000000002
STU10551,Kelly Lee,17,Female,77.54,17.65,75.0,64.19,59.59,Yes,1,High,64.84,61.89,68.445,1368.581
STU10552,Angel Gordon,20,Female,73.76,13.89,64.61,56.7,54.54,Yes,1,Low,54.26,55.620000000000005,60.115,1024.5264000000002
STU10553,Diana Hays,21,Female,72.3,13.84,66.57,50.44,47.84,Yes,0,Medium,42.81,49.14,57.855,1000.632
STU10554,Barbara Hester,20,Female,81.3,17.76,66.69,61.76,63.96,No,3,Medium,63.41,62.86,64.775,1443.8880000000001
STU10555,Robert Morgan,17,Male,62.83,23.87,64.27,60.57,55.85,No,2,Medium,54.03,58.21,61.239999999999995,1499.7521
STU10556,Nicole Gonzalez,24,Male,85.51,25.57,79.12,70.49,60.94,Yes,4,Medium,75.98,65.715,72.4175,2186.4907000000003
STU10557,Kathryn Williams,24,Female,73.84,17.02,58.3,59.17,51.71,No,0,Low,56.76,55.44,56.87,1256.7568
STU10558,Gary Wells,22,Male,66.7,13.08,58.33,41.3,49.89,Yes,0,High,45.57,45.595,51.9625,872.436
STU10559,Larry Robertson,24,Female,73.5,21.61,63.51,65.12,57.01,Yes,2,High,69.39,61.065,62.287499999999994,1588.335
STU10560,Louis Martin,22,Female,90.57,15.06,65.54,62.76,59.53,No,1,High,65.33,61.144999999999996,63.3425,1363.9841999999999
STU10561,Nancy Evans MD,20,Male,72.65,16.89,51.11,45.3,47.9,Yes,2,High,50.43,46.599999999999994,48.855,1227.0585
STU10562,Kim Erickson,19,Male,81.58,27.95,86.57,76.0,74.93,No,0,Medium,67.95,75.465,81.0175,2280.161
STU10563,Robert Richardson,23,Female,70.69,24.96,65.94,64.46,52.6,No,2,Medium,50.07,58.53,62.235,1764.4224
STU10564,Veronica Silva,23,Male,85.58,20.95,82.04,74.23,74.56,No,0,Medium,62.25,74.39500000000001,78.2175,1792.9009999999998
STU10565,Molly Watts,20,Female,84.86,12.37,75.08,60.0,60.25,Yes,2,Low,48.59,60.125,67.60249999999999,1049.7182
STU10566,John Coffey,18,Male,96.49,21.27,69.48,69.61,67.89,Yes,2,High,70.41,68.75,69.11500000000001,2052.3423
STU10567,Paula Lane,18,Female,76.24,26.38,66.34,78.43,65.74,No,1,Low,48.89,72.08500000000001,69.2125,2011.2111999999997
STU10568,Lauren Jackson,24,Male,84.69,17.75,89.22,70.47,70.19,No,0,High,65.27,70.33,79.775,1503.2475
STU10569,Lisa Randall,23,Female,78.98,28.11,88.53,71.6,66.72,No,0,Low,68.64,69.16,78.845,2220.1278
STU10570,Michael Johnson,23,Male,90.96,27.76,80.6,83.37,74.15,Yes,2,High,85.92,78.76,79.68,2525.0496
STU10571,Ashley Smith,22,Female,70.81,29.98,76.11,86.02,79.03,Yes,2,Medium,66.36,82.525,79.3175,2122.8838
STU10572,Christian Vaughn,19,Male,85.45,21.83,70.05,69.08,58.98,No,4,Low,63.68,64.03,67.03999999999999,1865.3735
STU10573,Reginald Knapp,17,Female,76.05,23.52,74.91,63.45,72.1,No,1,High,64.7,67.775,71.3425,1788.696
STU10574,Nancy Brown,18,Female,77.36,28.49,70.87,71.61,64.04,Yes,2,Medium,62.56,67.825,69.3475,2203.9864
STU10575,Daniel Nguyen,23,Male,78.92,22.68,58.22,53.61,55.1,Yes,2,High,59.43,54.355000000000004,56.2875,1789.9056
STU10576,Kelly Edwards,22,Male,80.52,16.99,59.85,60.12,52.66,No,0,Medium,50.64,56.39,58.120000000000005,1368.0348
STU10577,Thomas Peterson,21,Male,76.84,17.31,68.0,52.56,53.71,Yes,2,Low,53.48,53.135000000000005,60.5675,1330.1004
STU10578,Raymond Le,22,Female,80.15,21.43,64.14,60.78,57.24,Yes,0,High,61.25,59.010000000000005,61.575,1717.6145000000001
STU10579,Melissa Bishop,18,Female,93.78,12.26,70.62,53.23,56.88,Yes,1,Medium,67.09,55.055,62.837500000000006,1149.7428
STU10580,David Grant,18,Female,87.85,19.14,66.02,63.08,61.71,Yes,0,High,72.19,62.394999999999996,64.2075,1681.4489999999998
STU10581,William Evans,22,Male,86.69,26.58,72.81,70.44,65.44,No,3,Medium,62.85,67.94,70.375,2304.2201999999997
STU10582,Daniel Bush,17,Male,73.44,6.85,65.14,50.4,64.38,Yes,2,Medium,56.0,57.39,61.265,503.06399999999996
STU10583,Gregory Peck,20,Female,69.11,29.21,74.82,74.49,60.25,Yes,4,Medium,70.05,67.37,71.095,2018.7031
STU10584,Denise Martinez,18,Female,87.55,26.73,78.66,70.16,70.11,Yes,2,Medium,69.02,70.13499999999999,74.3975,2340.2115
STU10585,Jamie Baird,22,Other,86.76,17.24,77.92,70.81,70.65,Yes,1,Medium,72.96,70.73,74.325,1495.7423999999999
STU10586,Tina Ballard,23,Male,92.73,23.26,81.74,74.87,68.01,No,0,Medium,74.37,71.44,76.59,2156.8998
STU10587,Dwayne Klein,22,Female,71.96,20.02,77.92,62.14,66.85,Yes,0,Medium,69.48,64.495,71.20750000000001,1440.6391999999998
STU10588,Jeremy Scott,19,Male,75.7,27.38,71.23,84.83,67.77,No,1,Medium,67.66,76.3,73.765,2072.666
STU10589,Dale Ryan,20,Male,61.61,25.9,64.77,67.95,46.31,Yes,1,Medium,48.29,57.13,60.95,1595.6989999999998
STU10590,Melissa Taylor,21,Female,74.08,11.6,53.64,46.43,53.14,Yes,1,Low,47.22,49.785,51.7125,859.328
STU10591,Laurie Sanchez,17,Female,87.97,23.52,73.65,78.96,65.42,Yes,4,Medium,66.65,72.19,72.92,2069.0544
STU10592,Kiara Little,24,Other,73.34,18.77,74.23,76.1,62.04,Yes,0,Medium,68.72,69.07,71.65,1376.5918
STU10593,Jason Love,21,Male,84.4,20.5,82.21,71.23,74.02,No,2,Low,75.76,72.625,77.41749999999999,1730.2
STU10594,Randy Smith,20,Male,76.09,15.63,73.1,63.97,61.46,Yes,2,Medium,71.65,62.715,67.9075,1189.2867
STU10595,Tanya Russell,20,Female,81.24,30.49,66.28,66.09,67.17,No,0,Low,65.17,66.63,66.455,2477.0076
STU10596,Sherry Woods,20,Female,66.52,26.24,77.56,72.04,71.71,Yes,1,High,63.43,71.875,74.7175,1745.4847999999997
STU10597,Victor Morris,21,Male,78.85,15.56,54.56,50.7,49.39,Yes,1,High,62.67,50.045,52.3025,1226.906
STU10598,Susan Davis,23,Male,48.09,11.99,58.92,49.11,51.39,Yes,0,Low,47.49,50.25,54.585,576.5991
STU10599,Kimberly Sharp,20,Male,76.13,17.69,65.26,61.42,55.79,No,1,Low,48.81,58.605000000000004,61.932500000000005,1346.7397
STU10600,Susan Thompson,22,Female,61.7,22.61,70.42,68.61,72.17,Yes,2,High,71.64,70.39,70.405,1395.037
STU10601,Casey Gillespie,21,Male,90.06,21.44,66.7,66.41,61.14,Yes,1,Medium,62.29,63.775,65.2375,1930.8864
STU10602,Jennifer Simpson DVM,24,Male,85.77,27.52,86.77,73.8,78.48,Yes,2,High,65.08,76.14,81.455,2360.3903999999998
STU10603,Tammy Mcdowell,20,Male,82.67,24.74,65.13,60.72,64.8,Yes,3,High,59.6,62.76,63.94499999999999,2045.2558
STU10604,Keith Rodriguez,22,Male,93.21,25.82,75.68,70.9,71.53,No,0,Medium,67.95,71.215,73.4475,2406.6821999999997
STU10605,Mrs. Virginia Daniels,23,Male,68.51,21.96,60.79,58.36,52.05,Yes,3,Medium,55.29,55.205,57.9975,1504.4796000000001
STU10606,Todd Rosales MD,19,Female,95.47,11.66,59.07,58.83,59.6,No,0,High,53.56,59.215,59.1425,1113.1802
STU10607,Brian Martin,23,Male,87.32,18.83,73.77,59.27,53.26,No,2,High,66.07,56.265,65.0175,1644.2355999999997
STU10608,David Lopez,24,Female,75.63,26.36,86.35,76.64,73.29,Yes,0,Medium,74.18,74.965,80.6575,1993.6067999999998
STU10609,Rachel Bradley,20,Male,89.36,19.69,93.2,83.64,81.51,Yes,2,Medium,70.08,82.575,87.8875,1759.4984000000002
STU10610,Casey Chase,24,Female,66.94,23.02,68.57,63.33,60.22,No,2,Medium,74.59,61.775,65.1725,1540.9587999999999
STU10611,Samantha Robertson,21,Female,69.75,18.09,73.38,66.38,48.0,Yes,4,Medium,51.34,57.19,65.285,1261.7775
STU10612,Michael Lopez,18,Female,71.91,13.82,65.06,54.57,49.92,Yes,3,High,54.32,52.245000000000005,58.6525,993.7962
STU10613,Franklin Wright,20,Female,72.71,19.26,71.06,65.23,58.5,No,2,High,63.89,61.865,66.4625,1400.3946
STU10614,David Molina,18,Male,67.43,21.85,64.87,60.72,58.9,No,0,Medium,53.36,59.81,62.34,1473.3455000000004
STU10615,Elizabeth Sharp,22,Male,90.23,16.07,73.71,68.03,69.1,No,2,High,76.95,68.565,71.13749999999999,1449.9961
STU10616,Matthew Schwartz,19,Female,75.41,18.59,71.94,54.57,58.51,No,3,Medium,57.47,56.54,64.24,1401.8718999999999
STU10617,Bryan Parker,17,Other,81.53,14.36,63.61,53.88,60.6,Yes,1,Medium,52.81,57.24,60.425,1170.7708
STU10618,Jonathan Jacobson,24,Female,72.3,26.72,72.08,72.7,60.0,Yes,1,Medium,67.16,66.35,69.215,1931.8559999999998
STU10619,Emily Wilson,23,Female,59.79,18.23,61.27,59.29,57.21,Yes,2,Medium,38.17,58.25,59.760000000000005,1089.9717
STU10620,Elizabeth Mendez,19,Female,80.7,28.72,83.17,88.62,78.64,No,1,Medium,77.63,83.63,83.4,2317.704
STU10621,Casey Hernandez,20,Male,58.88,29.17,61.51,63.63,57.46,No,2,Medium,63.75,60.545,61.0275,1717.5296
STU10622,Lisa Perry,18,Male,77.31,19.51,69.22,72.24,64.06,Yes,0,High,51.72,68.15,68.685,1508.3181000000002
STU10623,Kaitlin Medina,23,Female,64.32,13.95,73.88,55.67,67.36,Yes,0,High,59.24,61.515,67.69749999999999,897.2639999999999
STU10624,Colleen Wright,18,Female,97.87,7.48,77.53,67.13,72.67,Yes,1,Medium,59.28,69.9,73.715,732.0676000000001
STU10625,Shelley Miller,21,Male,87.11,11.17,77.11,66.08,62.7,No,0,Medium,62.71,64.39,70.75,973.0187
STU10626,Michael Miller,18,Female,79.06,11.76,65.03,48.78,56.89,No,1,Medium,67.83,52.835,58.932500000000005,929.7456
STU10627,Amy Kelley,21,Male,90.64,28.27,83.29,82.16,79.8,Yes,0,High,79.33,80.97999999999999,82.13499999999999,2562.3928
STU10628,Laura Hernandez,22,Female,69.54,20.69,74.31,66.14,60.12,No,1,Medium,58.81,63.129999999999995,68.72,1438.7826000000002
STU10629,Joseph Wilson,23,Male,83.43,22.34,84.93,78.91,79.48,No,2,Low,53.41,79.195,82.0625,1863.8262000000002
STU10630,Kevin Davis,23,Male,80.0,6.68,48.01,39.08,48.39,Yes,3,Low,38.97,43.735,45.8725,534.4
STU10631,Rhonda Chavez,17,Female,80.64,12.81,57.01,49.11,41.56,No,1,Medium,47.77,45.335,51.1725,1032.9984
STU10632,Joyce Brown,20,Male,90.72,25.32,88.18,88.57,81.5,Yes,3,Medium,80.5,85.035,86.6075,2297.0304
STU10633,Robert Cummings,21,Female,85.32,21.72,72.39,67.3,63.93,Yes,0,High,68.65,65.615,69.0025,1853.1503999999998
STU10634,Robert Reese,17,Female,80.89,19.12,66.04,66.58,65.28,Yes,3,High,70.76,65.93,65.98500000000001,1546.6168
STU10635,Amber Cooper,18,Female,61.45,23.39,57.17,57.29,57.07,No,2,Medium,48.14,57.18,57.175,1437.3155000000002
STU10636,Zachary Michael,18,Male,68.4,29.81,69.34,81.81,67.56,No,0,Medium,64.98,74.685,72.0125,2039.0040000000001
STU10637,Timothy Johnson,17,Male,76.77,18.67,58.96,52.84,62.81,Yes,1,Medium,54.61,57.825,58.3925,1433.2959
STU10638,Randy Cannon,23,Male,78.93,20.42,85.5,69.61,69.18,No,2,High,64.03,69.39500000000001,77.4475,1611.7506000000003
STU10639,Maria Fisher,18,Other,66.7,21.16,66.33,71.34,64.65,Yes,3,Medium,57.82,67.995,67.1625,1411.372
STU10640,Janet Kane DVM,24,Female,100.0,34.35,88.64,87.0,85.5,No,2,Medium,84.46,86.25,87.445,3435.0
STU10641,Michael Stanley,22,Female,93.16,7.4,71.56,64.94,65.92,No,1,Medium,47.9,65.43,68.495,689.384
STU10642,Martha Bailey,22,Female,84.02,24.1,82.21,80.66,77.7,Yes,1,Medium,62.77,79.18,80.695,2024.882
STU10643,Joshua Rice,24,Female,78.72,19.31,76.63,66.47,62.86,Yes,1,Medium,83.22,64.66499999999999,70.6475,1520.0831999999998
STU10644,Courtney Smith,17,Female,75.88,23.4,79.25,61.36,62.28,No,1,Medium,58.04,61.82,70.535,1775.5919999999999
STU10645,Edwin Nunez,24,Male,68.48,16.06,59.22,53.76,46.68,Yes,4,Medium,61.29,50.22,54.72,1099.7888
STU10646,Kim Morrow,21,Female,78.77,19.71,68.22,63.75,63.15,No,1,Medium,60.24,63.45,65.83500000000001,1552.5567
STU10647,Gregory Hill,21,Male,80.58,24.27,79.6,80.68,73.84,Yes,0,Medium,67.85,77.26,78.43,1955.6766
STU10648,Molly Rodriguez,17,Female,65.58,38.68,74.62,91.94,77.31,No,5,Low,73.65,84.625,79.6225,2536.6344
STU10649,Jennifer Miranda,24,Female,81.34,24.85,74.9,67.58,70.09,Yes,1,Medium,67.69,68.83500000000001,71.8675,2021.2990000000002
STU10650,Alexis Harris,21,Female,76.45,14.91,68.81,63.72,60.25,Yes,0,Medium,58.97,61.985,65.39750000000001,1139.8695
STU10651,Andrew Harper,23,Male,58.92,17.46,66.29,62.66,51.03,Yes,2,Medium,54.92,56.845,61.5675,1028.7432000000001
STU10652,Amber Yang,24,Male,69.4,17.28,52.41,57.76,54.6,No,1,High,56.42,56.18,54.295,1199.2320000000002
STU10653,David Robinson,23,Male,73.86,9.23,66.01,54.99,62.68,Yes,5,Low,51.88,58.835,62.4225,681.7278
STU10654,Amy Gordon,21,Male,96.88,18.02,74.73,55.35,68.68,Yes,2,Medium,63.56,62.015,68.3725,1745.7776
STU10655,Robert Dennis,22,Male,83.57,24.4,80.46,73.64,76.07,No,1,Medium,64.25,74.85499999999999,77.6575,2039.1079999999997
STU10656,Kyle Chambers,21,Female,64.65,12.35,64.94,46.36,50.83,No,3,Medium,43.7,48.595,56.7675,798.4275
STU10657,Eric Thomas,23,Female,82.86,26.29,87.8,79.02,72.63,Yes,0,Medium,83.81,75.82499999999999,81.8125,2178.3894
STU10658,Connie Turner,19,Male,62.53,22.93,75.54,74.32,61.27,No,1,High,58.09,67.795,71.6675,1433.8129
STU10659,Travis Hobbs,20,Male,88.83,15.59,80.87,69.22,70.02,No,2,Medium,73.9,69.62,75.245,1384.8597
STU10660,Lori Simmons,18,Male,73.29,19.15,77.83,74.26,67.5,Yes,1,Medium,64.44,70.88,74.35499999999999,1403.5035
STU10661,William David DDS,24,Female,77.06,29.59,78.58,79.61,71.81,Yes,4,High,76.94,75.71000000000001,77.14500000000001,2280.2054000000003
STU10662,Emma Butler,19,Female,91.26,24.4,78.81,66.64,68.51,No,2,High,69.76,67.575,73.1925,2226.744
STU10663,James Webster,21,Female,65.13,20.05,71.2,48.59,54.28,No,1,High,44.77,51.435,61.3175,1305.8564999999999
STU10664,Samuel Turner,22,Female,64.03,18.57,68.74,61.82,54.62,Yes,2,High,59.63,58.22,63.48,1189.0371
STU10665,Renee Melendez,17,Other,72.16,20.46,66.02,60.66,63.48,Yes,2,High,66.38,62.06999999999999,64.04499999999999,1476.3935999999999
STU10666,Tracy Grant,21,Female,88.38,16.93,75.04,59.49,65.14,Yes,1,Medium,58.67,62.315,68.67750000000001,1496.2733999999998
STU10667,David Harris,22,Male,62.81,7.37,55.04,32.98,42.5,No,1,Medium,55.94,37.739999999999995,46.39,462.90970000000004
STU10668,Tammy Boone,20,Female,49.68,32.25,61.47,63.39,49.9,Yes,3,Low,56.49,56.644999999999996,59.0575,1602.18
STU10669,Nathaniel Lee,21,Male,73.49,20.93,78.08,67.96,59.15,Yes,2,High,70.5,63.55499999999999,70.8175,1538.1456999999998
STU10670,Michael Morrison,23,Female,83.52,22.39,74.47,73.46,75.02,No,0,High,75.42,74.24,74.35499999999999,1870.0128
STU10671,Chelsea Gill,17,Male,90.0,19.65,89.1,76.82,78.85,No,2,Medium,60.3,77.835,83.4675,1768.4999999999998
STU10672,Kristin Mendoza,22,Female,73.37,15.59,53.88,60.65,46.64,Yes,3,Medium,57.69,53.644999999999996,53.7625,1143.8383000000001
STU10673,Felicia Krueger,22,Female,73.89,18.88,63.87,53.3,59.6,Yes,1,High,72.94,56.45,60.16,1395.0431999999998
STU10674,Timothy Hayden,22,Female,89.54,10.4,68.32,61.18,67.85,Yes,2,High,70.78,64.515,66.41749999999999,931.2160000000001
STU10675,Zachary Mendoza,20,Female,59.3,33.66,80.24,80.64,68.79,Yes,1,Medium,66.5,74.715,77.47749999999999,1996.0379999999998
STU10676,Larry Harris,21,Male,74.11,12.59,66.25,59.35,66.77,No,1,High,54.33,63.06,64.655,933.0449
STU10677,Kristen Rowe,20,Male,79.9,13.81,68.8,55.64,60.62,No,1,Medium,50.67,58.129999999999995,63.464999999999996,1103.419
STU10678,Joseph Howard,24,Male,82.49,17.36,62.26,64.55,53.8,Yes,3,Medium,51.62,59.175,60.7175,1432.0264
STU10679,Jose Crawford,18,Male,72.9,27.73,65.47,70.03,63.83,Yes,1,Medium,60.55,66.93,66.2,2021.5170000000003
STU10680,William Harrison,18,Female,78.34,20.09,72.66,61.8,63.95,Yes,4,Medium,57.43,62.875,67.7675,1573.8506
STU10681,Suzanne Wood,24,Male,53.12,12.58,45.51,41.59,38.09,No,1,Low,35.66,39.84,42.675,668.2496
STU10682,Justin Walker,21,Other,71.42,27.53,69.12,68.5,65.32,Yes,4,High,67.81,66.91,68.015,1966.1926
STU10683,Dean Donovan,23,Female,82.54,24.39,78.6,76.37,62.41,No,2,High,58.22,69.39,73.995,2013.1506000000002
STU10684,Jennifer Hernandez,20,Female,68.18,23.23,61.66,54.56,59.27,No,1,High,52.48,56.915000000000006,59.2875,1583.8214000000003
STU10685,James Whitaker,17,Male,78.59,24.29,84.68,76.12,67.61,Yes,1,Medium,66.19,71.86500000000001,78.27250000000001,1908.9511
STU10686,Mr. Michael Scott PhD,22,Female,82.47,34.37,90.61,91.39,75.27,No,1,Medium,72.64,83.33,86.97,2834.4939
STU10687,Maria Henry,22,Female,74.57,33.11,67.01,74.31,63.81,No,2,Medium,64.01,69.06,68.035,2469.0126999999998
STU10688,Robert Jackson,21,Female,79.7,15.88,61.47,64.15,62.07,No,2,Low,57.04,63.11,62.29,1265.6360000000002
STU10689,Katherine Stark,23,Female,68.37,29.74,57.17,69.69,58.89,No,2,Medium,55.72,64.28999999999999,60.73,2033.3238000000001
STU10690,Maria Brown,18,Female,75.93,22.3,65.5,63.64,56.67,Yes,2,Low,52.91,60.155,62.8275,1693.2390000000003
STU10691,Ryan Landry,18,Male,84.1,22.99,80.1,74.46,68.39,Yes,2,Low,66.72,71.425,75.76249999999999,1933.4589999999998
STU10692,Pamela Gutierrez,22,Female,79.57,9.85,60.83,52.05,49.76,No,1,High,62.58,50.905,55.8675,783.7644999999999
STU10693,Crystal Mann,21,Male,72.13,18.98,70.36,65.41,60.82,No,2,Low,48.38,63.114999999999995,66.7375,1369.0274
STU10694,Jonathan Brooks,20,Male,80.24,15.12,57.02,42.04,56.09,No,0,High,59.98,49.065,53.042500000000004,1213.2287999999999
STU10695,Mary Jensen,18,Male,85.15,24.97,82.12,74.34,71.77,Yes,1,Medium,61.29,73.055,77.5875,2126.1955000000003
STU10696,Mr. Aaron Arnold,20,Male,57.5,26.43,62.62,55.07,56.99,No,2,High,58.07,56.03,59.325,1519.725
STU10697,Joseph Hill,23,Male,89.59,7.55,66.21,59.84,69.31,Yes,2,Low,66.99,64.575,65.3925,676.4045
STU10698,Alicia Li,18,Male,74.64,19.87,68.11,62.44,57.68,Yes,3,Medium,52.66,60.06,64.08500000000001,1483.0968
STU10699,Renee Browning,18,Other,82.25,26.73,67.71,68.36,63.14,Yes,0,Medium,65.77,65.75,66.72999999999999,2198.5425
STU10700,Brent Hernandez,19,Female,89.97,18.88,66.13,67.74,75.7,Yes,2,High,64.09,71.72,68.925,1698.6336
STU10701,Joseph Ochoa,18,Other,64.28,24.37,74.55,71.9,71.34,Yes,0,Medium,72.29,71.62,73.08500000000001,1566.5036
STU10702,James Watson,24,Male,70.91,22.11,71.63,59.61,51.75,No,4,Medium,47.52,55.68,63.655,1567.8201
STU10703,Karl Branch,17,Male,75.11,22.05,77.83,69.74,68.61,Yes,2,High,63.71,69.175,73.5025,1656.1755
STU10704,Michael Abbott,24,Female,70.16,18.37,68.2,59.05,58.57,Yes,1,Medium,59.17,58.81,63.505,1288.8392000000001
STU10705,Shannon Malone,21,Male,95.35,12.7,73.03,50.66,66.49,Yes,2,Low,65.03,58.574999999999996,65.8025,1210.945
STU10706,James Tran,21,Male,69.43,13.27,49.98,42.23,42.43,Yes,0,Medium,45.97,42.33,46.155,921.3361000000001
STU10707,Adam Jackson,20,Female,72.44,24.26,69.07,65.97,57.55,No,0,Medium,61.54,61.76,65.41499999999999,1757.3944000000001
STU10708,Mr. Richard Knight PhD,24,Male,80.04,20.12,70.91,64.42,59.99,Yes,3,Medium,59.79,62.205,66.5575,1610.4048000000003
STU10709,Joseph Williams,24,Female,65.98,19.17,78.48,58.12,58.15,Yes,1,Medium,53.03,58.135,68.3075,1264.8366
STU10710,Sean Clay,24,Female,74.04,17.46,71.65,69.44,68.27,No,0,Low,68.34,68.85499999999999,70.2525,1292.7384000000002
STU10711,Anthony Jones,23,Male,81.17,18.17,80.94,68.37,62.59,No,1,Medium,67.12,65.48,73.21000000000001,1474.8589000000002
STU10712,Stephanie Elliott,18,Male,74.67,26.28,77.45,73.94,64.81,No,0,High,63.62,69.375,73.4125,1962.3276
STU10713,Timothy Edwards,17,Female,77.07,17.99,63.44,61.19,50.09,No,0,Medium,44.39,55.64,59.54,1386.4892999999997
STU10714,Laurie Goodwin,20,Male,72.71,11.95,63.27,48.1,58.56,No,4,Medium,61.78,53.33,58.3,868.8844999999999
STU10715,Jennifer Jones,24,Male,62.86,24.46,68.92,68.94,67.18,Yes,1,Low,67.19,68.06,68.49000000000001,1537.5556000000001
STU10716,David Davenport,24,Other,81.22,18.77,64.05,58.04,57.34,No,5,Medium,56.88,57.69,60.87,1524.4994
STU10717,Steven Rivera,19,Male,95.55,20.19,74.66,63.41,65.94,No,2,Medium,61.78,64.675,69.66749999999999,1929.1545
STU10718,Brenda Hinton,20,Female,78.18,29.65,75.59,79.52,72.19,No,2,Medium,67.82,75.85499999999999,75.7225,2318.0370000000003
STU10719,Kathryn Mccann,24,Other,80.25,19.88,82.26,80.11,80.25,No,1,Medium,70.81,80.18,81.22,1595.37
STU10720,Jeffrey Roberson,20,Male,84.93,21.74,59.62,65.2,62.72,No,1,High,66.81,63.96,61.79,1846.3782
STU10721,Randy Friedman,18,Male,65.31,12.93,68.62,61.45,55.1,Yes,3,Low,47.81,58.275000000000006,63.447500000000005,844.4583
STU10722,Raymond Johnson,19,Male,95.03,18.68,69.53,61.43,56.75,Yes,0,Medium,58.34,59.09,64.31,1775.1604
STU10723,Willie Henry,20,Male,80.02,23.66,63.97,54.89,52.03,No,1,Medium,54.15,53.46,58.715,1893.2731999999999
STU10724,Todd Reynolds,17,Male,94.32,10.67,78.46,71.13,71.59,Yes,2,Medium,71.66,71.36,74.91,1006.3943999999999
STU10725,Mary Miller,17,Female,70.67,21.21,73.24,78.77,64.06,Yes,0,High,72.04,71.41499999999999,72.32749999999999,1498.9107000000001
STU10726,Rebecca Marquez,21,Male,96.18,20.6,86.67,85.08,80.32,No,0,Medium,77.8,82.69999999999999,84.685,1981.3080000000002
STU10727,Christian Dawson,19,Female,85.75,20.25,79.08,68.28,65.96,Yes,0,Low,74.16,67.12,73.1,1736.4375
STU10728,Nancy Stewart,19,Other,83.53,26.22,91.18,75.17,69.64,Yes,1,Medium,66.36,72.405,81.7925,2190.1566
STU10729,Aaron Parker,21,Female,80.34,22.01,76.45,63.5,59.17,No,1,Medium,70.26,61.335,68.8925,1768.2834000000003
STU10730,Derrick Anderson,20,Female,75.51,28.87,74.32,64.31,71.43,No,0,Low,55.65,67.87,71.095,2179.9737
STU10731,Jerry Peters,19,Male,90.01,14.04,73.23,61.27,69.52,Yes,1,Medium,63.29,65.395,69.3125,1263.7404
STU10732,Alexander Gomez,17,Female,79.4,20.82,80.04,80.33,80.66,No,2,Medium,74.59,80.495,80.26750000000001,1653.1080000000002
STU10733,Kyle Nguyen,17,Female,58.33,20.51,57.23,54.92,53.62,Yes,2,Medium,59.88,54.269999999999996,55.75,1196.3483
STU10734,Edgar Hughes,24,Male,66.83,13.58,56.67,51.89,49.21,Yes,0,Medium,48.0,50.55,53.61,907.5514
STU10735,Steven Stein,18,Male,76.14,25.74,71.31,78.25,74.19,Yes,1,Medium,71.52,76.22,73.765,1959.8436
STU10736,Laura Jackson,19,Female,81.1,33.95,66.47,72.8,64.8,No,2,Medium,62.96,68.8,67.63499999999999,2753.3450000000003
STU10737,Charles Turner,20,Male,77.43,19.9,70.87,76.84,68.29,Yes,3,Medium,53.86,72.565,71.7175,1540.857
STU10738,Arthur Hamilton MD,21,Male,90.19,23.03,63.99,76.89,67.13,Yes,1,High,68.92,72.00999999999999,68.0,2077.0757
STU10739,Mr. David Wright,21,Male,58.49,20.51,63.12,58.24,39.44,No,5,Low,38.98,48.84,55.980000000000004,1199.6299000000001
STU10740,Linda Gonzalez,20,Male,79.44,15.72,73.84,59.24,70.49,Yes,1,High,73.88,64.865,69.35249999999999,1248.7968
STU10741,Eric Rush,23,Female,59.82,9.08,51.95,46.91,49.02,No,1,Medium,53.53,47.965,49.9575,543.1656
STU10742,Manuel Brock,22,Female,85.6,15.77,82.02,65.78,70.5,No,1,High,63.61,68.14,75.08,1349.9119999999998
STU10743,George Ochoa,18,Female,77.06,11.65,53.76,40.82,48.21,No,0,Medium,41.16,44.515,49.1375,897.749
STU10744,Valerie Taylor,21,Male,82.2,30.22,87.37,91.16,79.74,No,2,Medium,73.21,85.44999999999999,86.41,2484.084
STU10745,Travis Harris,19,Male,69.36,19.31,70.99,70.66,60.46,Yes,1,High,67.0,65.56,68.275,1339.3416
STU10746,Vincent Novak,18,Female,90.79,17.92,61.85,60.16,63.94,Yes,1,High,67.21,62.05,61.95,1626.9568000000002
STU10747,Michael Henry,19,Male,88.42,25.33,95.0,76.31,71.11,No,0,Medium,92.84,73.71000000000001,84.355,2239.6785999999997
STU10748,Dana Bennett,23,Male,83.84,13.27,67.38,50.01,58.78,No,2,Medium,55.16,54.394999999999996,60.887499999999996,1112.5568
STU10749,Jenna Wilson,17,Female,76.7,15.4,60.32,55.35,58.63,Yes,2,Medium,57.82,56.99,58.655,1181.18
STU10750,Leslie Gardner,18,Male,83.8,20.41,62.96,58.38,58.24,No,0,High,70.94,58.31,60.635000000000005,1710.358
STU10751,Krista Benton,24,Female,70.93,26.17,70.15,67.18,64.11,Yes,1,Medium,64.67,65.64500000000001,67.89750000000001,1856.2381000000003
STU10752,Michael Gonzales,21,Male,86.56,23.01,74.84,76.66,65.38,No,3,Medium,61.17,71.02,72.93,1991.7456000000002
STU10753,Michael Fuentes,18,Male,94.49,21.49,78.56,76.4,68.3,No,1,High,73.36,72.35,75.455,2030.5900999999997
STU10754,Jennifer Porter,18,Male,88.71,20.47,72.73,75.56,70.83,No,2,High,74.49,73.195,72.9625,1815.8936999999999
STU10755,Dana Hopkins,18,Other,70.7,22.4,73.39,61.65,64.8,No,1,Medium,58.74,63.224999999999994,68.3075,1583.68
STU10756,Rachel Jones,22,Female,81.61,21.21,69.78,63.57,53.62,No,0,Medium,62.89,58.595,64.1875,1730.9481
STU10757,Karen Morales DDS,18,Female,65.07,13.82,47.16,49.44,49.43,Yes,3,High,55.53,49.435,48.2975,899.2674
STU10758,Melissa Stephens,19,Female,83.72,20.28,71.64,68.71,63.15,No,1,Medium,60.35,65.92999999999999,68.785,1697.8416
STU10759,Heather Woodard,17,Male,82.51,13.56,50.92,57.66,53.54,No,2,High,64.82,55.599999999999994,53.26,1118.8356
STU10760,Margaret Miller,23,Female,59.3,20.49,65.54,62.94,50.13,No,5,Medium,49.48,56.535,61.0375,1215.0569999999998
STU10761,Mary Kelly,20,Male,66.38,17.12,56.68,64.31,51.36,No,0,Medium,54.9,57.835,57.2575,1136.4256
STU10762,Amanda Terrell,18,Female,75.17,35.24,80.88,86.96,78.61,Yes,3,Medium,72.34,82.785,81.8325,2648.9908
STU10763,Jennifer Goodwin,21,Male,74.99,19.76,78.03,74.57,68.57,No,3,Medium,56.66,71.57,74.8,1481.8024
STU10764,Jessica Smith,18,Female,65.91,11.57,52.82,44.11,45.19,No,2,High,50.14,44.65,48.735,762.5787
STU10765,Jorge Stone,21,Male,81.89,19.19,78.62,68.79,67.39,Yes,1,Medium,78.48,68.09,73.355,1571.4691
STU10766,Laura Griffin,19,Male,80.51,23.12,70.35,73.02,68.73,Yes,0,Medium,65.86,70.875,70.6125,1861.3912000000003
STU10767,Raymond Chapman,21,Female,76.06,30.04,88.72,93.12,81.06,No,1,Medium,67.64,87.09,87.905,2284.8424
STU10768,Haley Johnson,24,Male,70.44,16.46,62.14,60.41,56.61,Yes,0,Medium,57.54,58.51,60.325,1159.4424000000001
STU10769,Jason Nixon,20,Male,88.49,10.51,61.87,51.84,62.96,Yes,3,Medium,55.04,57.400000000000006,59.635000000000005,930.0298999999999
STU10770,Todd Thomas,17,Male,94.55,24.9,85.06,86.91,83.95,Yes,5,Medium,86.57,85.43,85.245,2354.2949999999996
STU10771,Jesse Clark,21,Male,73.16,11.72,59.42,37.39,50.58,No,1,Medium,46.81,43.985,51.7025,857.4352
STU10772,Mr. Jeffrey Horton,21,Female,71.88,17.38,60.03,47.31,52.22,No,1,High,42.52,49.765,54.8975,1249.2743999999998
STU10773,Eric Patrick,17,Female,82.91,18.45,67.73,66.24,66.76,Yes,0,High,68.65,66.5,67.11500000000001,1529.6895
STU10774,Samuel Wong,20,Female,74.42,19.58,68.16,62.64,62.24,No,0,Medium,60.21,62.44,65.3,1457.1435999999999
STU10775,Carly Riggs,18,Female,76.61,24.13,81.93,78.07,76.63,No,1,Medium,68.59,77.35,79.64,1848.5992999999999
STU10776,Christopher Moore,21,Male,85.4,15.9,56.75,54.45,60.5,Yes,2,Medium,52.06,57.475,57.1125,1357.8600000000001
STU10777,Tina Hall,17,Female,58.91,18.36,61.58,59.71,49.14,Yes,1,Medium,63.41,54.425,58.0025,1081.5875999999998
STU10778,Cody Davidson,24,Male,91.18,19.91,79.78,66.03,63.84,No,2,High,65.27,64.935,72.3575,1815.3938
STU10779,Allen Mendez,24,Male,78.73,20.9,72.48,69.97,62.1,Yes,2,Medium,69.9,66.035,69.2575,1645.4569999999999
STU10780,Kevin Price,19,Female,73.89,20.59,78.14,74.86,73.21,No,2,Medium,64.93,74.035,76.0875,1521.3951
STU10781,Christine Goodwin,17,Male,77.11,22.62,71.16,74.53,58.53,Yes,1,Medium,67.61,66.53,68.845,1744.2282
STU10782,Amy Garcia,19,Female,77.62,25.06,72.3,82.16,71.56,Yes,1,Medium,69.83,76.86,74.58,1945.1572
STU10783,Chelsea Nguyen,24,Male,60.69,22.36,69.07,65.65,61.1,No,2,Medium,58.78,63.375,66.2225,1357.0284
STU10784,Dennis Huffman,20,Female,92.95,22.72,78.78,74.72,78.13,Yes,1,Medium,68.39,76.425,77.60249999999999,2111.824
STU10785,Margaret Harper,18,Female,78.41,10.51,60.99,41.71,52.53,No,1,Low,50.78,47.120000000000005,54.05500000000001,824.0890999999999
STU10786,Laurie Bailey,17,Female,82.43,20.3,75.8,65.01,59.05,Yes,3,High,74.7,62.03,68.91499999999999,1673.3290000000002
STU10787,Lisa Cervantes,23,Female,87.52,22.88,71.46,67.49,61.34,Yes,1,High,60.4,64.41499999999999,67.9375,2002.4575999999997
STU10788,Elizabeth Mendez,24,Female,67.79,24.37,64.9,70.71,55.11,Yes,3,High,57.27,62.91,63.905,1652.0423000000003
STU10789,Cesar Wilson,24,Male,82.73,15.85,65.49,54.89,55.99,Yes,1,High,77.53,55.44,60.464999999999996,1311.2705
STU10790,Clayton Steele,23,Female,75.32,16.05,75.83,68.46,64.65,Yes,2,Medium,58.65,66.555,71.1925,1208.886
STU10791,Jennifer Taylor,22,Male,86.47,16.56,48.63,50.29,46.09,Yes,3,High,50.91,48.19,48.41,1431.9432
STU10792,Cody Reid,24,Female,56.73,23.22,66.72,62.2,63.82,No,0,Medium,65.06,63.010000000000005,64.86500000000001,1317.2705999999998
STU10793,Maria Cooke,21,Female,77.01,26.2,74.38,73.68,60.6,No,1,Low,68.95,67.14,70.75999999999999,2017.662
STU10794,Katherine Taylor,20,Female,71.97,17.56,54.31,50.52,57.82,Yes,2,High,41.8,54.17,54.24,1263.7931999999998
STU10795,Jerry Brown,17,Male,82.32,25.45,77.91,71.41,74.65,No,2,Low,70.74,73.03,75.47,2095.044
STU10796,Adam Taylor,23,Male,82.7,20.74,75.93,58.47,68.07,Yes,1,High,65.61,63.269999999999996,69.6,1715.1979999999999
STU10797,Tracey Wagner,21,Female,70.92,19.25,70.97,61.96,57.24,Yes,3,Medium,59.42,59.6,65.285,1365.21
STU10798,Michael Perry PhD,23,Male,70.88,18.73,47.9,47.41,49.25,No,1,High,56.83,48.33,48.114999999999995,1327.5824
STU10799,Bradley Johnson DDS,17,Male,76.89,24.48,82.46,71.98,63.05,Yes,4,Medium,65.7,67.515,74.9875,1882.2672
STU10800,Donald Medina,19,Male,69.03,21.95,62.81,63.7,62.64,Yes,2,Medium,57.07,63.17,62.99,1515.2085
STU10801,Jim Newton,17,Female,86.42,33.65,87.93,91.24,79.62,Yes,4,Low,75.12,85.43,86.68,2908.033
STU10802,Krista Wilson,22,Female,74.31,14.89,70.33,60.91,58.75,No,1,High,57.91,59.83,65.08,1106.4759000000001
STU10803,Reginald Morrow,17,Male,48.93,23.11,54.61,61.7,44.38,No,1,Medium,49.81,53.040000000000006,53.825,1130.7722999999999
STU10804,Rodney Williams,17,Male,74.25,16.82,71.1,65.12,50.14,Yes,2,Medium,66.55,57.63,64.365,1248.885
STU10805,Kimberly Fritz,22,Male,67.61,14.78,59.69,51.12,47.11,Yes,1,Medium,53.48,49.114999999999995,54.402499999999996,999.2758
STU10806,Ronald Potter,20,Female,61.69,19.93,49.13,48.35,52.02,No,2,Low,45.27,50.185,49.6575,1229.4817
STU10807,Zachary Cole,24,Female,65.63,20.82,74.0,67.88,60.77,No,3,Medium,64.31,64.325,69.1625,1366.4166
STU10808,Robert Gonzales,17,Male,79.09,37.51,77.47,87.72,72.79,Yes,4,Medium,79.17,80.255,78.8625,2966.6659
STU10809,Patricia Young PhD,22,Male,91.29,18.9,68.76,72.34,70.92,Yes,1,High,73.55,71.63,70.195,1725.381
STU10810,Heather Page,21,Male,81.13,13.22,63.88,62.29,69.41,Yes,1,Medium,58.54,65.85,64.865,1072.5386
STU10811,Carol Taylor,19,Female,71.93,21.64,70.83,62.38,67.63,Yes,0,Medium,64.93,65.005,67.91749999999999,1556.5652000000002
STU10812,Daniel Brown,19,Female,82.56,7.55,62.91,49.04,50.83,No,0,Medium,39.06,49.935,56.4225,623.328
STU10813,Douglas Ryan,17,Male,73.41,19.45,71.82,68.37,54.04,Yes,1,Medium,69.41,61.205,66.51249999999999,1427.8245
STU10814,Michael Roberts,20,Male,71.05,20.1,58.11,63.56,68.59,Yes,1,Medium,69.76,66.075,62.0925,1428.105
STU10815,Scott Duke,20,Male,66.46,24.77,63.73,69.62,71.31,No,2,High,69.85,70.465,67.0975,1646.2142
STU10816,Anna Estes,21,Other,60.48,25.84,66.47,65.48,59.22,No,0,Medium,64.29,62.35,64.41,1562.8031999999998
STU10817,Tamara Riddle,17,Male,74.1,16.98,79.81,59.06,57.07,No,1,Low,55.76,58.065,68.9375,1258.2179999999998
STU10818,Beth Cline,19,Female,79.58,19.1,69.41,57.33,65.09,Yes,2,Medium,57.72,61.21,65.31,1519.978
STU10819,Michael Poole,20,Female,77.03,15.4,74.19,64.0,63.23,No,1,Medium,53.68,63.614999999999995,68.9025,1186.262
STU10820,Megan Burns,17,Male,73.84,13.23,64.07,56.58,56.43,No,2,Medium,61.51,56.504999999999995,60.287499999999994,976.9032000000001
STU10821,Debra Perry,23,Male,68.54,21.86,64.33,55.32,60.06,Yes,2,Medium,53.41,57.69,61.01,1498.2844
STU10822,Mark Beard,20,Male,84.08,12.36,65.56,55.86,60.98,No,1,High,57.68,58.42,61.99,1039.2287999999999
STU10823,Jose Ramirez,22,Female,64.83,17.51,62.01,60.13,49.79,No,4,Low,51.69,54.96,58.485,1135.1733000000002
STU10824,Jackie Clements,23,Female,85.76,14.03,73.35,54.64,60.32,No,1,Medium,59.24,57.480000000000004,65.41499999999999,1203.2128
STU10825,Aaron Schroeder,24,Female,67.98,23.3,78.12,77.36,71.32,Yes,3,Medium,70.61,74.34,76.23,1583.9340000000002
STU10826,Monica Ellis,20,Female,70.48,30.81,77.28,75.02,69.95,Yes,3,Medium,58.25,72.485,74.8825,2171.4888
STU10827,Heather Brown,19,Male,63.33,12.19,67.17,61.79,59.11,Yes,0,High,57.34,60.45,63.81,771.9926999999999
STU10828,Claudia Jordan,18,Other,72.99,8.88,53.66,41.6,52.61,Yes,5,Medium,55.62,47.105000000000004,50.3825,648.1512
STU10829,Derrick Clayton,23,Female,87.75,19.25,70.67,58.81,61.06,No,3,High,61.21,59.935,65.30250000000001,1689.1875
STU10830,Kenneth Knight,24,Male,83.16,20.09,67.26,60.64,62.29,Yes,1,Medium,56.58,61.465,64.36250000000001,1670.6843999999999
STU10831,Mr. Michael Williams,21,Other,87.78,21.31,77.23,69.86,52.16,No,1,Low,64.59,61.01,69.12,1870.5918
STU10832,Richard Stevens,21,Female,83.22,17.32,67.9,58.92,58.78,Yes,2,Medium,58.17,58.85,63.375,1441.3704
STU10833,Scott Alexander,19,Female,66.96,18.8,70.05,60.85,63.03,Yes,3,Medium,62.12,61.94,65.995,1258.848
STU10834,Tyler Harris,20,Female,74.69,22.21,63.91,64.61,57.97,No,1,Medium,56.76,61.29,62.599999999999994,1658.8649
STU10835,Bonnie Santos,17,Female,70.2,26.24,71.75,69.07,61.0,Yes,1,Low,59.62,65.035,68.3925,1842.048
STU10836,Timothy Hill,20,Female,91.31,8.27,72.12,55.84,57.84,No,0,Medium,67.65,56.84,64.48,755.1337
STU10837,Danielle Watson,19,Male,66.03,17.79,49.41,39.53,49.35,No,0,Medium,48.71,44.44,46.925,1174.6737
STU10838,Carol Sanders,21,Male,86.94,21.28,89.52,79.43,79.26,Yes,1,Low,65.41,79.345,84.4325,1850.0832
STU10839,Michael Young,20,Female,86.93,14.49,67.93,58.56,65.78,Yes,0,Medium,59.79,62.17,65.05000000000001,1259.6157
STU10840,Michele Smith,21,Male,96.3,30.39,70.62,85.48,65.26,Yes,0,High,70.31,75.37,72.995,2926.557
STU10841,Casey Perez,23,Male,73.9,16.19,67.0,53.17,56.04,No,1,Medium,56.35,54.605000000000004,60.8025,1196.4410000000003
STU10842,Alexandra Dominguez,24,Male,85.12,19.75,73.11,55.65,60.69,Yes,0,High,68.65,58.17,65.64,1681.1200000000001
STU10843,Virginia Henderson,17,Male,100.0,23.34,80.76,79.13,74.56,No,2,Medium,73.87,76.845,78.80250000000001,2334.0
STU10844,Benjamin Reyes,23,Female,71.82,16.45,72.18,63.77,58.87,Yes,3,Medium,61.28,61.32,66.75,1181.4389999999999
STU10845,Ashley Edwards,21,Female,62.65,8.92,61.54,42.09,47.07,No,2,Medium,33.75,44.58,53.06,558.838
STU10846,Breanna Ayala,21,Male,59.2,17.43,62.97,47.06,54.6,No,1,Medium,58.45,50.83,56.9,1031.856
STU10847,Brandi Haney,18,Male,85.13,26.18,80.53,85.59,65.6,Yes,3,Medium,71.28,75.595,78.0625,2228.7034
STU10848,Joseph Smith,18,Male,59.17,17.98,60.52,63.87,64.26,Yes,1,Medium,59.38,64.065,62.292500000000004,1063.8766
STU10849,Jessica Bowen,23,Female,74.28,14.92,77.58,48.6,61.44,Yes,4,Medium,61.84,55.019999999999996,66.3,1108.2576
STU10850,Brittany Jenkins,22,Female,82.37,25.55,65.48,64.5,61.76,Yes,1,Low,54.82,63.129999999999995,64.305,2104.5535
STU10851,Shannon Miller,23,Male,79.85,18.02,70.53,72.98,70.73,Yes,1,High,67.24,71.855,71.1925,1438.897
STU10852,Paul Lawrence,18,Female,82.25,16.94,70.21,59.23,54.49,Yes,2,Medium,55.1,56.86,63.535,1393.315
STU10853,Victor Edwards,21,Female,80.22,20.9,77.41,66.46,63.07,No,3,Medium,72.62,64.765,71.0875,1676.598
STU10854,Donald Miller,19,Female,90.79,24.62,72.64,69.49,67.3,No,0,Medium,52.35,68.395,70.5175,2235.2498
STU10855,Lindsay Lawson,23,Female,68.48,34.29,64.19,66.29,66.19,No,1,High,57.43,66.24000000000001,65.215,2348.1792
STU10856,Melissa Abbott,21,Male,71.23,24.96,72.06,58.99,59.88,Yes,0,Medium,57.92,59.435,65.7475,1777.9008000000001
STU10857,Elizabeth Holmes,19,Female,70.27,26.96,73.95,78.28,69.58,No,1,Medium,75.04,73.93,73.94,1894.4792
STU10858,Nicole Phillips,19,Male,86.3,16.96,81.82,57.84,63.19,Yes,2,High,71.28,60.515,71.16749999999999,1463.6480000000001
STU10859,Steven Blevins,18,Female,87.0,13.84,60.6,55.97,60.63,Yes,2,High,51.61,58.3,59.45,1204.08
STU10860,Brian Porter MD,23,Female,82.51,20.37,80.35,76.1,79.65,Yes,2,Low,69.41,77.875,79.1125,1680.7287000000001
STU10861,Vanessa Hatfield,20,Female,89.83,20.64,91.95,69.42,79.42,Yes,4,Medium,79.97,74.42,83.185,1854.0912
STU10862,Bonnie Valencia,17,Female,66.22,13.53,58.31,45.32,49.11,Yes,1,High,65.11,47.215,52.7625,895.9566
STU10863,Holly Vega,18,Male,94.67,18.95,67.1,70.71,70.54,Yes,2,High,68.28,70.625,68.8625,1793.9965
STU10864,Tiffany Townsend,18,Female,93.23,22.4,75.12,74.0,73.73,No,0,Medium,62.06,73.86500000000001,74.4925,2088.352
STU10865,Austin Baker,20,Other,85.36,22.16,74.75,65.89,68.83,Yes,1,Medium,68.73,67.36,71.055,1891.5776
STU10866,Antonio Mccormick,17,Female,95.82,23.03,83.4,83.39,83.1,No,3,Medium,77.2,83.245,83.3225,2206.7346
STU10867,Lori Mason,21,Male,61.43,21.75,60.66,66.32,62.25,Yes,3,Medium,62.24,64.285,62.4725,1336.1025
STU10868,Michael Miller,22,Male,72.76,16.96,76.86,66.43,64.07,Yes,0,Medium,67.13,65.25,71.055,1234.0096
STU10869,Lisa Ramirez,23,Male,70.65,16.92,57.3,48.41,54.34,Yes,2,Low,52.15,51.375,54.3375,1195.3980000000001
STU10870,Jorge Harris,22,Female,85.21,12.81,55.88,48.3,51.59,No,1,High,57.04,49.945,52.9125,1091.5401
STU10871,Kimberly Myers,21,Female,67.5,30.71,81.24,80.79,65.6,Yes,1,High,80.1,73.195,77.2175,2072.925
STU10872,Sandra Becker,24,Male,85.57,20.08,57.36,57.05,55.81,Yes,4,Medium,56.72,56.43,56.894999999999996,1718.2455999999997
STU10873,Michael Blair,18,Female,91.71,18.65,73.31,71.91,68.79,Yes,0,Medium,60.46,70.35,71.83,1710.3914999999997
STU10874,Amy Miller,17,Female,84.95,14.43,90.9,62.3,62.3,Yes,0,Medium,67.9,62.3,76.6,1225.8285
STU10875,Jesse Lynch,18,Female,80.84,37.61,83.58,78.94,77.35,No,0,Medium,64.91,78.145,80.8625,3040.3924
STU10876,Patrick Yang,19,Female,68.12,13.56,53.89,49.74,36.06,Yes,1,Medium,39.39,42.900000000000006,48.395,923.7072000000001
STU10877,Michael Miles,18,Female,69.53,17.43,64.61,55.23,69.42,Yes,3,Medium,56.03,62.325,63.4675,1211.9079
STU10878,Troy Mills,18,Female,90.5,22.5,76.59,67.66,76.1,No,1,Medium,61.5,71.88,74.235,2036.25
STU10879,Michelle Jackson,21,Male,85.79,23.6,76.96,61.54,64.33,Yes,2,Medium,72.74,62.935,69.94749999999999,2024.6440000000002
STU10880,Richard Adams,21,Female,77.61,25.75,78.7,74.34,69.13,No,1,High,69.36,71.735,75.2175,1998.4575
STU10881,Patricia Johnson,21,Female,73.82,30.85,68.85,72.7,65.82,No,0,Low,64.45,69.25999999999999,69.05499999999999,2277.3469999999998
STU10882,Denise Brown,22,Female,57.74,23.04,76.04,72.25,60.5,No,3,Medium,64.33,66.375,71.20750000000001,1330.3296
STU10883,Laura Jones,19,Female,67.29,13.66,63.19,54.19,55.5,Yes,2,High,55.83,54.845,59.0175,919.1814
STU10884,Ian Porter,24,Female,97.11,18.46,81.85,70.55,72.04,No,2,Medium,76.27,71.295,76.57249999999999,1792.6506000000002
STU10885,Holly Scott,24,Male,65.2,21.85,61.98,67.34,57.83,Yes,1,Medium,55.28,62.585,62.2825,1424.6200000000001
STU10886,Kenneth Sharp,21,Male,79.89,32.41,88.65,78.04,75.23,No,0,Medium,71.12,76.635,82.64250000000001,2589.2349
STU10887,Jordan Williams,17,Male,88.07,11.61,66.56,59.08,55.02,Yes,2,High,57.26,57.05,61.805,1022.4926999999999
STU10888,Dana Ruiz,22,Male,65.45,27.22,72.18,60.72,59.8,Yes,2,Low,65.96,60.26,66.22,1781.549
STU10889,Chris Velazquez,20,Female,79.85,21.08,65.16,57.76,59.81,No,2,Medium,57.97,58.785,61.9725,1683.2379999999998
STU10890,Kristen Sloan,17,Other,87.38,25.03,70.49,62.76,64.76,Yes,1,Low,65.28,63.760000000000005,67.125,2187.1214
STU10891,Jennifer Morris,23,Male,78.12,19.39,74.64,71.01,65.52,No,2,Medium,60.95,68.265,71.4525,1514.7468000000001
STU10892,Nathan Nelson,23,Male,100.0,14.95,72.36,62.86,73.02,No,2,Medium,72.53,67.94,70.15,1495.0
STU10893,Jake Shaw,17,Female,61.31,24.51,60.7,61.49,53.26,Yes,1,Medium,59.7,57.375,59.0375,1502.7081
STU10894,Cassie Brock,21,Male,88.59,23.93,72.68,63.73,66.6,Yes,3,High,59.19,65.16499999999999,68.9225,2119.9587
STU10895,Dr. Andrea Marshall,20,Female,76.27,25.83,78.48,72.24,74.49,Yes,4,High,72.54,73.365,75.9225,1970.0540999999998
STU10896,Ryan Murphy,20,Female,85.72,19.92,68.83,59.78,61.76,No,0,Medium,60.8,60.769999999999996,64.8,1707.5424
STU10897,Aimee Gonzalez,22,Female,82.41,16.4,68.62,63.04,63.64,Yes,4,Medium,61.63,63.34,65.98,1351.524
STU10898,Elizabeth Dean,20,Male,70.67,10.65,60.83,44.16,50.4,No,1,Medium,57.59,47.28,54.055,752.6355000000001
STU10899,Kevin Snyder,23,Male,80.29,24.92,61.14,72.06,68.86,No,4,High,59.03,70.46000000000001,65.80000000000001,2000.8268000000003
STU10900,Christie Mccullough,19,Female,59.42,22.54,54.25,46.01,45.69,No,2,Medium,44.24,45.849999999999994,50.05,1339.3268
STU10901,Danielle Smith,21,Female,84.03,14.21,70.91,55.35,67.41,No,5,Low,53.9,61.379999999999995,66.145,1194.0663000000002
STU10902,David Reed,20,Male,80.98,16.77,63.97,68.44,62.02,No,2,High,69.09,65.23,64.6,1358.0346
STU10903,Sherry Tapia,22,Female,84.39,17.2,78.19,64.31,62.46,Yes,0,High,59.94,63.385000000000005,70.7875,1451.508
STU10904,Matthew Sweeney,23,Male,88.58,11.1,74.97,52.19,65.62,Yes,2,Medium,52.02,58.905,66.9375,983.2379999999999
STU10905,Ashley Moreno,19,Female,81.68,15.09,73.27,63.36,62.63,Yes,3,High,68.46,62.995000000000005,68.1325,1232.5512
STU10906,Johnathan Brown,18,Male,79.48,13.2,78.77,60.3,67.67,No,2,High,64.52,63.985,71.3775,1049.136
STU10907,Michelle Davis DVM,18,Female,69.19,17.53,64.37,53.08,41.3,No,1,Medium,55.75,47.19,55.78,1212.9007000000001
STU10908,Kelly Haynes,19,Male,70.88,15.57,68.79,52.36,56.6,No,1,Medium,59.77,54.480000000000004,61.635000000000005,1103.6016
STU10909,William Miller,23,Male,89.87,10.24,64.03,70.03,62.6,No,3,High,64.34,66.315,65.1725,920.2688
STU10910,Casey Wilkins,22,Male,92.36,32.14,95.0,88.9,77.52,Yes,2,Medium,71.94,83.21000000000001,89.105,2968.4504
STU10911,Keith Graham,19,Male,75.62,27.52,88.4,69.4,67.59,Yes,3,Medium,62.74,68.495,78.4475,2081.0624000000003
STU10912,Cynthia Green,21,Female,78.46,15.33,67.2,67.57,59.99,Yes,5,Medium,51.61,63.78,65.49000000000001,1202.7918
STU10913,Robert Haynes,21,Other,68.95,21.63,70.43,68.76,62.27,Yes,1,High,63.19,65.515,67.9725,1491.3885
STU10914,Emily Nelson,18,Male,89.73,22.5,86.16,72.01,66.47,No,1,High,66.83,69.24000000000001,77.7,2018.9250000000002
STU10915,Dale Chan,20,Male,84.65,27.15,76.84,69.56,69.75,Yes,3,Low,65.53,69.655,73.2475,2298.2475
STU10916,Brittney Martin,22,Female,97.41,15.09,69.93,65.82,73.83,No,2,High,70.46,69.82499999999999,69.8775,1469.9169
STU10917,Jason Herrera,18,Female,69.22,26.55,77.39,71.9,67.5,No,2,High,78.54,69.7,73.545,1837.791
STU10918,Christine Parker,20,Female,74.22,16.71,66.93,47.72,59.02,Yes,2,High,62.43,53.370000000000005,60.150000000000006,1240.2162
STU10919,Bryan Moore,20,Male,80.31,11.98,66.79,66.27,68.11,Yes,1,Low,60.72,67.19,66.99000000000001,962.1138000000001
STU10920,Samantha Terry,24,Male,84.46,24.34,69.98,66.24,70.75,Yes,5,Medium,58.18,68.495,69.23750000000001,2055.7563999999998
STU10921,Russell Murphy,21,Female,75.84,27.74,62.73,76.02,73.08,Yes,0,Medium,66.48,74.55,68.64,2103.8016
STU10922,David Kelly,23,Male,69.27,35.53,79.23,90.15,70.64,No,2,Medium,76.3,80.39500000000001,79.8125,2461.1630999999998
STU10923,Megan Green,17,Female,86.81,12.8,75.02,55.46,59.44,Yes,2,Medium,64.07,57.45,66.235,1111.1680000000001
STU10924,Amanda Sullivan MD,23,Male,85.21,24.19,74.44,77.43,74.11,No,1,High,65.02,75.77000000000001,75.105,2061.2299
STU10925,Danielle Murray,17,Female,68.84,17.54,74.87,59.94,64.49,No,0,Medium,57.13,62.214999999999996,68.5425,1207.4536
STU10926,Brenda Smith,19,Male,91.55,24.7,73.98,60.87,69.39,Yes,0,High,68.93,65.13,69.555,2261.285
STU10927,Vickie Anderson,21,Female,89.7,11.18,61.32,50.21,66.42,No,1,Medium,55.86,58.315,59.817499999999995,1002.846
STU10928,Jacqueline Mccoy,20,Female,79.34,12.42,64.96,57.23,58.69,No,1,Medium,52.99,57.959999999999994,61.459999999999994,985.4028000000001
STU10929,Lauren Green,22,Female,78.8,15.34,66.68,55.58,60.68,No,3,Low,42.63,58.129999999999995,62.405,1208.792
STU10930,Alison Brown,17,Male,83.54,20.47,78.13,67.91,62.92,Yes,2,Medium,61.55,65.41499999999999,71.7725,1710.0638000000001
STU10931,Jill Anderson,23,Female,69.38,16.15,58.63,60.58,66.28,Yes,2,Medium,60.75,63.43,61.03,1120.4869999999999
STU10932,Sandra Rivera,20,Female,78.3,23.95,82.66,75.49,69.33,Yes,1,High,76.82,72.41,77.535,1875.2849999999999
STU10933,Joel Jackson,17,Female,56.48,26.16,79.67,67.95,61.42,Yes,1,Medium,62.49,64.685,72.17750000000001,1477.5167999999999
STU10934,Samantha Foster,17,Female,86.76,23.6,75.95,75.9,68.77,No,3,Medium,75.23,72.33500000000001,74.14250000000001,2047.5360000000003
STU10935,Michael Thompson,24,Female,62.39,29.71,79.5,77.89,64.34,No,2,Medium,64.64,71.11500000000001,75.3075,1853.6069
STU10936,Cody Ramirez,17,Female,93.03,22.49,70.56,53.22,58.28,No,0,Low,51.18,55.75,63.155,2092.2446999999997
STU10937,Amanda Harvey,22,Male,74.7,12.7,71.3,60.69,58.52,Yes,2,Medium,57.08,59.605000000000004,65.4525,948.6899999999999
STU10938,Edward Jenkins,21,Female,75.88,28.18,82.41,80.63,65.41,Yes,2,Medium,72.93,73.02,77.715,2138.2983999999997
STU10939,Amy Ramirez,22,Female,71.72,16.37,71.19,61.18,56.75,No,3,Medium,56.79,58.965,65.0775,1174.0564
STU10940,Curtis Wilkerson,18,Male,75.12,25.46,72.76,75.79,76.76,Yes,1,High,67.7,76.275,74.51750000000001,1912.5552000000002
STU10941,Lydia Pham,20,Male,92.19,29.44,61.8,65.67,66.73,Yes,2,Medium,56.44,66.2,64.0,2714.0736
STU10942,Virginia Casey,21,Male,53.12,22.74,57.67,59.52,56.27,Yes,1,High,50.2,57.895,57.7825,1207.9488
STU10943,Joshua Washington,24,Female,90.77,11.02,64.64,45.15,62.47,Yes,2,Medium,56.53,53.81,59.225,1000.2853999999999
STU10944,Kathryn Price,21,Female,81.38,14.49,60.85,57.09,66.73,No,3,High,58.28,61.910000000000004,61.38,1179.1961999999999
STU10945,Francis Robinson,21,Female,65.93,27.94,71.79,82.94,58.48,Yes,2,Medium,58.83,70.71,71.25,1842.0842000000002
STU10946,Paula Brown,23,Female,67.25,18.99,62.26,52.09,47.32,No,1,Medium,59.9,49.705,55.9825,1277.0774999999999
STU10947,Kendra Wang DVM,21,Male,94.76,20.48,71.47,62.66,61.88,No,1,Medium,66.75,62.269999999999996,66.87,1940.6848000000002
STU10948,Ariel Sandoval,24,Male,68.54,24.55,62.19,58.89,53.74,Yes,1,High,71.23,56.315,59.2525,1682.6570000000002
STU10949,Robert Stark,22,Male,66.47,24.18,63.51,64.12,56.46,No,2,Medium,47.22,60.290000000000006,61.900000000000006,1607.2446
STU10950,Zachary Robinson,21,Male,89.37,21.67,83.77,68.14,68.81,Yes,2,Medium,71.98,68.475,76.1225,1936.6479000000002
STU10951,Rebecca Kelly,19,Male,81.39,18.75,66.05,63.87,62.85,No,4,Medium,58.81,63.36,64.705,1526.0625
STU10952,Sarah Thompson,20,Male,68.62,18.12,61.53,62.09,57.17,Yes,3,Medium,58.1,59.63,60.58,1243.3944000000001
STU10953,Renee Wolfe,21,Female,80.17,25.15,71.48,73.17,63.05,No,3,Medium,75.99,68.11,69.795,2016.2755
STU10954,Alyssa Haynes,20,Female,67.74,23.32,70.79,56.09,47.08,Yes,2,Low,42.06,51.585,61.1875,1579.6968
STU10955,Kristy Hart,19,Other,89.01,18.46,76.72,73.68,65.48,No,2,Medium,63.49,69.58000000000001,73.15,1643.1246
STU10956,William Keith,19,Female,88.61,26.49,57.67,70.04,59.67,No,1,Medium,56.39,64.855,61.2625,2347.2789
STU10957,Eric Henry Jr.,20,Female,83.32,19.23,78.94,74.04,68.97,Yes,1,Medium,65.29,71.505,75.2225,1602.2436
STU10958,Daniel Fox,17,Male,81.62,14.89,78.13,66.77,61.39,No,0,Medium,49.46,64.08,71.10499999999999,1215.3218000000002
STU10959,Thomas Harris,18,Female,95.61,15.45,66.71,61.48,61.53,Yes,0,Low,67.2,61.504999999999995,64.10749999999999,1477.1744999999999
STU10960,Mitchell Sellers,23,Female,78.0,14.13,59.28,59.32,51.46,Yes,3,High,66.22,55.39,57.335,1102.14
STU10961,Erica Johnson,17,Male,66.18,18.37,61.18,68.34,57.94,No,0,Medium,59.54,63.14,62.16,1215.7266000000002
STU10962,Sylvia Schroeder,17,Male,82.49,27.4,71.88,66.72,59.64,No,3,High,57.2,63.18,67.53,2260.2259999999997
STU10963,Shannon Yu,22,Female,98.86,15.17,76.73,72.21,67.66,Yes,2,Medium,71.6,69.935,73.33250000000001,1499.7062
STU10964,Tom Foster,23,Male,67.85,21.13,53.31,54.61,44.8,Yes,3,High,58.51,49.705,51.5075,1433.6704999999997
STU10965,Eric Taylor,23,Female,74.39,16.06,58.17,53.11,53.06,No,3,Medium,55.77,53.085,55.6275,1194.7033999999999
STU10966,Travis Conner,17,Female,82.16,18.44,81.55,60.45,61.8,No,2,Medium,62.81,61.125,71.3375,1515.0304
STU10967,Marie Thompson,21,Male,77.46,10.94,57.14,47.31,56.58,Yes,0,Medium,61.54,51.945,54.542500000000004,847.4123999999999
STU10968,Melissa Mcfarland,22,Male,68.18,18.68,74.05,58.37,62.01,Yes,2,High,58.43,60.19,67.12,1273.6024000000002
STU10969,Courtney Chapman,22,Male,89.22,18.84,76.36,65.09,67.0,No,1,Medium,64.14,66.045,71.2025,1680.9048
STU10970,Eric Barker,19,Male,100.0,23.24,68.6,62.06,61.74,No,1,Medium,67.23,61.900000000000006,65.25,2324.0
STU10971,Nicholas Rush,24,Male,79.96,21.34,76.37,66.51,67.9,No,1,Low,63.48,67.20500000000001,71.78750000000001,1706.3464
STU10972,Jenna Gamble,23,Female,68.96,12.81,60.73,49.39,55.79,Yes,1,Medium,56.75,52.59,56.66,883.3775999999999
STU10973,Amanda Guzman,17,Male,62.51,26.51,65.37,66.64,59.42,No,0,Medium,60.46,63.03,64.2,1657.1401
STU10974,Tracy Walker,19,Female,80.58,21.26,73.83,58.11,70.31,No,2,Low,63.84,64.21000000000001,69.02000000000001,1713.1308000000001
STU10975,Taylor Taylor,20,Male,89.04,21.19,78.77,62.63,69.6,Yes,0,Medium,64.95,66.115,72.4425,1886.7576000000001
STU10976,Cynthia Haas,18,Female,82.75,19.94,77.01,70.75,72.83,No,1,Medium,63.12,71.78999999999999,74.4,1650.035
STU10977,Stephen Davis,24,Male,77.98,16.89,76.26,60.16,64.01,No,2,High,64.7,62.085,69.1725,1317.0822
STU10978,Margaret Tanner,24,Male,72.11,21.31,71.62,72.23,68.15,Yes,3,Low,72.23,70.19,70.905,1536.6641
STU10979,Derek Wright,24,Female,67.08,22.85,58.2,60.63,51.02,No,3,Medium,53.77,55.825,57.0125,1532.778
STU10980,David Rodriguez,22,Female,86.35,9.52,62.89,55.43,56.39,No,0,High,61.08,55.91,59.4,822.0519999999999
STU10981,James Oconnor,20,Male,87.14,16.77,92.2,82.98,80.49,No,1,Medium,76.11,81.735,86.9675,1461.3378
STU10982,Stacey Snyder,24,Female,62.54,18.47,68.02,58.43,58.48,No,1,Medium,67.76,58.455,63.2375,1155.1137999999999
STU10983,Joshua Garcia,20,Male,93.9,21.54,94.22,77.15,81.3,Yes,0,High,78.58,79.225,86.7225,2022.606
STU10984,Sean Curtis,21,Female,83.74,27.16,87.28,86.05,82.92,Yes,2,Medium,81.94,84.485,85.8825,2274.3784
STU10985,Carla Jones,24,Male,92.0,15.37,74.25,66.93,60.69,No,0,Medium,58.47,63.81,69.03,1414.04
STU10986,Elizabeth Flores,18,Male,64.58,17.01,64.85,56.31,50.45,Yes,0,High,48.53,53.38,59.114999999999995,1098.5058000000001
STU10987,Angela Jackson,20,Female,64.34,16.92,62.32,64.29,58.33,Yes,0,High,58.62,61.31,61.815,1088.6328
STU10988,Nicholas Payne,20,Female,76.51,15.19,54.07,49.79,48.03,Yes,2,Medium,58.76,48.91,51.489999999999995,1162.1869000000002
STU10989,Anna Wheeler,18,Male,83.03,17.92,70.88,63.61,80.57,Yes,1,Low,69.12,72.09,71.485,1487.8976000000002
STU10990,Karen Johnson,24,Female,95.96,24.62,89.09,80.88,81.26,No,2,Medium,64.71,81.07,85.08,2362.5352
STU10991,Carmen Preston,18,Female,85.06,13.68,64.4,50.63,56.88,Yes,1,Low,58.59,53.755,59.0775,1163.6208
STU10992,Brian Harris,20,Male,75.57,22.57,73.91,68.99,62.55,Yes,3,Low,52.75,65.77,69.84,1705.6148999999998
STU10993,Michael Bowen,18,Female,67.74,9.79,64.91,59.67,54.75,No,3,Medium,60.02,57.21,61.06,663.1745999999999
STU10994,Deborah Campbell,20,Male,90.3,16.63,66.39,63.18,63.56,No,1,High,66.96,63.370000000000005,64.88,1501.6889999999999
STU10995,Anthony Armstrong,20,Female,68.35,18.02,61.79,57.22,55.88,No,1,High,55.22,56.55,59.17,1231.667
STU10996,Brittany Ward,21,Female,94.28,30.05,76.62,77.64,70.56,No,3,Medium,76.03,74.1,75.36,2833.114
STU10997,Edward Stanley,17,Female,75.16,18.35,62.15,60.2,56.49,No,0,Medium,53.94,58.345,60.2475,1379.1860000000001
STU10998,Christina Johnson,20,Male,93.91,6.79,58.3,52.07,64.13,No,1,Low,55.47,58.099999999999994,58.199999999999996,637.6489
STU10999,Edgar Miller,24,Male,84.79,8.01,58.22,51.36,62.23,No,0,Medium,46.48,56.795,57.5075,679.1679
STU11000,Elizabeth Sanders,19,Male,76.63,20.2,79.73,67.7,68.19,No,1,Low,60.42,67.945,73.8375,1547.926
STU11001,Matthew Davis MD,22,Male,72.81,23.68,64.29,65.9,53.42,Yes,4,High,66.9,59.660000000000004,61.97500000000001,1724.1408000000001
STU11002,Stephen Wood,23,Male,74.59,22.25,71.3,69.58,66.92,No,2,Low,52.68,68.25,69.775,1659.6275
STU11003,Dennis Marshall,17,Female,82.28,21.01,69.1,59.1,69.1,Yes,2,High,71.22,64.1,66.6,1728.7028000000003
STU11004,Derrick Brown,17,Male,78.77,26.97,83.64,79.16,79.58,Yes,3,Medium,62.83,79.37,81.505,2124.4269
STU11005,Mary Miller,17,Male,72.06,16.76,74.73,50.42,61.89,Yes,1,Medium,51.94,56.155,65.4425,1207.7256000000002
STU11006,Joshua Arellano,21,Female,76.34,25.37,79.34,77.0,77.1,Yes,2,Medium,70.0,77.05,78.195,1936.7458000000001
STU11007,Kristen Randall,20,Male,78.79,10.21,65.81,57.23,59.09,No,0,Medium,57.1,58.16,61.985,804.4459000000002
STU11008,Jennifer Nichols,21,Female,56.71,14.57,56.27,54.22,53.15,No,2,High,48.57,53.685,54.977500000000006,826.2647000000001
STU11009,Karen Keith,20,Male,82.58,9.16,56.1,44.99,48.49,No,3,High,48.97,46.74,51.42,756.4328
STU11010,Blake Orr,24,Female,68.2,18.35,78.73,68.49,66.63,No,0,Medium,69.14,67.56,73.14500000000001,1251.4700000000003
STU11011,Kathryn Lester,21,Male,66.47,19.72,60.07,65.98,64.06,Yes,3,Medium,67.5,65.02000000000001,62.545,1310.7884
STU11012,Megan Oliver,21,Male,61.13,20.68,68.57,70.92,58.1,No,1,Medium,55.52,64.51,66.53999999999999,1264.1684
STU11013,Peter Thompson,22,Female,60.06,20.37,70.7,63.05,54.52,Yes,5,High,57.79,58.785,64.7425,1223.4222000000002
STU11014,Dr. Rhonda Martinez,19,Male,64.45,14.43,56.99,51.61,51.39,No,2,High,50.53,51.5,54.245000000000005,930.0135
STU11015,William Graham,21,Female,70.91,18.86,73.83,71.34,63.86,Yes,2,Medium,77.52,67.6,70.715,1337.3626
STU11016,Lori Flowers MD,22,Male,97.53,11.02,77.08,53.06,68.3,Yes,5,Medium,66.35,60.68,68.88,1074.7806
STU11017,Suzanne Jones,18,Male,72.74,28.18,85.92,77.95,69.64,No,2,Medium,78.82,73.795,79.8575,2049.8132
STU11018,James Nguyen,19,Female,79.78,18.18,66.35,68.85,71.87,No,2,Medium,68.78,70.36,68.35499999999999,1450.4004
STU11019,Jimmy Marks,24,Male,82.0,17.07,60.75,62.83,53.2,No,0,Low,52.05,58.015,59.3825,1399.74
STU11020,Lisa Mills,21,Female,79.31,29.53,73.86,77.35,75.05,No,0,Medium,64.72,76.19999999999999,75.03,2342.0243
STU11021,Jason Hernandez,23,Other,77.23,12.55,66.14,46.36,51.0,Yes,2,High,60.81,48.68,57.41,969.2365000000001
STU11022,Olivia Ayers,17,Female,66.05,13.25,61.1,51.84,43.76,No,2,Medium,44.23,47.8,54.45,875.1624999999999
STU11023,Kristine Garcia,18,Female,92.51,13.42,68.64,55.54,63.15,No,2,Low,55.68,59.345,63.9925,1241.4842
STU11024,Joseph Cooper,18,Male,96.07,19.59,63.78,64.3,62.77,Yes,2,High,70.27,63.535,63.6575,1882.0113
STU11025,James Washington,24,Male,61.17,22.59,68.57,59.31,51.44,Yes,3,Medium,55.0,55.375,61.9725,1381.8303
STU11026,Amanda Hill,22,Male,67.76,24.44,83.02,68.28,58.1,Yes,0,Medium,60.43,63.19,73.10499999999999,1656.0544000000002
STU11027,Lee Steele,18,Female,75.2,35.43,83.13,72.74,69.55,No,2,Medium,67.01,71.145,77.13749999999999,2664.3360000000002
STU11028,Steve Rivera,19,Other,68.35,6.5,61.15,53.65,58.73,Yes,2,Medium,50.86,56.19,58.67,444.275
STU11029,Patrick Mccall,21,Male,83.06,23.65,78.79,70.53,71.8,Yes,0,Medium,71.42,71.16499999999999,74.97749999999999,1964.369
STU11030,Alicia Roth,21,Female,70.72,16.66,67.73,60.26,59.22,Yes,2,Medium,59.36,59.739999999999995,63.735,1178.1951999999999
STU11031,Douglas Vasquez,23,Male,99.65,16.48,82.92,70.39,75.98,No,2,High,65.91,73.185,78.05250000000001,1642.2320000000002
STU11032,Annette Melton,24,Female,89.91,16.28,75.13,58.56,64.64,No,2,Medium,60.32,61.6,68.365,1463.7348
STU11033,William Ramos,17,Male,80.13,14.55,65.05,49.33,48.91,No,2,High,52.82,49.12,57.084999999999994,1165.8915
STU11034,Debra Butler,22,Other,88.27,30.11,75.81,71.59,62.14,Yes,5,Medium,66.13,66.86500000000001,71.3375,2657.8097
STU11035,Chelsea Lewis,17,Female,89.06,25.05,76.42,69.14,67.74,Yes,3,High,74.89,68.44,72.43,2230.953
STU11036,Natalie Malone,18,Male,72.36,20.14,70.24,66.19,61.42,Yes,2,Medium,57.87,63.805,67.0225,1457.3304
STU11037,Samantha Robertson,24,Male,69.84,28.11,70.4,66.23,66.04,No,0,Medium,77.65,66.135,68.26750000000001,1963.2024000000001
STU11038,Eric Hunter,23,Male,78.78,10.92,66.36,64.68,65.41,Yes,0,Medium,69.55,65.045,65.7025,860.2776
STU11039,Samuel Suarez,17,Male,86.62,12.02,71.14,64.77,67.92,Yes,1,Medium,73.04,66.345,68.7425,1041.1724
STU11040,Corey Whitaker,19,Male,79.39,6.93,67.44,56.12,57.72,No,1,Low,46.93,56.92,62.18,550.1727
STU11041,Danielle Bryant,21,Female,62.23,15.8,69.93,58.19,50.38,Yes,4,High,45.47,54.285,62.1075,983.234
STU11042,Michele Hill,18,Female,69.97,20.97,68.21,72.47,65.29,No,1,Low,56.78,68.88,68.54499999999999,1467.2709
STU11043,Kathy Reid,23,Female,77.26,20.62,61.18,58.62,60.01,Yes,2,Low,57.88,59.315,60.2475,1593.1012000000003
STU11044,Andre Watson,17,Male,77.24,20.9,68.11,63.81,49.68,No,4,Medium,56.49,56.745000000000005,62.4275,1614.3159999999998
STU11045,Cassandra Harrell,22,Female,97.73,11.53,72.47,61.03,62.1,Yes,1,High,62.96,61.565,67.0175,1126.8269
STU11046,Hannah Martin,19,Female,64.14,24.82,55.18,63.31,50.84,Yes,2,Low,41.11,57.075,56.1275,1591.9548
STU11047,Nicole Barker,19,Male,83.06,21.44,82.95,77.05,73.2,Yes,5,High,70.53,75.125,79.0375,1780.8064000000002
STU11048,James Martin,17,Female,92.89,24.4,80.23,72.52,68.02,No,1,High,69.37,70.27,75.25,2266.516
STU11049,Traci Vincent,21,Female,100.0,8.64,73.72,55.12,64.9,No,2,Medium,60.13,60.010000000000005,66.86500000000001,864.0
STU11050,Megan Adams,17,Male,73.96,21.87,79.45,74.62,67.66,Yes,0,Medium,63.89,71.14,75.295,1617.5051999999998
STU11051,Alejandro Deleon,18,Male,82.91,12.87,62.76,58.68,58.29,No,1,High,54.21,58.485,60.6225,1067.0517
STU11052,Alexa Buck,17,Female,83.7,17.62,74.83,63.02,61.41,No,0,Medium,71.24,62.215,68.52250000000001,1474.794
STU11053,Lindsay Smith,19,Male,79.95,23.21,72.46,59.21,58.88,No,1,Medium,64.06,59.045,65.7525,1855.6395000000002
STU11054,Robert Torres,23,Female,77.01,20.55,68.9,62.85,56.11,No,1,High,66.03,59.480000000000004,64.19,1582.5555000000002
STU11055,Maria Coleman,17,Female,82.36,14.89,62.96,60.01,61.41,Yes,0,High,63.0,60.709999999999994,61.834999999999994,1226.3404
STU11056,Gregory King,21,Female,52.68,20.04,71.76,73.6,64.27,No,2,High,54.25,68.935,70.3475,1055.7072
STU11057,Michael Holloway,24,Male,84.82,10.81,63.87,46.15,51.62,Yes,1,Medium,58.72,48.885,56.3775,916.9042
STU11058,Brian Hunt,23,Male,79.26,26.9,80.43,73.81,77.44,Yes,1,Medium,79.75,75.625,78.0275,2132.094
STU11059,Sarah Brooks,22,Female,75.78,18.77,55.33,52.57,51.35,Yes,2,Medium,62.69,51.96,53.644999999999996,1422.3906
STU11060,Lisa Evans,20,Female,98.47,26.71,91.34,92.26,91.6,No,0,Medium,86.38,91.93,91.635,2630.1337
STU11061,Arthur Mcneil,17,Male,71.25,16.84,72.65,62.03,58.18,No,1,Medium,58.27,60.105000000000004,66.3775,1199.85
STU11062,Shannon Green,21,Female,73.97,16.86,67.07,54.02,47.04,No,1,Medium,52.6,50.53,58.8,1247.1342
STU11063,Stephanie Evans,23,Female,97.92,15.41,73.37,67.37,70.85,No,2,Medium,70.74,69.11,71.24000000000001,1508.9472
STU11064,Ralph Yoder,21,Male,69.68,25.26,73.35,67.62,64.52,No,2,High,54.68,66.07,69.71,1760.1168000000002
STU11065,Rebekah Greene,22,Male,72.5,15.74,81.04,58.64,63.56,Yes,3,High,69.28,61.1,71.07000000000001,1141.15
STU11066,Melanie Griffith,19,Female,76.53,23.87,59.98,56.77,52.96,Yes,3,High,56.19,54.865,57.4225,1826.7711000000002
STU11067,Yolanda Green,21,Male,86.41,17.71,77.44,77.58,71.37,Yes,0,Low,79.9,74.475,75.9575,1530.3211000000001
STU11068,James Johnson,23,Male,80.08,8.14,56.35,48.63,50.2,Yes,2,Low,47.58,49.415000000000006,52.88250000000001,651.8512000000001
STU11069,Laura Lee,21,Male,65.07,16.58,62.49,56.45,53.13,Yes,0,High,56.81,54.790000000000006,58.64,1078.8605999999997
STU11070,Courtney Nichols,21,Male,72.68,12.93,61.39,51.17,58.14,Yes,0,Medium,55.52,54.655,58.0225,939.7524000000001
STU11071,Susan Powers,21,Female,71.93,20.2,64.91,62.83,60.02,No,2,Medium,54.21,61.425,63.1675,1452.986
STU11072,Sarah Pittman,18,Female,77.23,12.86,64.82,56.63,61.0,No,1,Low,56.7,58.815,61.817499999999995,993.1778
STU11073,Catherine Davis,18,Male,82.26,25.56,67.86,70.31,63.65,No,1,Medium,65.18,66.98,67.42,2102.5656
STU11074,David Stokes,19,Female,82.18,19.45,78.69,69.69,66.66,No,1,Medium,71.58,68.175,73.4325,1598.401
STU11075,Catherine Frazier,17,Female,60.24,18.93,49.79,55.66,43.19,Yes,3,High,55.3,49.425,49.6075,1140.3432
STU11076,Brandon Kelly,21,Female,88.64,23.94,80.99,75.09,70.51,No,3,High,73.68,72.80000000000001,76.89500000000001,2122.0416
STU11077,Elizabeth French,22,Male,80.53,25.78,72.97,65.52,47.97,Yes,2,Medium,55.33,56.745,64.8575,2076.0634
STU11078,David Carter,17,Male,91.85,19.88,67.46,60.51,60.21,Yes,0,Medium,57.18,60.36,63.91,1825.9779999999998
STU11079,Julie Delacruz,22,Other,82.44,15.37,70.15,48.79,57.71,No,3,High,69.45,53.25,61.7,1267.1028
STU11080,Terry Jones,17,Female,89.01,9.36,56.26,60.43,61.46,Yes,1,Medium,59.59,60.945,58.6025,833.1336
STU11081,Kathryn Dillon,19,Male,82.67,15.88,69.46,65.94,62.58,Yes,3,Medium,76.3,64.25999999999999,66.85999999999999,1312.7996
STU11082,Edwin Brown,21,Male,91.46,16.3,63.03,53.5,60.82,Yes,5,High,57.99,57.16,60.095,1490.798
STU11083,Brenda Gonzalez,21,Male,83.22,20.64,75.96,66.98,55.77,No,1,High,76.53,61.375,68.66749999999999,1717.6608
STU11084,Keith Knox,20,Female,77.02,17.93,61.89,54.06,55.7,No,3,High,52.08,54.88,58.385000000000005,1380.9686
STU11085,Eugene Baldwin,22,Female,100.0,24.13,78.73,84.27,68.65,Yes,4,Medium,71.98,76.46000000000001,77.595,2413.0
STU11086,Katherine Welch,17,Female,86.89,16.32,73.24,55.14,56.27,No,1,Medium,61.38,55.705,64.4725,1418.0448000000001
STU11087,Mark Smith,17,Male,83.74,19.66,66.85,63.52,61.44,Yes,2,High,70.52,62.480000000000004,64.66499999999999,1646.3283999999999
STU11088,Philip Jackson,24,Female,65.24,27.1,69.66,68.58,67.81,Yes,2,Low,65.06,68.195,68.9275,1768.004
STU11089,Katherine Gallagher,24,Female,65.12,22.05,55.89,62.06,56.16,Yes,0,High,45.43,59.11,57.5,1435.8960000000002
STU11090,Lucas Schultz,18,Male,80.93,19.64,75.54,66.69,66.06,No,5,Medium,61.43,66.375,70.95750000000001,1589.4652
STU11091,Vincent Reyes,20,Female,79.46,16.39,80.61,56.48,63.78,Yes,1,High,58.24,60.129999999999995,70.37,1302.3493999999998
STU11092,Curtis Watson,23,Other,71.86,16.2,84.63,66.81,63.81,No,3,Medium,56.04,65.31,74.97,1164.1319999999998
STU11093,Frank Whitaker,24,Male,79.41,14.9,67.83,52.82,55.39,Yes,4,Medium,58.05,54.105000000000004,60.9675,1183.209
STU11094,Michael Sims,23,Female,93.89,16.75,79.8,68.83,72.94,Yes,0,Medium,57.2,70.88499999999999,75.3425,1572.6575
STU11095,Michael Cooper,18,Male,84.95,24.53,63.69,74.21,58.33,No,1,Medium,67.77,66.27,64.97999999999999,2083.8235
STU11096,James Chapman,18,Female,66.59,18.67,75.22,54.4,61.65,Yes,2,Medium,64.24,58.025,66.6225,1243.2353000000003
STU11097,Rodney Evans,18,Female,76.88,11.9,69.52,51.83,55.91,Yes,1,Medium,66.48,53.87,61.69499999999999,914.872
STU11098,Nicholas Carlson,22,Female,69.95,30.61,71.02,70.29,67.58,Yes,1,High,60.69,68.935,69.97749999999999,2141.1695
STU11099,Stephen Cowan,22,Female,74.12,21.92,78.65,68.11,71.0,No,3,Medium,60.65,69.555,74.1025,1624.7104000000002
STU11100,Steven Howard,19,Male,73.86,11.56,60.85,55.7,47.2,No,3,Medium,58.52,51.45,56.150000000000006,853.8216
STU11101,Travis Hull,19,Female,73.22,17.35,63.23,56.67,53.7,Yes,2,Low,60.07,55.185,59.207499999999996,1270.3670000000002
STU11102,Darryl Acosta,18,Female,65.45,20.67,68.98,65.58,55.91,Yes,1,High,68.66,60.745,64.8625,1352.8515000000002
STU11103,Nicholas Lawrence,20,Male,76.72,30.23,69.41,69.3,54.83,Yes,1,Medium,68.65,62.065,65.7375,2319.2456
STU11104,Jacob Santos,17,Female,72.39,13.35,70.45,59.38,54.76,Yes,4,Medium,59.9,57.07,63.760000000000005,966.4064999999999
STU11105,Shawn Scott,22,Female,48.71,25.86,55.19,63.17,63.37,No,3,High,54.32,63.269999999999996,59.23,1259.6406
STU11106,Amber Vang,20,Male,98.53,28.4,76.94,73.34,75.35,No,2,Medium,76.69,74.345,75.6425,2798.252
STU11107,Martha Smith,21,Female,88.89,16.23,65.55,64.24,72.79,No,1,Medium,61.6,68.515,67.0325,1442.6847
STU11108,Jennifer James,22,Female,74.24,18.33,72.84,64.3,66.99,Yes,1,Medium,64.13,65.645,69.2425,1360.8191999999997
STU11109,Kara Hernandez,22,Male,78.19,13.78,61.6,60.37,54.62,No,5,High,56.1,57.495,59.5475,1077.4581999999998
STU11110,Lorraine Turner,19,Other,66.28,18.78,55.22,52.69,49.12,No,2,Medium,51.74,50.905,53.0625,1244.7384000000002
STU11111,Mary Nelson,17,Male,94.96,19.78,72.59,69.51,71.67,No,2,High,77.6,70.59,71.59,1878.3088
STU11112,Breanna Rivas,17,Male,96.97,23.96,80.34,75.2,76.02,No,2,High,72.76,75.61,77.975,2323.4012000000002
STU11113,Nathan Wilson,24,Male,79.57,26.54,67.14,68.19,60.39,No,2,Medium,58.76,64.28999999999999,65.715,2111.7877999999996
STU11114,Brian Gonzalez,23,Female,88.24,15.51,63.09,59.04,52.84,No,4,High,58.93,55.94,59.515,1368.6024
STU11115,Dennis Mills,23,Female,79.75,8.2,77.42,61.16,80.89,Yes,1,Medium,60.69,71.025,74.2225,653.9499999999999
STU11116,Michael Phillips,23,Male,64.63,19.87,58.74,49.16,49.99,No,0,Medium,53.24,49.575,54.1575,1284.1981
STU11117,Jon Clark,23,Male,73.88,21.76,67.52,72.71,62.23,Yes,0,Medium,63.17,67.47,67.495,1607.6288
STU11118,Erin Smith,21,Female,79.32,21.5,69.21,54.19,59.62,No,1,High,59.9,56.905,63.0575,1705.3799999999999
STU11119,Susan Conley,21,Male,73.45,18.04,64.06,54.71,55.05,No,3,Medium,57.56,54.879999999999995,59.47,1325.038
STU11120,Brittany Davis,22,Female,75.81,20.75,74.2,66.5,65.02,No,1,Medium,53.75,65.75999999999999,69.97999999999999,1573.0575000000001
STU11121,Misty Garcia,18,Female,77.09,29.09,82.84,81.93,79.52,Yes,2,Medium,83.19,80.725,81.7825,2242.5481
STU11122,David Hinton,19,Female,77.19,22.29,69.34,75.37,65.46,Yes,2,Medium,62.77,70.41499999999999,69.8775,1720.5650999999998
STU11123,John Garcia,19,Other,78.52,17.76,60.18,45.79,46.98,Yes,3,Low,47.59,46.385,53.2825,1394.5152
STU11124,Andrew Roberts,23,Male,67.39,17.0,72.78,59.02,58.8,No,1,Medium,62.5,58.91,65.845,1145.63
STU11125,Emily Rodgers,22,Other,70.83,18.98,65.95,47.68,51.61,No,4,Medium,56.9,49.644999999999996,57.7975,1344.3534
STU11126,Peter Williams,24,Female,65.15,29.82,84.05,79.77,77.49,No,1,Medium,82.26,78.63,81.34,1942.7730000000001
STU11127,Mary Jackson,20,Female,87.78,18.9,57.62,59.11,64.27,Yes,4,Medium,55.89,61.69,59.655,1659.042
STU11128,Jeffrey Howell,18,Male,56.94,19.88,63.06,67.81,57.73,No,2,Medium,50.4,62.769999999999996,62.915,1131.9671999999998
STU11129,Anna Briggs,22,Female,89.54,17.11,86.22,72.5,67.07,No,5,High,64.33,69.785,78.0025,1532.0294000000001
STU11130,James Rivers,18,Male,91.86,26.59,77.88,82.22,68.28,Yes,3,High,75.74,75.25,76.565,2442.5574
STU11131,James Jefferson,18,Male,74.98,31.76,75.65,81.19,69.97,No,1,Medium,66.66,75.58,75.61500000000001,2381.3648000000003
STU11132,Mariah Robles,18,Male,51.97,22.7,63.75,58.08,54.72,No,1,Low,45.18,56.4,60.075,1179.719
STU11133,Michael Brown,22,Female,74.39,20.5,65.19,53.29,54.47,No,1,High,56.35,53.879999999999995,59.535,1524.9950000000001
STU11134,Caitlin Perry,23,Female,77.36,20.22,67.91,64.93,59.57,No,2,High,55.87,62.25,65.08,1564.2192
STU11135,Rebekah Gregory,19,Female,67.89,5.69,53.77,32.53,40.82,Yes,0,Medium,52.03,36.675,45.2225,386.2941
STU11136,James Howard,19,Female,72.85,24.47,66.88,73.86,63.71,No,0,Low,54.44,68.785,67.8325,1782.6394999999998
STU11137,Michael Roberson,23,Male,93.3,20.8,85.48,74.09,62.6,No,2,Low,62.34,68.345,76.9125,1940.64
STU11138,Bianca Knapp,18,Female,84.65,22.57,77.89,78.79,66.26,No,1,Medium,53.35,72.525,75.20750000000001,1910.5505
STU11139,Jason Williams,20,Male,68.75,15.73,65.27,54.05,52.38,No,5,Low,41.09,53.215,59.2425,1081.4375
STU11140,Ernest Bush,17,Female,62.02,17.69,67.85,61.05,63.56,No,1,High,55.89,62.305,65.0775,1097.1338
STU11141,Patricia Ray,22,Female,74.73,17.53,65.31,60.43,54.89,Yes,1,Medium,55.74,57.66,61.485,1310.0169
STU11142,Vanessa Santiago,17,Female,75.87,26.13,68.22,68.35,63.88,No,2,Medium,66.79,66.115,67.16749999999999,1982.4831000000001
STU11143,Joseph Haynes,24,Female,82.96,17.73,66.38,58.17,61.32,Yes,0,High,53.05,59.745000000000005,63.0625,1470.8808
STU11144,Matthew Wright,23,Male,72.65,32.5,76.82,81.12,76.3,Yes,1,High,76.34,78.71000000000001,77.765,2361.125
STU11145,Michael Cruz,20,Male,83.11,22.59,66.64,59.74,67.17,Yes,1,High,68.9,63.455,65.0475,1877.4549
STU11146,Kristin Huerta,22,Female,97.35,12.35,69.08,51.59,61.42,No,2,High,66.46,56.505,62.792500000000004,1202.2724999999998
STU11147,Mason Moore,23,Male,86.16,19.23,69.31,71.5,64.14,No,2,Medium,70.46,67.82,68.565,1656.8568
STU11148,Sarah Booth,18,Male,77.52,16.09,82.14,71.77,66.05,Yes,1,High,61.86,68.91,75.525,1247.2967999999998
STU11149,John Allen,19,Female,76.17,6.83,40.83,36.62,41.14,Yes,0,High,47.69,38.879999999999995,39.855,520.2411
STU11150,Amber Walker,17,Female,74.43,29.6,74.23,84.9,68.41,No,1,Low,75.56,76.655,75.4425,2203.128
STU11151,Jennifer Young,21,Male,89.81,24.22,89.96,78.65,79.74,No,3,Medium,84.44,79.195,84.57749999999999,2175.1982
STU11152,Robert West,21,Male,71.73,23.2,70.78,74.92,67.44,No,2,Medium,75.8,71.18,70.98,1664.136
STU11153,Jillian Wilson,20,Female,78.45,20.99,76.35,69.78,69.79,Yes,2,High,70.98,69.785,73.0675,1646.6654999999998
STU11154,Matthew Garcia MD,18,Female,78.51,11.71,65.3,48.16,61.71,Yes,3,Medium,54.6,54.935,60.1175,919.3521000000002
STU11155,April Davis,24,Male,72.98,17.1,61.49,67.6,69.09,Yes,2,Medium,47.52,68.345,64.9175,1247.958
STU11156,Lisa Torres,17,Male,64.28,25.05,52.55,63.82,54.21,Yes,1,Low,44.23,59.015,55.7825,1610.2140000000002
STU11157,Christine Powers,18,Male,81.23,13.69,68.51,57.4,65.81,Yes,3,Medium,59.33,61.605000000000004,65.0575,1112.0387
STU11158,Heidi Brown,17,Male,77.39,5.0,54.03,46.32,48.84,Yes,1,Low,44.76,47.58,50.805,386.95
STU11159,Jesse Castro,20,Male,83.0,18.64,65.65,58.76,66.07,Yes,2,Medium,57.77,62.41499999999999,64.0325,1547.1200000000001
STU11160,Kara Sandoval,20,Female,72.66,19.15,63.98,64.66,64.86,Yes,0,High,64.54,64.75999999999999,64.36999999999999,1391.4389999999999
STU11161,Ashley Malone,24,Female,90.21,20.81,87.87,61.73,75.44,No,0,Medium,70.33,68.585,78.22749999999999,1877.2700999999997
STU11162,Glenn Gallegos,21,Female,69.23,24.37,86.58,70.36,69.25,Yes,5,Medium,69.23,69.805,78.1925,1687.1351000000002
STU11163,Dorothy Boyd,18,Male,95.12,23.83,81.25,81.52,72.65,Yes,1,Medium,78.71,77.08500000000001,79.1675,2266.7096
STU11164,Amber Martin,22,Female,60.52,21.55,61.04,57.52,46.63,No,3,Low,45.62,52.075,56.557500000000005,1304.2060000000001
STU11165,Mitchell Griffith,21,Male,82.35,27.17,68.72,71.73,65.43,No,4,Medium,71.86,68.58000000000001,68.65,2237.4495
STU11166,Levi Lopez,18,Other,82.75,10.89,69.0,47.95,65.15,No,1,Low,47.71,56.550000000000004,62.775000000000006,901.1475
STU11167,Jenna Bryant,21,Female,70.04,23.03,81.62,83.71,70.32,No,0,Medium,66.15,77.01499999999999,79.3175,1613.0212000000001
STU11168,Michelle Rodriguez,22,Male,82.24,23.76,72.8,76.79,72.73,No,1,Low,66.86,74.76,73.78,1954.0224
STU11169,Timothy Monroe,19,Female,90.8,12.56,53.46,48.58,58.09,No,3,Low,40.7,53.335,53.3975,1140.448
STU11170,Patricia Hayes,19,Male,55.83,10.98,59.71,45.88,46.7,No,0,Medium,42.58,46.290000000000006,53.0,613.0134
STU11171,Tina Taylor,24,Female,83.03,15.52,75.97,70.23,74.36,No,1,Medium,71.32,72.295,74.1325,1288.6256
STU11172,Mr. Anthony Mcconnell PhD,19,Male,53.07,16.03,46.35,57.12,32.29,Yes,0,Low,36.88,44.705,45.5275,850.7121000000001
STU11173,Mr. Thomas Thompson,19,Male,68.34,24.52,70.74,73.53,58.05,Yes,2,Medium,51.54,65.78999999999999,68.26499999999999,1675.6968000000002
STU11174,Monica Anderson,23,Female,94.29,16.31,77.29,79.65,69.21,No,1,High,66.1,74.43,75.86000000000001,1537.8699
STU11175,Kyle Andrade,17,Male,72.18,14.86,63.76,50.13,50.2,Yes,2,High,47.58,50.165000000000006,56.962500000000006,1072.5948
STU11176,Janice Petty,23,Female,66.26,16.33,57.4,47.98,51.82,No,0,Low,49.17,49.9,53.65,1082.0258
STU11177,Pamela Hill,23,Male,76.02,26.71,81.22,69.18,69.29,Yes,1,Medium,68.64,69.23500000000001,75.2275,2030.4941999999999
STU11178,Tracy Chavez,24,Female,98.68,20.08,75.7,72.23,73.48,Yes,1,Medium,62.07,72.855,74.2775,1981.4944
STU11179,Jason Graves,23,Female,59.68,18.92,51.72,52.5,51.39,No,1,Low,35.78,51.945,51.832499999999996,1129.1456
STU11180,Elizabeth Miles,19,Female,67.49,19.34,51.19,51.4,44.65,Yes,1,High,46.62,48.025,49.6075,1305.2566
STU11181,Michelle Walls,22,Male,92.97,27.75,90.44,88.87,75.26,No,1,High,78.85,82.065,86.2525,2579.9175
STU11182,Christina Weber,24,Male,96.58,15.5,78.8,74.34,74.9,No,0,High,68.1,74.62,76.71000000000001,1496.99
STU11183,Gregory Chambers,24,Male,76.97,27.89,75.93,65.41,61.71,No,2,High,67.22,63.56,69.745,2146.6933
STU11184,Miss Tina Gordon,20,Male,65.61,21.26,63.04,56.79,47.21,No,2,High,55.99,52.0,57.519999999999996,1394.8686
STU11185,Erica Wilson,24,Female,98.96,19.04,74.21,72.77,76.09,No,2,Medium,74.16,74.43,74.32,1884.1983999999998
STU11186,John Duncan,20,Female,93.94,35.01,79.55,81.85,82.25,No,1,Medium,67.57,82.05,80.8,3288.8394
STU11187,Jennifer Adkins,24,Female,84.79,13.67,65.46,52.0,65.85,No,5,High,60.18,58.925,62.192499999999995,1159.0793
STU11188,Donna Boone,17,Female,69.88,17.88,50.63,57.04,52.6,No,5,Medium,58.54,54.82,52.725,1249.4543999999999
STU11189,Kelly Johnson,19,Female,77.51,12.61,59.68,44.19,54.99,No,0,Medium,47.13,49.59,54.635000000000005,977.4011
STU11190,Michael Gonzalez,24,Female,76.4,25.71,71.38,68.23,70.99,No,0,Medium,59.37,69.61,70.495,1964.2440000000001
STU11191,Candace Mitchell,19,Male,81.31,30.14,82.89,82.82,71.05,No,2,High,70.74,76.935,79.9125,2450.6834
STU11192,Ryan Vaughn,19,Female,92.51,30.02,82.74,78.33,80.43,Yes,2,Low,70.64,79.38,81.06,2777.1502
STU11193,Paul Johnson,21,Female,86.79,27.34,84.42,84.41,77.83,Yes,3,Medium,77.6,81.12,82.77000000000001,2372.8386
STU11194,Ashley Parrish,24,Female,67.23,18.81,74.5,61.21,65.51,Yes,2,High,60.77,63.36,68.93,1264.5963
STU11195,Sharon Newton,18,Male,91.76,17.81,81.58,78.53,75.32,Yes,0,High,62.54,76.925,79.2525,1634.2456
STU11196,Cynthia Mueller,21,Male,81.13,9.97,67.72,53.58,65.16,No,1,High,67.59,59.37,63.545,808.8661
STU11197,Donna Beck,18,Male,84.87,32.22,81.59,86.39,76.88,Yes,1,Medium,78.65,81.63499999999999,81.6125,2734.5114
STU11198,Jasmine Frye,19,Female,92.67,22.81,71.17,73.42,61.72,No,5,Low,64.01,67.57,69.37,2113.8026999999997
STU11199,Emily Arnold,19,Female,66.88,17.05,68.87,56.15,64.39,Yes,1,High,60.49,60.269999999999996,64.57,1140.3039999999999
STU11200,David Oliver,21,Male,77.64,27.97,87.39,68.68,65.41,Yes,3,Medium,67.34,67.045,77.2175,2171.5908
STU11201,Sheila Greer,21,Other,72.69,14.16,66.38,58.69,64.58,Yes,2,Medium,55.41,61.635,64.0075,1029.2904
STU11202,Michele Holland,18,Male,62.32,22.44,79.06,70.34,64.3,No,4,Medium,52.0,67.32,73.19,1398.4608
STU11203,Kimberly Morrison,20,Male,81.47,18.96,60.18,61.64,64.81,Yes,1,Medium,70.69,63.225,61.7025,1544.6712
STU11204,Tracey Phillips,18,Male,100.0,23.83,73.6,70.57,76.13,Yes,2,Medium,72.68,73.35,73.475,2383.0
STU11205,Michael Lopez,21,Female,59.6,19.62,68.56,58.74,58.63,No,0,Medium,45.28,58.685,63.6225,1169.352
STU11206,Jose Bennett,22,Female,77.68,11.29,65.83,66.19,64.29,Yes,0,Medium,54.82,65.24000000000001,65.535,877.0072
STU11207,Justin Anderson,21,Male,84.41,20.45,82.28,63.27,69.94,Yes,1,High,71.63,66.605,74.4425,1726.1844999999998
STU11208,Dawn Rivera,22,Female,79.23,26.29,74.99,77.23,59.05,No,2,Medium,66.38,68.14,71.565,2082.9567
STU11209,Brittney Hernandez,17,Male,76.87,19.82,63.55,57.03,58.17,Yes,2,Medium,54.09,57.6,60.575,1523.5634
STU11210,Anthony Randolph,21,Female,65.01,24.65,66.76,63.39,52.97,Yes,3,Medium,51.67,58.18,62.47,1602.4965
STU11211,Mary Henry,17,Female,80.33,13.73,56.01,49.29,53.78,Yes,3,Medium,51.18,51.535,53.772499999999994,1102.9309
STU11212,Heather Bowers,20,Female,70.43,19.84,59.16,52.62,47.49,Yes,3,High,43.58,50.055,54.6075,1397.3312
STU11213,Daniel White,18,Male,56.1,16.25,65.62,59.75,49.17,No,1,Low,45.51,54.46,60.040000000000006,911.625
STU11214,Jonathan Perry,22,Other,89.95,24.48,84.23,85.7,85.49,Yes,1,High,77.78,85.595,84.9125,2201.976
STU11215,Anna Walker,18,Female,87.58,20.19,76.71,71.94,74.89,No,0,Medium,77.51,73.41499999999999,75.0625,1768.2402000000002
STU11216,Gary Ward,17,Male,78.52,24.14,61.26,63.89,59.49,No,1,Medium,55.86,61.69,61.474999999999994,1895.4728
STU11217,Paul Moreno,22,Female,80.29,26.53,73.18,66.24,65.78,Yes,5,Low,64.83,66.00999999999999,69.595,2130.0937000000004
STU11218,Samantha Zavala MD,18,Male,88.74,24.15,68.83,71.57,65.65,No,1,Medium,74.59,68.61,68.72,2143.071
STU11219,Jill Conway,21,Female,80.24,21.64,80.48,84.7,76.71,Yes,2,Medium,67.35,80.705,80.5925,1736.3935999999999
STU11220,Lisa Haley,19,Male,87.04,14.01,65.54,55.08,56.24,Yes,0,Medium,54.2,55.66,60.6,1219.4304
STU11221,Erica Moon,17,Female,75.03,19.98,61.4,57.0,61.41,Yes,1,Medium,55.12,59.205,60.302499999999995,1499.0994
STU11222,Janice Fernandez,18,Female,91.12,16.8,73.42,61.25,64.09,Yes,2,High,56.96,62.67,68.045,1530.816
STU11223,Thomas Short,17,Male,81.21,17.94,65.56,57.39,57.18,No,1,High,57.65,57.285,61.4225,1456.9074
STU11224,Robert Griffin,23,Male,79.94,17.75,79.79,51.38,62.01,Yes,2,Medium,69.08,56.695,68.2425,1418.935
STU11225,Steven Lee,17,Male,65.3,14.12,55.86,52.39,47.99,No,1,Medium,53.83,50.19,53.025,922.036
STU11226,Tiffany Jackson,22,Male,80.87,8.26,53.34,39.78,50.41,No,0,Medium,54.8,45.095,49.2175,667.9862
STU11227,Kimberly Smith,23,Male,69.68,15.99,48.99,38.64,41.92,Yes,3,High,44.35,40.28,44.635000000000005,1114.1832000000002
STU11228,Michael Ayala,24,Female,71.62,21.16,68.24,68.26,64.44,No,0,Medium,53.72,66.35,67.29499999999999,1515.4792000000002
STU11229,Jessica Garcia,22,Male,69.85,11.91,57.34,42.75,55.08,No,2,Medium,63.75,48.915,53.1275,831.9134999999999
STU11230,Michele Cherry,19,Male,67.34,20.09,56.0,53.58,48.22,Yes,3,Medium,53.78,50.9,53.45,1352.8606
STU11231,Maria Case,23,Female,99.25,31.4,95.0,99.23,87.18,Yes,5,Medium,77.35,93.20500000000001,94.1025,3116.45
STU11232,Brittany Stevens,24,Male,91.31,26.14,84.49,70.67,74.87,Yes,4,Medium,89.17,72.77000000000001,78.63,2386.8434
STU11233,Brandon Brown,21,Female,97.2,29.86,84.58,73.92,72.74,Yes,3,Low,71.55,73.33,78.955,2902.392
STU11234,Kristin Andrews,17,Female,65.77,22.35,76.5,70.38,66.88,Yes,1,High,48.86,68.63,72.565,1469.9595
STU11235,David Hughes,18,Female,78.71,27.01,80.03,83.09,75.61,Yes,1,High,83.54,79.35,79.69,2125.9571
STU11236,Jessica Smith,20,Female,65.06,15.66,56.23,42.08,52.84,No,1,Medium,34.48,47.46,51.845,1018.8396
STU11237,Kimberly May,17,Female,71.04,16.13,57.43,55.65,50.76,No,0,Low,49.84,53.205,55.317499999999995,1145.8752
STU11238,Nicole Richards,24,Male,68.82,5.0,61.75,48.83,47.75,No,1,Medium,53.82,48.29,55.019999999999996,344.09999999999997
STU11239,Angel Reilly,17,Male,90.4,27.12,82.92,66.7,68.91,Yes,3,High,76.96,67.805,75.36250000000001,2451.648
STU11240,Richard Turner,19,Male,74.04,29.24,76.27,80.46,64.82,Yes,3,High,80.16,72.63999999999999,74.45499999999998,2164.9296
STU11241,Preston Kim,21,Female,88.68,16.68,66.22,65.56,66.68,Yes,0,Medium,69.93,66.12,66.17,1479.1824000000001
STU11242,Matthew Wells,20,Male,84.04,18.48,75.81,64.86,60.23,Yes,1,Medium,74.8,62.545,69.17750000000001,1553.0592000000001
STU11243,Brandy Myers,23,Female,100.0,15.48,70.55,70.25,80.95,No,2,Medium,70.44,75.6,73.07499999999999,1548.0
STU11244,Kimberly Choi,23,Other,63.21,22.3,65.18,69.06,66.11,Yes,4,Medium,59.91,67.58500000000001,66.38250000000001,1409.583
STU11245,Michael Sloan,23,Female,90.59,26.75,90.09,83.3,78.87,Yes,2,Medium,76.02,81.08500000000001,85.5875,2423.2825000000003
STU11246,Monica Brooks,24,Female,89.46,9.54,62.84,49.39,61.51,Yes,1,High,68.51,55.45,59.145,853.4483999999999
STU11247,Kristen Peters,22,Male,68.27,22.46,57.02,52.57,43.83,No,1,Medium,45.22,48.2,52.61,1533.3442
STU11248,Aaron Carlson,22,Female,88.07,18.34,65.7,61.22,74.65,No,2,Low,66.91,67.935,66.8175,1615.2037999999998
STU11249,Theresa Torres,18,Female,81.36,20.68,78.98,73.61,66.73,Yes,1,High,64.65,70.17,74.575,1682.5248
STU11250,Stephanie Cooper,20,Male,75.73,22.75,73.0,66.25,63.28,Yes,4,Low,56.42,64.765,68.8825,1722.8575
STU11251,Matthew Hunt,23,Male,69.76,18.87,65.21,46.64,43.82,Yes,1,High,59.97,45.230000000000004,55.22,1316.3712000000003
STU11252,Daniel Davenport,22,Female,70.81,19.38,63.33,66.97,62.2,No,1,Medium,61.4,64.58500000000001,63.9575,1372.2978
STU11253,Christopher Marsh,24,Female,98.5,18.72,80.9,72.33,67.8,No,1,High,58.18,70.065,75.4825,1843.9199999999998
STU11254,Sarah Randolph,18,Female,78.01,25.82,68.33,66.34,63.24,No,2,Medium,57.07,64.79,66.56,2014.2182000000003
STU11255,Julia Dunn MD,21,Female,85.82,22.51,77.22,76.45,68.23,No,1,Low,49.4,72.34,74.78,1931.8082
STU11256,Brett Swanson,18,Female,70.09,21.32,62.84,69.91,55.09,Yes,2,Medium,56.97,62.5,62.67,1494.3188
STU11257,Mr. Carl Rios,22,Female,70.2,12.37,55.46,31.84,40.57,Yes,2,Medium,43.26,36.205,45.832499999999996,868.374
STU11258,Manuel Mccullough,19,Male,88.82,17.73,68.48,65.11,65.65,No,1,Medium,60.16,65.38,66.93,1574.7785999999999
STU11259,Jerry Jensen,24,Male,64.5,25.39,65.95,57.01,49.53,Yes,0,High,63.4,53.269999999999996,59.61,1637.655
STU11260,Kevin Cunningham,19,Male,73.85,20.23,68.36,66.18,58.11,No,1,High,63.42,62.145,65.2525,1493.9855
STU11261,Eugene Patterson,23,Female,78.34,23.96,74.76,71.28,70.1,Yes,1,Medium,82.18,70.69,72.725,1877.0264000000002
STU11262,David Walker,19,Female,79.11,30.6,52.25,68.0,70.92,Yes,3,Medium,67.46,69.46000000000001,60.855000000000004,2420.766
STU11263,Jessica Larsen,23,Female,76.21,26.23,68.19,65.74,64.51,No,0,High,66.51,65.125,66.6575,1998.9883
STU11264,Nicholas Humphrey,23,Male,81.96,20.56,69.44,53.65,54.89,Yes,2,High,62.57,54.269999999999996,61.855,1685.0975999999998
STU11265,Ian Torres,22,Female,84.93,16.93,81.36,65.78,66.65,Yes,1,Medium,65.24,66.215,73.7875,1437.8649
STU11266,Casey Obrien,19,Female,85.35,5.0,55.08,45.77,52.53,Yes,1,High,50.33,49.150000000000006,52.115,426.75
STU11267,Shannon Taylor,23,Female,68.14,18.99,66.69,66.68,58.56,No,4,Medium,57.45,62.620000000000005,64.655,1293.9786
STU11268,Deborah Mercado,20,Female,75.16,18.04,78.16,59.71,67.8,Yes,5,Medium,63.86,63.754999999999995,70.9575,1355.8863999999999
STU11269,Bernard Smith,21,Male,89.95,22.34,67.43,72.35,68.0,Yes,0,Low,63.02,70.175,68.80250000000001,2009.483
STU11270,Amanda Perkins,18,Female,86.95,19.08,75.89,63.72,70.79,No,1,High,71.43,67.255,71.57249999999999,1659.0059999999999
STU11271,Kevin Escobar,18,Male,64.27,18.08,57.75,56.64,51.32,Yes,0,Medium,54.02,53.980000000000004,55.865,1162.0015999999998
STU11272,Kimberly Lutz,22,Male,81.51,9.32,60.6,46.81,60.52,No,2,Medium,51.69,53.665000000000006,57.13250000000001,759.6732000000001
STU11273,Reginald Diaz,19,Female,58.22,14.36,52.72,48.84,46.36,Yes,1,Medium,42.96,47.6,50.16,836.0391999999999
STU11274,Raymond Quinn,19,Female,78.47,22.86,67.27,70.77,59.15,No,0,Low,58.76,64.96,66.115,1793.8242
STU11275,John Dixon,23,Female,96.98,30.3,95.0,81.86,92.18,Yes,1,Medium,78.04,87.02000000000001,91.01,2938.494
STU11276,Jonathan Bates,24,Female,68.52,19.41,71.91,59.79,50.67,No,3,Medium,53.7,55.230000000000004,63.57,1329.9732
STU11277,Renee Mendez,17,Female,69.66,21.97,75.96,69.63,61.19,No,1,Medium,58.43,65.41,70.685,1530.4301999999998
STU11278,Jose Griffin,23,Female,85.64,25.71,80.7,90.5,73.91,No,1,Medium,87.89,82.205,81.4525,2201.8044
STU11279,Travis Hopkins,21,Female,62.57,15.13,49.38,41.85,56.99,Yes,1,High,43.6,49.42,49.400000000000006,946.6841000000001
STU11280,Nancy Webb,20,Male,71.67,22.2,71.97,78.97,76.2,Yes,2,Medium,64.76,77.58500000000001,74.7775,1591.074
STU11281,Daniel Freeman,18,Male,83.96,15.56,76.99,76.77,78.08,No,3,High,69.49,77.425,77.2075,1306.4176
STU11282,Jacob Williams,23,Male,71.66,25.19,65.32,65.18,58.35,Yes,1,Low,54.16,61.765,63.5425,1805.1154
STU11283,Terry Ward,17,Male,75.64,20.91,76.65,66.75,77.45,Yes,1,Medium,74.35,72.1,74.375,1581.6324
STU11284,Jesse Williams,17,Male,85.44,21.79,79.36,67.65,70.38,No,1,Medium,65.48,69.015,74.1875,1861.7376
STU11285,Mrs. Michele Boyd,23,Male,82.22,15.3,81.56,66.44,73.13,Yes,2,Medium,60.96,69.785,75.6725,1257.9660000000001
STU11286,Sandy Baker,22,Male,80.67,24.24,71.31,60.66,63.22,No,1,Low,66.97,61.94,66.625,1955.4407999999999
STU11287,Carrie Valdez,18,Other,74.61,32.51,69.92,74.72,65.3,Yes,2,High,70.04,70.00999999999999,69.965,2425.5710999999997
STU11288,Matthew Houston,22,Male,81.7,13.95,64.91,65.41,60.69,No,1,High,63.94,63.05,63.98,1139.715
STU11289,Jamie Solomon,20,Female,76.76,17.96,78.32,63.25,63.85,No,0,Low,62.68,63.55,70.935,1378.6096000000002
STU11290,Heather Parrish,17,Male,82.58,21.39,60.21,59.18,61.34,Yes,1,Medium,52.41,60.260000000000005,60.235,1766.3862
STU11291,Mr. Larry Shaw,17,Female,73.03,24.72,57.04,50.72,54.16,No,0,High,54.19,52.44,54.739999999999995,1805.3016
STU11292,Christopher Jones,21,Male,76.17,16.64,67.74,62.09,60.52,Yes,1,Low,62.14,61.30500000000001,64.52250000000001,1267.4688
STU11293,Christine Lopez,20,Male,68.1,5.0,52.64,41.85,54.24,No,3,Medium,44.54,48.045,50.3425,340.5
STU11294,Mitchell Wilson,17,Female,77.65,28.16,75.83,75.2,53.56,No,2,High,66.58,64.38,70.10499999999999,2186.6240000000003
STU11295,Robert Cortez,20,Male,69.89,24.56,76.77,70.02,67.9,Yes,3,High,71.93,68.96000000000001,72.86500000000001,1716.4984
STU11296,Mr. Daniel Martin,18,Male,66.86,9.54,54.55,43.52,51.29,No,2,Medium,39.22,47.405,50.9775,637.8444
STU11297,Alison Williams,19,Male,80.59,16.35,55.57,56.35,61.02,Yes,2,Medium,51.72,58.685,57.1275,1317.6465
STU11298,Candace Soto,17,Male,80.13,29.41,91.95,84.88,77.59,No,2,Medium,61.89,81.235,86.5925,2356.6232999999997
STU11299,Kenneth Brown,21,Male,85.83,28.69,72.43,76.13,70.2,Yes,2,High,73.38,73.16499999999999,72.7975,2462.4627
STU11300,Christopher Mullen,18,Male,73.69,25.63,65.0,67.48,66.04,No,0,High,74.23,66.76,65.88,1888.6746999999998
STU11301,Kristy Smith,23,Female,82.08,18.94,78.82,75.35,77.83,No,0,Medium,65.24,76.59,77.705,1554.5952
STU11302,Mary Campbell,20,Female,83.51,20.5,70.06,69.4,64.01,Yes,2,High,66.02,66.70500000000001,68.38250000000001,1711.9550000000002
STU11303,Jerry Haney,23,Female,82.45,19.21,70.98,65.73,65.67,No,1,High,70.91,65.7,68.34,1583.8645000000001
STU11304,Carolyn Greer,22,Male,69.74,26.77,75.01,81.43,77.09,Yes,0,Medium,71.65,79.26,77.135,1866.9397999999999
STU11305,Rebecca Hoover,18,Female,79.49,14.74,74.7,64.82,54.11,Yes,1,High,56.69,59.464999999999996,67.0825,1171.6825999999999
STU11306,Matthew Baker,23,Male,81.64,15.17,65.94,65.91,59.03,Yes,1,Medium,70.0,62.47,64.205,1238.4788
STU11307,Grace Chavez,24,Male,78.07,26.06,85.11,81.71,81.33,Yes,2,Medium,76.76,81.52,83.315,2034.5041999999996
STU11308,Crystal Cruz,24,Female,57.14,19.73,46.72,38.12,46.58,Yes,3,Medium,44.09,42.349999999999994,44.535,1127.3722
STU11309,Dale Heath,17,Male,79.6,28.27,81.95,86.3,77.42,Yes,3,High,76.75,81.86,81.905,2250.292
STU11310,Jennifer Hernandez,20,Male,100.0,15.97,70.3,63.85,64.71,Yes,3,Medium,70.39,64.28,67.28999999999999,1597.0
STU11311,John Mendez,19,Female,74.4,19.67,78.13,67.8,61.55,Yes,0,Medium,59.6,64.675,71.4025,1463.4480000000003
STU11312,Richard Gordon,18,Female,70.72,14.47,64.41,57.21,53.75,Yes,1,High,66.93,55.480000000000004,59.945,1023.3184
STU11313,John Anderson,17,Female,81.73,20.04,67.01,60.99,68.89,No,3,Medium,70.58,64.94,65.975,1637.8692
STU11314,Samantha Prince,21,Female,81.12,11.13,69.88,57.93,57.82,No,2,High,60.24,57.875,63.8775,902.8656000000001
STU11315,Marie Boyd,22,Other,89.93,17.07,79.17,64.35,68.73,Yes,0,Medium,67.39,66.53999999999999,72.85499999999999,1535.1051000000002
STU11316,Andrew Moreno,20,Male,65.42,11.38,63.63,59.43,52.39,No,2,Medium,48.2,55.91,59.769999999999996,744.4796000000001
STU11317,Robert Clarke,18,Male,85.31,24.16,68.83,67.45,68.97,No,2,Medium,61.34,68.21000000000001,68.52000000000001,2061.0896000000002
STU11318,Kevin Figueroa,24,Male,83.9,24.3,72.18,67.66,63.03,No,1,High,58.58,65.345,68.7625,2038.7700000000002
STU11319,Melissa Davis,18,Male,76.58,9.62,62.34,45.05,52.41,Yes,2,Low,48.93,48.73,55.535,736.6995999999999
STU11320,John Hall,19,Male,81.39,28.0,76.87,77.23,61.8,Yes,2,Medium,68.24,69.515,73.1925,2278.92
STU11321,Diane Mcdowell,24,Female,88.29,34.98,90.05,90.96,72.94,No,0,High,68.29,81.94999999999999,86.0,3088.3842
STU11322,Colin Fletcher,19,Female,86.72,20.28,59.78,62.13,60.05,No,0,Medium,62.57,61.09,60.435,1758.6816000000001
STU11323,Laura Wilson,21,Female,66.57,16.15,65.27,50.93,47.36,Yes,3,High,49.82,49.144999999999996,57.207499999999996,1075.1055
STU11324,Matthew Watts,22,Male,86.2,36.95,83.32,78.09,84.26,Yes,3,High,82.66,81.17500000000001,82.2475,3185.09
STU11325,Jack Moore,21,Female,77.35,12.09,58.53,54.56,44.74,No,2,Medium,55.7,49.650000000000006,54.09,935.1614999999999
STU11326,Dawn Wyatt,17,Female,78.73,20.12,65.38,70.85,59.43,No,0,Low,64.74,65.14,65.25999999999999,1584.0476
STU11327,Jacob Hill,17,Female,78.73,21.08,69.75,59.05,60.91,No,0,Medium,65.53,59.98,64.865,1659.6284
STU11328,Nicole Gutierrez,21,Male,76.5,28.07,50.04,69.97,55.48,Yes,1,Medium,67.87,62.724999999999994,56.38249999999999,2147.355
STU11329,Karen Wood,22,Female,89.92,22.16,71.57,70.0,62.01,Yes,1,High,72.51,66.005,68.7875,1992.6272000000001
STU11330,Dawn Parker,21,Male,77.16,17.01,61.64,56.88,52.12,Yes,2,High,59.12,54.5,58.07,1312.4916
STU11331,Michael Fitzgerald,22,Male,66.8,14.29,65.45,53.15,49.92,Yes,0,Low,46.81,51.535,58.4925,954.5719999999999
STU11332,Mary Adkins,22,Male,74.06,17.95,61.55,49.11,52.11,Yes,0,Medium,52.45,50.61,56.08,1329.377
STU11333,Michael Martin,23,Female,79.79,13.96,65.18,62.32,70.34,No,2,Medium,71.74,66.33,65.755,1113.8684
STU11334,James Morgan,24,Female,90.29,20.29,86.11,70.0,73.09,Yes,3,Low,68.53,71.545,78.8275,1831.9841000000001
STU11335,Melissa Mann,20,Male,84.03,16.61,77.2,61.13,71.14,No,1,Medium,64.74,66.135,71.6675,1395.7383
STU11336,Vincent Smith,22,Male,69.49,11.04,66.84,59.6,60.69,Yes,3,Medium,67.88,60.144999999999996,63.4925,767.1695999999998
STU11337,Charles Frost,19,Male,100.0,27.53,80.77,67.9,77.6,Yes,3,Medium,73.37,72.75,76.75999999999999,2753.0
STU11338,Austin Walker,22,Male,80.65,17.01,72.97,54.37,46.7,Yes,2,Medium,52.01,50.535,61.7525,1371.8565000000003
STU11339,Andrew Cruz,22,Male,90.75,12.39,68.34,57.7,60.74,Yes,3,High,71.08,59.22,63.78,1124.3925000000002
STU11340,Miss Kelly Dawson,22,Male,76.48,18.99,67.51,63.63,67.73,No,1,Low,53.45,65.68,66.595,1452.3552
STU11341,Theresa Wilkins,23,Female,83.33,20.41,75.49,71.13,65.12,Yes,3,High,71.82,68.125,71.8075,1700.7653
STU11342,Jessica Harris,24,Male,86.39,9.52,62.04,49.52,65.14,Yes,4,Medium,61.14,57.33,59.685,822.4327999999999
STU11343,Regina Mitchell,23,Male,90.18,21.99,86.92,91.8,88.01,Yes,2,High,85.27,89.905,88.4125,1983.0582
STU11344,Kyle Black,17,Male,88.57,13.72,68.91,57.74,59.7,Yes,3,Medium,47.38,58.72,63.815,1215.1804
STU11345,Christopher Johnson,23,Female,86.72,30.27,85.21,81.4,73.14,No,1,High,79.48,77.27000000000001,81.24000000000001,2625.0144
STU11346,Aaron Moore,19,Female,74.85,23.14,81.33,68.26,62.26,Yes,2,High,67.28,65.26,73.295,1732.029
STU11347,Penny Gomez MD,19,Female,72.28,17.6,73.45,64.21,59.49,No,1,Medium,63.18,61.849999999999994,67.65,1272.1280000000002
STU11348,Kelly Mclaughlin,23,Male,81.33,15.53,58.54,58.0,50.89,No,0,Medium,56.33,54.445,56.4925,1263.0548999999999
STU11349,Brandon Mitchell,24,Female,87.33,19.37,76.61,75.52,72.86,Yes,0,High,73.72,74.19,75.4,1691.5821
STU11350,Suzanne Bailey,21,Male,75.77,23.68,77.84,62.77,57.09,Yes,2,High,62.1,59.93000000000001,68.885,1794.2335999999998
STU11351,Destiny Obrien,20,Female,88.65,19.85,80.6,69.58,73.31,No,0,High,67.99,71.445,76.0225,1759.7025000000003
STU11352,Timothy Andrews,24,Female,92.53,18.7,67.31,65.78,68.23,No,2,High,66.51,67.005,67.1575,1730.311
STU11353,Jason Rodriguez,23,Female,68.84,20.35,62.18,62.92,49.25,Yes,1,Medium,56.18,56.085,59.1325,1400.8940000000002
STU11354,Edward Arroyo,22,Female,69.63,16.38,71.28,60.95,67.96,Yes,1,Low,56.37,64.455,67.8675,1140.5394
STU11355,Tina Walter,18,Female,76.6,17.94,62.87,61.64,61.47,Yes,2,Medium,65.78,61.555,62.2125,1374.204
STU11356,Laura Benson,20,Male,81.08,7.49,60.58,43.31,56.33,Yes,0,High,53.12,49.82,55.2,607.2892
STU11357,Kristine Carrillo,20,Female,72.75,25.84,83.22,85.65,69.86,Yes,3,Medium,66.35,77.755,80.4875,1879.86
STU11358,Tonya Ellis,19,Male,91.52,21.79,76.53,76.81,75.08,Yes,2,Low,73.17,75.945,76.2375,1994.2207999999998
STU11359,Kevin Johnson,20,Female,82.24,15.36,63.56,48.94,61.45,Yes,3,High,72.09,55.195,59.3775,1263.2063999999998
STU11360,Austin Schultz,23,Male,78.39,31.39,72.19,69.34,64.72,Yes,1,High,60.61,67.03,69.61,2460.6621
STU11361,Megan Hall MD,22,Male,63.64,20.52,67.15,55.48,65.66,Yes,1,Medium,58.07,60.56999999999999,63.86,1305.8928
STU11362,Kelli Smith,22,Male,64.84,13.78,51.25,51.14,49.02,No,2,Medium,54.67,50.08,50.665,893.4952
STU11363,Danielle Davis,17,Male,80.81,25.14,73.19,63.25,69.62,No,0,Medium,67.23,66.435,69.8125,2031.5634
STU11364,Samantha Jones,22,Female,56.67,22.39,65.67,59.95,56.77,No,2,Low,55.62,58.36,62.015,1268.8413
STU11365,Karen Gomez,24,Female,88.13,22.37,85.01,78.43,77.76,Yes,0,High,76.16,78.095,81.55250000000001,1971.4681
STU11366,Debra Valentine,22,Male,76.42,17.45,72.46,62.8,54.27,No,0,Medium,41.59,58.535,65.4975,1333.529
STU11367,Susan Porter,19,Male,100.0,22.7,75.89,73.72,74.22,Yes,1,High,76.01,73.97,74.93,2270.0
STU11368,Nicolas Salas,22,Female,100.0,18.43,86.15,67.57,70.13,No,1,High,74.37,68.85,77.5,1843.0
STU11369,Dale Wright,17,Male,76.19,23.34,69.72,70.54,60.1,Yes,0,Medium,69.1,65.32000000000001,67.52000000000001,1778.2746
STU11370,Brittney Rodriguez,18,Female,76.94,8.57,53.13,40.95,57.04,Yes,0,Medium,46.32,48.995000000000005,51.0625,659.3758
STU11371,Megan Alvarado,23,Female,87.96,17.4,71.16,61.65,63.01,No,1,Medium,72.0,62.33,66.745,1530.5039999999997
STU11372,Pamela Weaver,19,Female,95.03,30.33,94.31,90.1,78.53,No,1,Medium,77.37,84.315,89.3125,2882.2599
STU11373,John Oliver,24,Female,61.62,15.4,61.58,54.51,51.16,No,2,Medium,48.45,52.834999999999994,57.207499999999996,948.948
STU11374,William Prince PhD,18,Male,60.14,16.38,60.61,54.24,45.72,Yes,3,High,49.02,49.980000000000004,55.295,985.0931999999999
STU11375,William Moon IV,19,Female,71.78,17.31,77.29,60.76,69.84,Yes,1,Medium,70.34,65.3,71.295,1242.5118
STU11376,Kenneth Brown,21,Male,83.83,12.71,57.41,49.6,50.74,Yes,3,High,49.89,50.17,53.79,1065.4793
STU11377,Karen Fernandez,20,Male,82.97,6.75,53.91,44.04,53.52,No,2,Low,51.56,48.78,51.345,560.0475
STU11378,Jennifer Parks,21,Female,88.7,18.62,62.2,51.59,64.35,No,1,Low,50.88,57.97,60.085,1651.594
STU11379,William Wolfe,22,Male,66.0,20.82,68.58,60.28,55.8,No,2,High,58.23,58.04,63.31,1374.1200000000001
STU11380,Michael Smith,18,Female,54.84,19.68,61.88,59.56,56.13,Yes,1,Medium,45.17,57.845,59.8625,1079.2512000000002
STU11381,Kevin Nguyen,22,Female,86.58,19.13,83.82,64.31,64.01,No,0,Medium,69.44,64.16,73.99,1656.2754
STU11382,Debbie Dunn,20,Female,69.72,20.26,68.77,69.97,74.73,Yes,0,Medium,64.25,72.35,70.56,1412.5272
STU11383,John Austin,19,Female,57.82,26.14,63.6,71.91,63.67,Yes,2,Medium,64.33,67.78999999999999,65.695,1511.4148
STU11384,Jonathan Clark,20,Male,79.45,18.86,69.99,55.94,59.0,Yes,1,High,60.62,57.47,63.73,1498.427
STU11385,Jacqueline Dickerson,17,Male,85.93,16.56,71.79,71.13,63.34,Yes,1,Low,65.3,67.235,69.5125,1423.0008
STU11386,Christopher Anderson,20,Female,76.78,18.31,56.83,54.55,53.77,Yes,1,Medium,54.48,54.16,55.495,1405.8418
STU11387,Crystal Garcia,17,Male,73.42,23.48,89.78,80.36,72.53,Yes,3,Medium,77.59,76.445,83.1125,1723.9016000000001
STU11388,David Reynolds,20,Female,76.41,28.47,79.13,73.81,78.58,Yes,2,High,77.17,76.195,77.6625,2175.3927
STU11389,Charles Haley,23,Female,74.29,16.23,67.55,64.73,55.03,Yes,0,Medium,59.41,59.88,63.715,1205.7267000000002
STU11390,Robert Thompson,17,Female,64.52,20.59,69.53,65.66,60.89,Yes,0,Low,51.14,63.275,66.4025,1328.4668
STU11391,Dr. Samuel Holmes DDS,18,Male,70.85,22.03,73.73,62.58,61.79,Yes,3,Medium,60.01,62.185,67.95750000000001,1560.8255
STU11392,Elizabeth Hart,22,Male,83.21,14.04,67.13,50.89,57.36,Yes,2,Low,50.56,54.125,60.6275,1168.2684
STU11393,Jennifer Vaughn,24,Male,81.22,20.12,67.15,54.4,58.24,No,2,Medium,66.55,56.32,61.735,1634.1464
STU11394,Robert Woods,22,Male,79.68,11.21,68.92,57.09,59.46,No,2,Low,59.8,58.275000000000006,63.597500000000004,893.2128000000001
STU11395,Joanna Cook,21,Female,68.05,9.39,61.49,52.51,57.88,Yes,1,Medium,54.54,55.195,58.3425,638.9895
STU11396,Justin Frederick,22,Male,76.18,22.2,65.34,67.44,64.75,No,3,Low,55.76,66.095,65.7175,1691.1960000000001
STU11397,Alejandro Martinez,19,Male,56.23,17.7,69.82,59.25,58.52,No,1,Medium,50.34,58.885000000000005,64.35249999999999,995.271
STU11398,Tracey Gonzalez,23,Male,79.78,21.21,73.81,60.72,47.87,Yes,1,High,61.09,54.295,64.05250000000001,1692.1338
STU11399,Mariah Thompson,20,Female,92.29,19.89,80.95,67.56,71.94,Yes,0,High,82.68,69.75,75.35,1835.6481
STU11400,Heather Nunez,21,Female,63.26,14.14,69.95,64.44,51.41,No,1,Low,51.74,57.925,63.9375,894.4964
STU11401,Dr. Steve James,19,Male,72.14,19.73,67.82,59.36,62.17,No,4,Medium,66.59,60.765,64.29249999999999,1423.3222
STU11402,Mark Thomas,19,Male,81.29,12.6,68.55,58.03,67.93,No,2,Medium,62.8,62.980000000000004,65.765,1024.2540000000001
STU11403,Robert Rogers,17,Male,90.53,28.35,86.73,75.82,70.37,No,1,High,76.91,73.095,79.9125,2566.5255
STU11404,Laura Sweeney,22,Male,73.52,11.86,57.64,51.75,51.68,Yes,0,Low,46.24,51.715,54.6775,871.9472
STU11405,Christopher Perez,18,Female,71.08,18.83,66.99,58.15,55.02,Yes,0,High,57.4,56.585,61.787499999999994,1338.4363999999998
STU11406,Eddie Adams,24,Female,58.31,13.75,58.83,56.84,58.32,Yes,4,Medium,49.77,57.58,58.205,801.7625
STU11407,Denise Wallace,18,Male,79.03,23.42,66.31,70.09,64.02,Yes,2,Medium,66.01,67.055,66.6825,1850.8826000000001
STU11408,Heidi Matthews,21,Male,98.42,18.01,93.2,74.34,86.96,Yes,1,High,79.7,80.65,86.92500000000001,1772.5442000000003
STU11409,Jennifer White,23,Other,80.77,16.89,59.28,55.12,58.26,Yes,0,High,60.82,56.69,57.985,1364.2053
STU11410,Nicholas Stanley,18,Male,77.78,25.12,64.61,62.61,61.3,Yes,3,High,58.1,61.955,63.2825,1953.8336000000002
STU11411,Mercedes Miller,20,Female,81.22,20.18,80.81,62.21,66.64,Yes,2,Medium,69.03,64.425,72.6175,1639.0195999999999
STU11412,Brian Brown,18,Male,77.89,23.1,77.32,65.96,69.82,Yes,3,Medium,68.61,67.88999999999999,72.60499999999999,1799.259
STU11413,Kimberly Johnson,21,Female,69.87,14.11,55.64,51.48,42.78,Yes,3,Medium,50.97,47.129999999999995,51.385,985.8657000000001
STU11414,Phillip Miller,24,Male,86.23,11.57,71.84,60.5,63.99,Yes,4,Medium,66.09,62.245000000000005,67.0425,997.6811
STU11415,Christopher Pena,18,Female,80.26,20.64,81.83,72.5,69.72,Yes,1,Medium,67.46,71.11,76.47,1656.5664000000002
STU11416,Ellen Wright,20,Other,78.18,18.09,68.72,60.08,64.34,No,1,Medium,82.94,62.21,65.465,1414.2762
STU11417,Mark Anderson,17,Male,68.25,23.76,87.12,81.72,71.81,No,1,Low,69.24,76.765,81.9425,1621.6200000000001
STU11418,Alyssa Alvarado,23,Male,91.04,19.52,63.01,61.71,56.67,Yes,1,Medium,61.18,59.19,61.099999999999994,1777.1008000000002
STU11419,Erika Alvarez,21,Male,84.65,21.23,78.58,75.01,70.72,Yes,0,High,75.71,72.86500000000001,75.7225,1797.1195000000002
STU11420,Kimberly Nelson,17,Male,72.47,10.26,69.34,43.98,48.74,No,1,High,49.55,46.36,57.85,743.5422
STU11421,Wayne Wolfe,17,Male,88.02,31.33,88.38,62.07,60.64,Yes,0,Medium,63.79,61.355000000000004,74.8675,2757.6665999999996
STU11422,Kyle Welch,17,Male,73.02,19.01,66.08,62.46,63.23,No,3,Medium,64.83,62.845,64.4625,1388.1102
STU11423,Kristy Mills,19,Female,70.18,24.19,67.97,57.62,60.89,Yes,1,Low,61.67,59.254999999999995,63.6125,1697.6542000000002
STU11424,Emily Reed,23,Male,70.4,14.98,66.76,55.97,59.37,No,2,High,65.57,57.67,62.215,1054.592
STU11425,Regina Ramos,24,Male,60.29,21.85,70.12,62.45,64.97,No,0,Medium,49.68,63.71,66.915,1317.3365000000001
STU11426,David Torres,22,Female,82.72,12.18,70.83,67.71,61.71,No,0,High,62.09,64.71,67.77,1007.5296
STU11427,Robert Charles,23,Male,59.69,22.71,72.05,68.44,53.95,Yes,1,High,62.49,61.195,66.6225,1355.5599
STU11428,John Smith,19,Female,65.72,17.86,56.66,54.8,51.8,No,1,Medium,55.3,53.3,54.98,1173.7592
STU11429,Theresa Woods,22,Male,57.24,20.18,60.43,62.14,52.61,No,1,Medium,55.56,57.375,58.9025,1155.1032
STU11430,Jeffrey Carter,23,Female,77.14,24.19,66.21,68.11,58.23,No,1,High,56.72,63.17,64.69,1866.0166000000002
STU11431,Adam Brooks,17,Female,76.5,12.6,61.72,50.19,54.07,Yes,2,Low,54.93,52.129999999999995,56.925,963.9
STU11432,Justin Foster,21,Female,74.73,15.89,73.12,68.42,61.43,No,5,Medium,63.96,64.925,69.02250000000001,1187.4597
STU11433,Omar Price,22,Other,67.57,22.74,68.7,58.35,48.8,Yes,0,High,58.87,53.575,61.1375,1536.5417999999997
STU11434,Dennis Henderson,20,Male,66.28,32.59,92.57,88.81,74.53,Yes,2,Medium,68.76,81.67,87.12,2160.0652000000005
STU11435,Phillip Kent,20,Other,82.64,19.17,72.83,56.29,56.04,No,1,High,54.84,56.165,64.4975,1584.2088
STU11436,Melinda Mitchell,18,Male,72.49,23.55,70.9,68.66,64.5,Yes,3,High,77.36,66.58,68.74000000000001,1707.1395
STU11437,Rhonda Gutierrez,22,Male,81.16,19.36,71.76,66.17,61.23,No,1,High,69.48,63.7,67.73,1571.2576
STU11438,Catherine Roberts,21,Male,69.15,31.65,70.35,84.15,73.46,No,1,Medium,67.6,78.805,74.5775,2188.5975
STU11439,Lisa Nelson,24,Female,79.81,9.52,63.18,41.91,60.76,Yes,2,Medium,55.39,51.334999999999994,57.25749999999999,759.7912
STU11440,Chelsea Smith,19,Male,91.03,20.57,83.71,70.05,75.42,No,2,Low,81.43,72.735,78.2225,1872.4871
STU11441,Joseph Lopez,17,Female,83.86,10.25,66.52,59.13,52.99,No,2,High,58.9,56.06,61.29,859.5649999999999
STU11442,Derrick Espinoza,18,Female,73.88,5.0,52.5,42.77,55.65,Yes,1,High,51.63,49.21,50.855000000000004,369.4
STU11443,Crystal Hernandez,20,Female,80.57,21.78,66.0,65.04,69.86,No,3,Medium,59.17,67.45,66.725,1754.8146
STU11444,Glenn Collins DDS,19,Female,75.59,20.84,66.67,57.25,58.58,Yes,4,Medium,58.38,57.915,62.292500000000004,1575.2956000000001
STU11445,Mrs. Raven Rivera DVM,19,Male,78.08,18.29,69.55,58.98,67.22,Yes,1,Low,49.32,63.099999999999994,66.32499999999999,1428.0831999999998
STU11446,Amy Rowe,17,Male,74.74,19.36,76.8,74.61,65.18,Yes,4,High,72.11,69.89500000000001,73.3475,1446.9663999999998
STU11447,John Lee,24,Male,76.36,38.59,73.17,82.3,60.36,Yes,1,High,77.07,71.33,72.25,2946.7324000000003
STU11448,Ruth Clayton,24,Male,80.12,18.45,67.72,64.12,58.37,Yes,0,High,69.86,61.245000000000005,64.4825,1478.214
STU11449,Randy Wright,22,Male,68.07,23.06,69.38,65.03,69.3,No,3,High,60.47,67.16499999999999,68.2725,1569.6941999999997
STU11450,Jessica Rojas,20,Male,67.84,16.1,50.57,41.99,38.51,No,2,High,32.08,40.25,45.41,1092.2240000000002
STU11451,Joel Wise,24,Male,64.11,21.77,60.05,64.63,56.46,Yes,1,High,60.7,60.545,60.2975,1395.6747
STU11452,Vickie Kennedy,21,Other,62.0,18.57,58.04,57.85,53.13,Yes,5,Medium,62.19,55.49,56.765,1151.34
STU11453,Emily Morris,24,Female,65.83,17.54,58.04,68.12,54.76,Yes,1,Medium,46.66,61.44,59.739999999999995,1154.6581999999999
STU11454,Amanda Pineda,19,Male,79.59,30.91,79.82,73.59,67.39,Yes,1,High,68.69,70.49000000000001,75.155,2460.1269
STU11455,Dawn Little,17,Female,69.07,27.06,70.45,74.94,65.06,Yes,0,Medium,66.31,70.0,70.225,1869.0341999999998
STU11456,Stephen Boyer,21,Male,83.14,20.82,68.94,57.1,57.93,Yes,1,Medium,55.09,57.515,63.2275,1730.9748
STU11457,Brian Chen,22,Male,78.35,6.17,63.65,49.34,48.11,Yes,3,Low,40.03,48.725,56.1875,483.41949999999997
STU11458,Christopher Hill,20,Female,58.31,17.83,72.87,67.82,61.98,Yes,1,Medium,55.8,64.89999999999999,68.88499999999999,1039.6672999999998
STU11459,Richard Smith,22,Female,84.55,36.22,95.0,80.87,83.83,No,2,Medium,75.21,82.35,88.675,3062.401
STU11460,Richard Alvarez,19,Male,86.11,18.62,59.02,56.6,62.04,No,0,Medium,46.2,59.32,59.17,1603.3682000000001
STU11461,Jacqueline Davis,21,Other,68.06,26.62,74.9,68.58,59.78,Yes,0,Medium,68.43,64.18,69.54,1811.7572000000002
STU11462,Brandon Montgomery,21,Female,82.2,28.65,76.69,71.97,62.21,Yes,0,Medium,75.41,67.09,71.89,2355.0299999999997
STU11463,Yolanda Garrett,21,Female,69.44,21.31,68.78,66.26,59.73,Yes,0,Medium,60.15,62.995000000000005,65.8875,1479.7664
STU11464,Matthew Miles,19,Female,78.98,14.95,64.27,63.43,68.33,No,3,High,68.26,65.88,65.07499999999999,1180.751
STU11465,Beth Hall,19,Female,65.36,5.39,55.74,41.24,50.24,No,3,Medium,38.44,45.74,50.74,352.2904
STU11466,Dr. Nicole Trujillo,22,Male,60.07,24.1,66.96,65.76,61.99,No,2,Medium,57.71,63.875,65.41749999999999,1447.6870000000001
STU11467,Corey Norris,18,Male,74.17,15.11,61.19,55.36,60.08,No,0,Low,48.5,57.72,59.455,1120.7087
STU11468,Chad Roach,22,Male,76.76,21.06,64.17,61.93,61.59,Yes,2,Medium,63.29,61.760000000000005,62.965,1616.5656
STU11469,Mr. Edward Terry,20,Male,74.02,12.5,60.22,45.24,52.32,No,3,Medium,35.45,48.78,54.5,925.25
STU11470,Cody Bailey,17,Female,66.16,18.41,65.99,66.13,62.79,Yes,1,High,60.2,64.46,65.225,1218.0056
STU11471,Denise Guerra,21,Male,74.0,20.2,72.93,67.46,61.21,Yes,2,High,68.83,64.335,68.6325,1494.8
STU11472,Kristen Jones,18,Other,80.69,21.61,78.38,73.0,62.05,No,5,Medium,67.08,67.525,72.9525,1743.7108999999998
STU11473,Edward Baker,17,Female,77.55,13.31,61.88,48.93,57.91,Yes,3,Medium,61.2,53.42,57.650000000000006,1032.1905
STU11474,Aaron Little,18,Female,79.83,27.18,77.94,72.56,74.83,No,4,Medium,66.15,73.695,75.8175,2169.7794
STU11475,Cody Smith,24,Female,71.3,16.42,71.75,60.31,54.89,Yes,0,High,42.78,57.6,64.675,1170.746
STU11476,Patty Allen,24,Female,89.72,9.95,76.01,50.53,66.34,No,3,High,70.76,58.435,67.2225,892.7139999999999
STU11477,Mary Ryan,23,Male,66.24,19.35,64.63,49.46,61.58,Yes,0,Medium,60.22,55.519999999999996,60.074999999999996,1281.744
STU11478,Joseph Jimenez,24,Female,82.88,20.21,70.75,61.79,62.95,Yes,1,Medium,72.26,62.370000000000005,66.56,1675.0048
STU11479,Lisa Morris,22,Male,89.82,20.96,76.94,73.3,66.46,No,0,High,69.0,69.88,73.41,1882.6272
STU11480,Ashley Mills,24,Female,82.81,28.17,69.8,68.11,65.45,No,0,High,67.95,66.78,68.28999999999999,2332.7577
STU11481,Russell Anderson,19,Male,75.97,18.58,67.04,55.08,55.18,No,2,Medium,70.21,55.129999999999995,61.085,1411.5225999999998
STU11482,Christina Washington,21,Female,72.72,19.28,72.8,59.78,57.86,No,3,High,50.1,58.82,65.81,1402.0416
STU11483,Kenneth Huff,22,Female,88.36,13.38,74.2,58.96,66.44,No,1,Medium,65.32,62.7,68.45,1182.2568
STU11484,Kelly Miles,17,Male,63.77,24.92,66.06,63.01,49.91,No,0,Medium,61.15,56.459999999999994,61.26,1589.1484000000003
STU11485,Jacob Obrien,23,Male,68.3,21.11,68.62,76.56,57.25,Yes,2,High,65.34,66.905,67.7625,1441.8129999999999
STU11486,Timothy Clark,23,Other,74.02,17.48,61.07,63.05,58.34,Yes,1,Medium,58.57,60.695,60.8825,1293.8696
STU11487,Steve Miller PhD,23,Female,90.38,8.57,72.08,62.54,65.08,Yes,0,High,56.46,63.81,67.945,774.5566
STU11488,Justin Hurley,17,Female,81.8,28.67,77.24,83.48,74.33,No,2,Medium,80.38,78.905,78.07249999999999,2345.206
STU11489,Jacob Erickson,17,Female,68.32,12.63,59.24,44.79,59.45,Yes,0,Medium,59.07,52.120000000000005,55.68000000000001,862.8815999999999
STU11490,Deborah Williams,17,Male,74.9,16.45,63.94,50.13,55.43,No,1,Low,58.52,52.78,58.36,1232.105
STU11491,Eric Blackburn,17,Male,71.86,22.15,68.81,58.33,61.86,Yes,1,Medium,59.85,60.095,64.4525,1591.6989999999998
STU11492,Anne Hardy,23,Male,70.9,12.82,59.2,59.2,50.74,No,3,Medium,51.39,54.97,57.085,908.9380000000001
STU11493,Chelsey Fox,23,Female,87.79,11.04,72.45,55.28,66.1,Yes,3,High,65.61,60.69,66.57,969.2016
STU11494,Mario White,18,Male,64.28,7.26,53.03,34.62,40.9,Yes,4,Medium,54.36,37.76,45.394999999999996,466.6728
STU11495,Jennifer Garcia,22,Female,94.09,24.33,90.82,78.67,78.5,No,1,High,75.93,78.58500000000001,84.7025,2289.2097
STU11496,Heather Ellis,21,Female,86.28,16.73,81.48,67.07,68.7,Yes,0,Medium,76.33,67.88499999999999,74.6825,1443.4644
STU11497,Sonya Jackson,24,Female,88.91,37.56,80.62,88.65,82.19,Yes,2,High,80.22,85.42,83.02000000000001,3339.4596
STU11498,James Morgan,24,Female,73.37,14.03,64.66,57.03,50.72,Yes,1,Medium,49.82,53.875,59.2675,1029.3811
STU11499,Zachary Ramos,19,Other,76.5,14.47,61.17,49.35,42.57,Yes,4,Medium,39.33,45.96,53.565,1106.9550000000002
STU11500,Ethan Frey,23,Male,63.67,16.61,59.81,58.33,53.02,Yes,3,Medium,58.19,55.675,57.7425,1057.5587
STU11501,Jacob Duran,19,Female,72.75,21.46,83.14,68.48,69.96,No,1,Medium,70.48,69.22,76.18,1561.2150000000001
STU11502,Nicholas Franklin,22,Female,82.94,17.18,68.05,60.25,62.25,Yes,4,Medium,55.59,61.25,64.65,1424.9091999999998
STU11503,Cindy Cannon,22,Female,90.96,23.67,80.47,78.78,80.09,No,1,Medium,82.25,79.435,79.9525,2153.0232
STU11504,Dawn Nixon,19,Female,66.93,14.13,65.45,51.56,56.53,Yes,2,High,49.03,54.045,59.7475,945.7209000000001
STU11505,James Barber,23,Male,74.34,11.71,55.93,45.32,47.49,No,3,High,55.57,46.405,51.167500000000004,870.5214000000001
STU11506,Ms. Kelly Holder,19,Male,76.49,9.21,56.06,50.32,40.9,No,0,High,53.49,45.61,50.835,704.4729
STU11507,Eric Walker,24,Female,64.04,6.66,46.84,33.01,39.57,Yes,3,Medium,48.55,36.29,41.565,426.50640000000004
STU11508,Alison Short,18,Male,83.91,16.89,64.19,56.59,64.19,Yes,2,High,51.36,60.39,62.29,1417.2399
STU11509,Desiree Spencer,24,Female,70.76,18.19,46.09,52.13,46.57,Yes,0,High,56.95,49.35,47.72,1287.1244000000002
STU11510,Tammy Moore,20,Female,76.05,16.21,70.58,73.34,65.72,No,2,Medium,62.66,69.53,70.055,1232.7705
STU11511,Henry Taylor,23,Male,73.48,27.46,87.99,84.09,77.03,No,0,Medium,70.25,80.56,84.275,2017.7608000000002
STU11512,Kevin Hall,23,Female,70.11,27.37,73.24,74.76,60.75,No,0,Medium,67.03,67.755,70.4975,1918.9107000000001
STU11513,Anna Ross,21,Male,77.93,17.99,58.85,59.54,60.14,Yes,1,Low,60.97,59.84,59.345,1401.9607
STU11514,Morgan Cummings,17,Female,75.84,9.24,57.3,40.98,57.75,Yes,1,Medium,40.35,49.364999999999995,53.332499999999996,700.7616
STU11515,Carrie Petersen,20,Female,74.28,16.6,63.12,57.78,56.31,Yes,1,Low,46.14,57.045,60.082499999999996,1233.0480000000002
STU11516,Laura Velez,22,Female,70.72,16.4,57.64,53.36,47.35,Yes,3,High,61.85,50.355000000000004,53.9975,1159.808
STU11517,Elizabeth Cross,23,Male,81.2,16.06,74.74,65.61,65.03,Yes,1,Medium,67.21,65.32,70.03,1304.072
STU11518,Angela Brown,19,Male,94.54,15.81,79.55,68.13,59.47,Yes,2,Medium,67.73,63.8,71.675,1494.6774
STU11519,Hannah Montoya,20,Female,79.4,16.08,59.93,57.65,58.72,No,2,High,52.74,58.185,59.057500000000005,1276.752
STU11520,Sean Kane,21,Female,87.96,17.68,77.64,65.54,69.97,Yes,1,High,72.22,67.755,72.69749999999999,1555.1327999999999
STU11521,Matthew Guzman,22,Female,64.1,16.19,72.66,61.3,68.08,No,3,High,70.26,64.69,68.675,1037.779
STU11522,Richard Reyes,17,Male,79.58,21.25,85.02,66.48,67.97,Yes,0,Medium,81.16,67.225,76.1225,1691.075
STU11523,Andrew Fernandez,17,Male,67.03,22.16,87.38,72.79,71.51,No,2,Medium,65.63,72.15,79.765,1485.3848
STU11524,Jonathan Walker,21,Male,63.23,14.54,54.16,57.54,47.43,No,3,Medium,55.27,52.485,53.3225,919.3641999999999
STU11525,Nicholas Long,21,Female,70.61,27.63,92.35,84.63,74.28,No,0,Medium,83.16,79.455,85.9025,1950.9542999999999
STU11526,Kurt Wagner,19,Male,89.92,14.12,68.37,59.18,55.0,No,3,Medium,50.72,57.09,62.730000000000004,1269.6704
STU11527,Dylan Foster,23,Male,87.5,10.29,63.06,64.07,61.02,No,2,Medium,70.68,62.545,62.8025,900.3749999999999
STU11528,Bradley Duncan,17,Female,80.43,22.28,75.06,61.21,62.25,No,0,High,64.43,61.730000000000004,68.39500000000001,1791.9804000000001
STU11529,James Miller,22,Male,62.67,15.1,56.56,44.31,49.33,Yes,0,Low,45.83,46.82,51.69,946.317
STU11530,Patricia Anderson,20,Other,76.04,21.93,73.56,78.08,65.16,No,1,Medium,61.72,71.62,72.59,1667.5572000000002
STU11531,Justin Freeman,22,Female,81.02,5.58,52.07,42.04,49.56,No,4,Medium,46.72,45.8,48.935,452.09159999999997
STU11532,Christina Gilbert,18,Female,79.76,28.35,75.08,73.33,66.23,No,1,High,63.38,69.78,72.43,2261.1960000000004
STU11533,Danielle Jones,18,Male,59.56,24.03,74.64,61.44,57.88,Yes,1,Medium,53.2,59.66,67.15,1431.2268000000001
STU11534,Erica Glass,21,Male,69.1,11.0,59.94,52.46,53.56,Yes,2,Medium,56.21,53.010000000000005,56.475,760.0999999999999
STU11535,Michael Henderson,19,Female,77.36,11.13,64.73,56.62,58.15,No,1,Low,59.61,57.385,61.057500000000005,861.0168000000001
STU11536,Frank Wheeler,18,Female,83.36,30.03,82.69,74.28,75.42,No,2,Medium,65.24,74.85,78.77,2503.3008
STU11537,Eric Huerta,17,Female,56.04,15.58,66.52,55.37,53.27,Yes,1,Low,46.15,54.32,60.42,873.1032
STU11538,Wanda Ramos,22,Male,76.38,14.99,54.46,49.07,49.76,Yes,4,Medium,54.13,49.415,51.9375,1144.9361999999999
STU11539,Andrew Meyers,22,Female,79.43,6.4,65.34,51.18,55.76,Yes,1,Low,45.9,53.47,59.405,508.3520000000001
STU11540,James Todd,21,Female,86.5,17.9,70.25,56.68,58.15,Yes,3,High,65.06,57.415,63.832499999999996,1548.35
STU11541,Ashley Brown,23,Female,84.93,18.63,73.18,73.02,66.36,Yes,2,Medium,65.63,69.69,71.435,1582.2459000000001
STU11542,Tammy Melton,23,Female,83.83,24.29,82.95,81.36,84.43,Yes,1,High,68.37,82.89500000000001,82.92250000000001,2036.2306999999998
STU11543,Alexis Benson,20,Female,70.0,11.61,52.77,44.29,43.41,No,1,Medium,48.43,43.849999999999994,48.31,812.6999999999999
STU11544,Jerry Johnson,21,Female,58.92,10.88,49.1,41.39,42.06,Yes,3,Medium,41.28,41.725,45.4125,641.0496
STU11545,Joshua Harris,24,Male,74.07,22.71,56.98,58.37,53.25,Yes,0,Low,58.08,55.81,56.394999999999996,1682.1297
STU11546,Deanna Webb,20,Female,88.02,26.04,74.59,68.59,66.48,No,1,Medium,64.71,67.535,71.0625,2292.0407999999998
STU11547,Brenda Hale,24,Male,91.93,10.57,78.48,59.21,64.92,No,1,Medium,59.09,62.065,70.27250000000001,971.7001000000001
STU11548,Kevin Alvarado,23,Male,85.11,26.49,76.74,72.94,70.81,No,2,Medium,68.4,71.875,74.3075,2254.5638999999996
STU11549,Christopher Campbell,21,Male,82.29,20.23,62.7,70.6,54.56,Yes,3,High,70.85,62.58,62.64,1664.7267000000002
STU11550,Lisa Brown,24,Male,81.8,26.55,72.91,77.86,74.32,No,3,High,82.93,76.09,74.5,2171.79
STU11551,Alejandra Price,21,Male,72.44,19.58,57.27,61.97,59.38,Yes,3,High,64.04,60.675,58.9725,1418.3751999999997
STU11552,Samuel Keller,21,Male,76.7,5.0,51.3,42.6,41.99,No,2,Low,38.85,42.295,46.7975,383.5
STU11553,Alicia Dillon,23,Female,94.69,19.09,78.96,63.37,57.41,No,1,Medium,63.5,60.39,69.675,1807.6321
STU11554,Crystal James,20,Female,68.57,26.36,62.66,64.8,53.44,Yes,0,Low,53.35,59.12,60.89,1807.5051999999998
STU11555,Ariana Stewart,20,Male,94.15,14.64,80.7,72.8,71.34,Yes,2,Medium,70.29,72.07,76.38499999999999,1378.3560000000002
STU11556,Kim Lopez,21,Female,74.78,17.67,66.78,52.56,69.63,Yes,4,Medium,60.21,61.095,63.9375,1321.3626000000002
STU11557,Judith House,18,Female,91.25,18.94,75.36,71.44,72.35,No,1,Low,59.35,71.895,73.6275,1728.275
STU11558,David Moreno,19,Male,63.93,5.0,52.12,53.49,40.71,Yes,1,High,54.28,47.1,49.61,319.65
STU11559,James Moore,23,Male,83.86,30.03,84.97,88.52,74.05,No,2,Medium,79.66,81.285,83.1275,2518.3158
STU11560,Harold Garrett,19,Female,70.63,14.59,68.95,66.6,61.3,Yes,2,Medium,61.19,63.949999999999996,66.45,1030.4917
STU11561,William Mason,19,Female,63.85,23.03,69.01,66.38,61.42,Yes,1,Low,64.94,63.9,66.455,1470.4655
STU11562,Lori Johns,20,Female,80.19,19.48,74.67,72.43,60.95,No,2,Medium,67.23,66.69,70.68,1562.1012
STU11563,Robin Johnson,20,Male,88.09,27.55,78.04,72.22,69.53,No,5,High,64.68,70.875,74.45750000000001,2426.8795
STU11564,Diana Hernandez,18,Male,69.55,22.44,72.32,71.7,60.73,No,2,Medium,59.57,66.215,69.2675,1560.702
STU11565,Mary Miller,19,Male,63.01,18.59,60.85,60.43,49.53,Yes,1,High,64.31,54.980000000000004,57.915000000000006,1171.3559
STU11566,Tyler Salazar,19,Male,77.08,14.64,66.1,58.98,60.49,Yes,0,Low,53.53,59.735,62.9175,1128.4512
STU11567,Crystal Allen,21,Male,77.13,24.79,71.28,77.12,71.24,Yes,0,Medium,63.44,74.18,72.73,1912.0526999999997
STU11568,Wesley Browning,20,Male,83.48,8.76,61.32,46.73,58.72,Yes,0,High,61.46,52.724999999999994,57.022499999999994,731.2848
STU11569,Joshua Clark,19,Female,87.5,23.88,71.89,68.66,69.56,Yes,4,Medium,66.81,69.11,70.5,2089.5
STU11570,Joshua Mcbride,22,Female,77.41,13.41,68.62,58.12,57.35,No,2,Low,57.87,57.735,63.1775,1038.0681
STU11571,Ellen Thornton,18,Male,96.56,27.51,92.06,78.87,82.71,Yes,0,Medium,78.52,80.78999999999999,86.425,2656.3656
STU11572,Brandy Forbes,24,Female,80.24,20.97,79.97,72.24,70.87,Yes,1,Medium,64.06,71.555,75.7625,1682.6327999999999
STU11573,Brianna Fitzpatrick,22,Male,74.54,23.86,62.72,53.11,56.12,Yes,1,High,54.41,54.614999999999995,58.6675,1778.5244
STU11574,Emily Grant,22,Male,61.88,20.49,73.12,71.13,59.81,No,1,High,51.51,65.47,69.295,1267.9212
STU11575,Bailey Stewart,24,Male,75.37,9.49,59.56,49.12,50.63,No,2,High,46.55,49.875,54.7175,715.2613
STU11576,Monica Cannon,23,Female,74.64,14.84,69.45,55.89,59.17,Yes,3,Medium,63.27,57.53,63.49,1107.6576
STU11577,Jennifer Jenkins,23,Other,87.6,24.03,70.52,64.17,76.86,Yes,1,Medium,75.77,70.515,70.5175,2105.028
STU11578,Timothy Shannon,18,Female,82.62,21.0,73.74,66.31,67.05,Yes,1,Medium,61.96,66.68,70.21000000000001,1735.02
STU11579,Denise Maxwell,22,Male,66.21,27.09,72.64,75.08,61.89,No,2,High,56.5,68.485,70.5625,1793.6289
STU11580,Cody Farmer,19,Female,79.72,22.42,62.19,65.64,56.52,No,2,High,67.55,61.08,61.635,1787.3224
STU11581,Debra Bradley,20,Male,84.72,14.2,73.09,57.22,60.09,No,2,Low,64.22,58.655,65.8725,1203.024
STU11582,David Mcdaniel,18,Female,93.28,15.22,82.39,63.26,80.52,Yes,2,Medium,76.64,71.89,77.14,1419.7216
STU11583,Michael Woods,21,Female,86.88,20.62,72.96,71.32,65.88,Yes,3,Medium,59.01,68.6,70.78,1791.4656
STU11584,Lisa Joseph,24,Male,85.61,6.12,73.05,49.91,64.69,No,1,Medium,62.04,57.3,65.175,523.9332
STU11585,Samuel Henry,22,Female,78.6,30.04,76.14,77.13,67.48,No,1,Medium,70.5,72.305,74.2225,2361.144
STU11586,Corey Johnson,18,Female,81.88,22.65,79.55,73.07,71.1,No,1,Medium,73.3,72.085,75.8175,1854.5819999999999
STU11587,Alexis Nelson,17,Male,90.5,27.36,64.82,71.2,69.67,No,2,Low,64.32,70.435,67.6275,2476.08
STU11588,Patrick Mcneil,17,Female,64.67,10.52,75.16,62.42,58.23,Yes,2,High,56.74,60.325,67.7425,680.3284
STU11589,Andrea Ho,23,Male,74.51,27.47,84.5,71.07,66.15,No,1,High,65.96,68.61,76.555,2046.7897
STU11590,Dr. Katherine Nguyen,24,Female,70.27,33.39,74.49,66.58,71.72,No,1,High,74.17,69.15,71.82,2346.3152999999998
STU11591,David Sullivan,20,Female,81.79,12.07,52.36,44.44,55.16,No,2,Medium,53.66,49.8,51.08,987.2053000000001
STU11592,Nicolas James,19,Female,90.3,24.63,80.38,86.22,80.32,Yes,1,Medium,68.58,83.27,81.82499999999999,2224.089
STU11593,Logan Newton,20,Female,72.03,20.01,57.71,69.09,62.72,Yes,1,Medium,70.22,65.905,61.807500000000005,1441.3203
STU11594,Kelly Liu,20,Female,54.1,10.73,57.26,57.55,53.3,Yes,2,Medium,58.57,55.425,56.3425,580.493
STU11595,Kelly Hayes,20,Male,73.88,22.96,73.5,67.32,74.15,Yes,2,Medium,77.26,70.735,72.1175,1696.2848
STU11596,Amanda Forbes,24,Female,87.13,25.0,70.76,59.44,63.22,Yes,2,High,72.88,61.33,66.045,2178.25
STU11597,Jennifer Moss,20,Male,83.38,16.39,77.67,51.75,64.86,No,3,Low,53.42,58.305,67.9875,1366.5982
STU11598,Kelli Mccoy,21,Female,82.28,27.0,82.45,74.19,64.03,Yes,5,High,73.56,69.11,75.78,2221.56
STU11599,Eddie Sanders,24,Male,75.2,10.0,68.91,53.23,53.66,Yes,0,High,60.93,53.44499999999999,61.177499999999995,752.0
STU11600,Ronald Murray,21,Male,65.21,11.03,58.87,56.63,47.46,Yes,1,High,45.16,52.045,55.457499999999996,719.2662999999999
STU11601,Louis Brown,24,Female,83.15,20.82,62.93,66.87,68.43,Yes,1,High,59.01,67.65,65.29,1731.1830000000002
STU11602,Brenda Gallegos,23,Male,69.66,20.15,73.81,67.06,50.47,No,1,Medium,61.74,58.765,66.2875,1403.649
STU11603,Nathan Wilson,18,Female,99.84,15.7,74.03,59.49,64.69,Yes,3,High,73.59,62.09,68.06,1567.488
STU11604,Teresa Horton,17,Male,83.71,24.86,66.16,61.37,46.41,Yes,3,Medium,72.68,53.89,60.025,2081.0305999999996
STU11605,Jason Hayes,20,Male,72.19,23.19,79.57,73.38,63.81,No,2,High,65.32,68.595,74.0825,1674.0861
STU11606,Kevin Marquez,23,Female,71.89,25.15,86.06,81.34,70.51,No,1,Medium,59.33,75.92500000000001,80.9925,1808.0335
STU11607,Jesse Wright,18,Male,77.07,19.26,69.02,65.35,69.37,Yes,0,Medium,62.76,67.36,68.19,1484.3682
STU11608,Susan Hogan,17,Male,75.6,23.62,86.89,70.4,72.15,No,2,Medium,73.87,71.275,79.08250000000001,1785.672
STU11609,Becky Wilson,22,Female,89.17,17.33,73.44,68.81,63.46,No,3,Medium,62.91,66.135,69.7875,1545.3160999999998
STU11610,Jack Mills,19,Male,79.86,32.32,76.9,81.92,76.89,No,0,Medium,71.65,79.405,78.1525,2581.0752
STU11611,Richard Hunt,21,Female,70.68,15.12,59.44,46.94,51.46,Yes,0,Medium,47.48,49.2,54.32,1068.6816000000001
STU11612,Jamie James,22,Male,96.9,32.63,95.0,86.6,83.13,No,2,High,90.22,84.865,89.9325,3161.847
STU11613,Susan Cunningham,24,Male,78.49,20.21,65.08,65.96,55.55,Yes,2,Medium,64.64,60.754999999999995,62.9175,1586.2829
STU11614,Brittany Melton,17,Female,85.69,11.75,72.65,57.69,57.81,Yes,1,Medium,55.52,57.75,65.2,1006.8575
STU11615,Michael Barnes,22,Male,71.92,28.21,69.6,80.4,62.76,Yes,1,Medium,62.31,71.58,70.59,2028.8632
STU11616,Randy Griffin,19,Male,81.63,20.76,68.96,67.78,64.42,Yes,3,Medium,60.92,66.1,67.53,1694.6388
STU11617,Autumn Anderson,23,Male,81.11,25.11,82.23,73.02,70.95,No,1,Medium,57.35,71.985,77.1075,2036.6721
STU11618,Marcus King,17,Male,59.1,27.34,65.12,66.27,65.53,No,3,High,57.46,65.9,65.51,1615.794
STU11619,Scott Stephens,22,Female,98.15,22.03,76.85,72.29,73.75,Yes,3,Low,59.24,73.02000000000001,74.935,2162.2445000000002
STU11620,Stephen Young,21,Male,90.91,16.45,80.81,63.97,55.32,Yes,2,Medium,69.93,59.644999999999996,70.22749999999999,1495.4695
STU11621,Karen Ortiz,21,Female,74.03,25.85,83.89,71.33,70.45,Yes,2,Medium,75.45,70.89,77.39,1913.6755
STU11622,Kyle Sanchez,18,Female,66.98,20.0,70.3,67.57,54.4,No,2,Medium,56.15,60.985,65.6425,1339.6000000000001
STU11623,Lisa Grant,22,Male,81.48,24.12,69.89,73.37,61.61,No,0,Medium,64.0,67.49000000000001,68.69,1965.2976
STU11624,Amber Hernandez,20,Female,78.87,7.08,57.93,49.74,49.4,No,2,High,59.32,49.57,53.75,558.3996000000001
STU11625,Amanda Nash,22,Male,81.56,22.68,74.06,78.39,66.35,No,4,Medium,72.1,72.37,73.215,1849.7808
STU11626,Sara Evans,23,Other,79.92,16.17,70.53,58.09,54.13,No,0,Medium,68.6,56.11,63.32,1292.3064000000002
STU11627,Amber Butler,17,Male,83.06,29.92,72.25,85.02,72.67,No,1,Medium,71.76,78.845,75.5475,2485.1552
STU11628,Michael Carr,17,Female,92.47,23.74,83.67,71.23,65.65,Yes,2,Medium,79.14,68.44,76.055,2195.2378
STU11629,Linda Cobb,23,Female,83.68,21.44,74.08,62.33,66.26,No,3,High,66.93,64.295,69.1875,1794.0992000000003
STU11630,Jesse Riley,22,Male,67.5,22.92,56.03,47.63,60.97,No,1,Medium,52.22,54.3,55.165,1547.1000000000001
STU11631,Anna Evans,23,Female,91.63,14.01,64.96,54.83,53.61,No,0,Medium,60.26,54.22,59.589999999999996,1283.7363
STU11632,James Jones,19,Female,94.41,29.74,80.05,77.21,72.5,No,2,High,77.65,74.85499999999999,77.45249999999999,2807.7533999999996
STU11633,Joshua Carter,24,Male,100.0,31.95,86.85,89.68,69.17,No,2,Medium,72.6,79.42500000000001,83.1375,3195.0
STU11634,Michael Hill,23,Male,66.77,22.36,80.58,72.58,65.46,No,2,High,61.58,69.02,74.8,1492.9771999999998
STU11635,Kelly Dominguez,21,Female,80.43,29.54,79.52,71.21,72.06,No,1,Medium,68.73,71.63499999999999,75.57749999999999,2375.9022
STU11636,Ashley Blair,23,Female,57.18,16.59,53.6,47.77,50.52,Yes,1,Medium,37.33,49.145,51.3725,948.6161999999999
STU11637,Victoria Webb,17,Other,83.53,15.22,70.61,58.66,62.34,Yes,1,High,61.76,60.5,65.555,1271.3266
STU11638,Taylor Andersen,21,Female,72.52,20.25,65.72,50.97,59.79,No,1,High,51.78,55.379999999999995,60.55,1468.53
STU11639,Lee Stewart,17,Female,97.23,22.61,81.99,69.28,85.12,Yes,1,Medium,72.18,77.2,79.595,2198.3703
STU11640,Whitney Gomez,18,Female,70.25,17.64,69.51,56.51,66.72,No,1,High,56.35,61.614999999999995,65.5625,1239.21
STU11641,Justin Stone,20,Male,61.11,23.23,74.17,76.41,62.31,No,1,Medium,66.41,69.36,71.765,1419.5853
STU11642,Katherine White,17,Male,73.29,21.84,69.43,66.32,54.91,No,1,Medium,60.98,60.614999999999995,65.02250000000001,1600.6536
STU11643,Michelle Krause,21,Female,58.25,14.01,69.58,60.68,55.21,No,2,Low,52.07,57.945,63.7625,816.0825
STU11644,Alexander Garrett,18,Female,85.51,23.11,81.74,65.32,63.84,Yes,0,Low,60.9,64.58,73.16,1976.1361000000002
STU11645,Ryan Marsh,17,Male,57.35,25.18,60.61,68.9,59.06,No,4,High,65.45,63.980000000000004,62.295,1444.073
STU11646,Mrs. Felicia Castro DDS,19,Male,78.28,21.03,86.5,82.14,68.77,No,3,Low,73.11,75.455,80.97749999999999,1646.2284000000002
STU11647,Curtis Campbell,23,Female,57.22,26.92,69.02,55.92,54.81,Yes,2,Medium,55.54,55.365,62.192499999999995,1540.3624
STU11648,Elizabeth Hunter,20,Female,74.8,12.7,57.96,46.56,55.73,Yes,0,High,62.74,51.144999999999996,54.552499999999995,949.9599999999999
STU11649,Aaron Jennings,17,Male,94.43,22.81,90.31,82.62,78.91,No,2,Low,72.57,80.765,85.5375,2153.9483
STU11650,Nathaniel Gilbert,18,Male,81.61,12.98,81.27,68.41,63.98,No,1,Medium,65.4,66.195,73.73249999999999,1059.2978
STU11651,Christopher Rivera,19,Male,69.37,13.32,61.84,48.87,58.5,No,0,Medium,48.98,53.685,57.7625,924.0084
STU11652,Michael Hendricks,22,Male,77.69,16.21,63.9,55.67,47.99,Yes,2,Medium,52.73,51.83,57.864999999999995,1259.3549
STU11653,Maria Olson,18,Male,78.18,14.35,65.11,52.96,55.32,Yes,0,High,54.11,54.14,59.625,1121.883
STU11654,Stephanie Herrera,23,Male,82.73,16.71,74.79,65.11,65.3,Yes,1,Medium,68.78,65.205,69.9975,1382.4183
STU11655,Richard Gutierrez,18,Female,64.33,18.72,72.78,70.49,63.09,Yes,2,Medium,64.86,66.78999999999999,69.785,1204.2576
STU11656,Sandy Evans,19,Male,83.93,25.02,80.08,70.33,70.33,No,1,High,63.46,70.33,75.205,2099.9286
STU11657,Emily Herrera,18,Female,50.96,18.07,58.75,59.68,54.69,Yes,3,Medium,56.94,57.185,57.9675,920.8472
STU11658,Michael Marsh,19,Female,71.7,10.49,71.51,51.25,57.13,No,1,Medium,65.75,54.19,62.85,752.133
STU11659,Heather Montes,17,Male,73.12,26.84,70.85,65.35,60.45,No,2,High,59.07,62.9,66.875,1962.5408000000002
STU11660,Andre Terrell,24,Female,84.33,14.98,76.43,68.86,65.68,No,0,Medium,59.61,67.27000000000001,71.85000000000001,1263.2634
STU11661,Sarah Duncan,19,Male,78.23,19.65,68.03,68.46,60.36,Yes,1,Medium,62.15,64.41,66.22,1537.2195
STU11662,Kurt Hancock,19,Female,63.94,22.68,69.47,70.12,65.58,No,1,Low,66.22,67.85,68.66,1450.1591999999998
STU11663,Michele Edwards,20,Male,68.15,21.2,66.31,54.47,52.67,Yes,1,Medium,52.67,53.57,59.94,1444.78
STU11664,Jason Crawford,19,Female,79.99,26.57,75.2,70.48,71.22,Yes,1,Low,76.21,70.85,73.025,2125.3343
STU11665,Jesse Sampson,19,Female,77.21,22.87,69.25,71.33,64.74,Yes,1,Medium,58.06,68.035,68.6425,1765.7927
STU11666,Eric Rodriguez,22,Male,72.21,14.83,73.68,61.34,59.09,No,2,High,62.17,60.215,66.9475,1070.8743
STU11667,Paula Gentry,24,Male,73.19,33.07,72.29,70.4,67.67,Yes,1,Medium,55.92,69.035,70.6625,2420.3932999999997
STU11668,Alexander Webb,17,Female,84.96,21.17,68.62,68.04,61.19,Yes,2,Medium,58.43,64.61500000000001,66.6175,1798.6032
STU11669,Cheryl Mclean,23,Female,72.82,19.12,82.36,65.5,69.51,Yes,4,High,67.98,67.505,74.9325,1392.3183999999999
STU11670,Kelly Rowe,20,Male,77.12,25.78,80.74,86.09,74.88,Yes,1,Medium,74.6,80.485,80.6125,1988.1536
STU11671,Shane Short,22,Female,99.7,21.5,63.23,73.37,64.77,Yes,2,High,76.8,69.07,66.14999999999999,2143.55
STU11672,Megan Anderson,21,Male,63.76,22.4,62.23,64.39,59.71,No,2,Medium,52.85,62.05,62.14,1428.224
STU11673,Julia Reeves,24,Female,59.48,34.95,60.57,78.88,63.44,No,0,Medium,62.86,71.16,65.865,2078.826
STU11674,April Randolph,17,Male,85.84,18.35,65.53,61.53,67.43,No,1,High,55.82,64.48,65.005,1575.1640000000002
STU11675,Linda Miller,17,Female,71.21,18.09,44.18,52.29,52.84,No,0,Medium,54.7,52.565,48.3725,1288.1888999999999
STU11676,Angel Meyer,21,Male,74.82,20.7,68.46,72.63,66.8,No,1,High,72.91,69.715,69.0875,1548.774
STU11677,Emily Lane,23,Male,70.19,26.43,63.58,67.25,54.19,Yes,2,Low,62.32,60.72,62.15,1855.1217
STU11678,Steven Flores,19,Male,75.4,10.96,63.25,50.66,67.19,No,2,Medium,63.56,58.925,61.0875,826.3840000000001
STU11679,Donald Flores,22,Male,93.99,8.21,56.97,37.89,44.98,No,0,Medium,47.84,41.435,49.2025,771.6579
STU11680,Bruce Hernandez,18,Female,86.02,16.48,71.52,62.27,68.78,Yes,2,Low,64.1,65.525,68.52250000000001,1417.6096
STU11681,Adrian Dean,20,Male,86.62,10.2,63.88,57.92,62.11,No,0,High,59.42,60.015,61.947500000000005,883.524
STU11682,Christine Bell,18,Female,63.84,17.45,73.26,68.06,56.36,No,1,Medium,57.72,62.21,67.735,1114.008
STU11683,Charles Bush,21,Male,66.49,23.01,77.58,73.05,65.4,No,1,High,61.06,69.225,73.4025,1529.9349
STU11684,David Jones,17,Male,49.61,14.66,60.6,48.24,47.62,No,0,Medium,47.65,47.93,54.265,727.2826
STU11685,Gina Wallace,23,Male,69.91,11.44,58.69,37.71,54.25,Yes,2,Medium,53.19,45.980000000000004,52.335,799.7703999999999
STU11686,John Lowe,17,Male,87.57,20.42,88.22,72.68,70.26,No,2,Medium,76.35,71.47,79.845,1788.1794
STU11687,Anthony Simmons,20,Male,83.17,25.18,65.02,64.91,60.8,Yes,1,Medium,64.57,62.855,63.9375,2094.2206
STU11688,Kyle Watkins,17,Male,75.78,9.83,52.37,43.35,36.98,No,0,Medium,48.87,40.165,46.2675,744.9174
STU11689,Melissa Jensen,17,Female,77.78,24.92,72.97,74.05,75.69,No,2,Medium,63.8,74.87,73.92,1938.2776000000001
STU11690,Robert Marquez,20,Male,71.11,24.9,86.65,89.09,70.38,No,0,Low,75.96,79.735,83.1925,1770.639
STU11691,Kim Beltran,22,Female,80.05,25.72,73.61,72.38,68.74,Yes,1,High,67.95,70.56,72.08500000000001,2058.886
STU11692,Julie Anderson,22,Female,85.66,27.31,77.1,74.25,69.6,Yes,0,High,58.94,71.925,74.51249999999999,2339.3745999999996
STU11693,Tamara Mcdonald,20,Male,61.84,33.21,62.89,69.11,58.08,Yes,0,Medium,56.58,63.595,63.2425,2053.7064
STU11694,Michael Mckinney,23,Male,81.0,17.86,76.52,67.01,70.48,Yes,2,Medium,70.75,68.745,72.6325,1446.6599999999999
STU11695,David Walker,21,Other,87.32,20.66,81.06,66.94,77.62,No,1,Medium,70.04,72.28,76.67,1804.0312
STU11696,Lisa Durham,24,Female,73.85,17.5,72.31,63.63,63.61,No,4,Medium,49.95,63.620000000000005,67.965,1292.375
STU11697,Michael Ortega,17,Female,85.01,20.01,68.61,66.95,67.72,No,1,Medium,64.97,67.33500000000001,67.9725,1701.0501000000002
STU11698,Sonya Chavez,23,Male,100.0,29.2,80.49,81.81,78.45,No,2,Medium,76.68,80.13,80.31,2920.0
STU11699,John Bell,17,Female,76.96,11.93,55.08,51.47,57.77,Yes,1,High,50.55,54.620000000000005,54.85,918.1327999999999
STU11700,Christopher Tate,24,Female,81.93,14.83,68.74,61.95,59.81,Yes,1,Medium,64.24,60.88,64.81,1215.0219000000002
STU11701,Bethany Garcia,21,Female,70.62,28.26,65.47,57.87,62.67,Yes,1,Medium,59.09,60.269999999999996,62.87,1995.7212000000002
STU11702,Rebecca Nguyen,22,Other,79.81,26.12,66.97,72.14,70.2,No,0,Medium,52.76,71.17,69.07,2084.6372
STU11703,Rebecca Patel,23,Male,82.6,17.82,67.55,57.42,65.67,No,1,High,66.54,61.545,64.5475,1471.932
STU11704,Jason Oliver,19,Male,79.95,25.13,71.15,63.17,59.7,No,0,Medium,61.33,61.435,66.2925,2009.1435
STU11705,Valerie Reyes,19,Female,67.8,22.05,63.79,55.08,54.32,Yes,1,High,66.53,54.7,59.245000000000005,1494.99
STU11706,Robert Garza,24,Female,80.06,29.0,80.59,81.03,73.78,Yes,0,High,68.68,77.405,78.9975,2321.7400000000002
STU11707,Jessica Cobb,19,Male,92.62,20.45,76.92,68.64,62.62,No,2,High,66.44,65.63,71.275,1894.079
STU11708,Cynthia Bates,22,Male,82.49,26.15,74.28,62.55,72.36,Yes,0,High,74.96,67.455,70.8675,2157.1135
STU11709,Timothy Andrews,24,Male,87.62,35.85,86.42,91.43,79.71,No,2,Medium,72.72,85.57,85.995,3141.177
STU11710,Mr. Joel Peters,22,Male,75.63,23.59,64.82,55.81,58.77,Yes,0,Medium,64.14,57.290000000000006,61.055,1784.1117
STU11711,Casey Blanchard,21,Female,85.5,20.3,74.15,68.44,64.12,Yes,1,Medium,71.95,66.28,70.215,1735.65
STU11712,Brian Cervantes,17,Female,80.79,24.33,75.4,72.88,61.42,No,3,Medium,67.02,67.15,71.275,1965.6207
STU11713,Jamie Snyder,21,Male,68.49,17.81,54.34,58.08,50.02,Yes,2,Low,49.05,54.05,54.195,1219.8068999999998
STU11714,Ann Montoya,21,Male,81.19,34.33,88.48,98.37,82.73,No,2,Medium,75.92,90.55000000000001,89.51500000000001,2787.2527
STU11715,Stephanie Fields,22,Male,68.08,21.08,60.82,51.04,56.13,No,2,Medium,49.2,53.585,57.2025,1435.1263999999999
STU11716,Charles Hernandez,24,Male,71.67,18.36,67.15,60.31,59.75,Yes,2,High,63.37,60.03,63.59,1315.8612
STU11717,Jean Lane,24,Female,79.89,14.99,75.6,61.4,65.66,No,2,Medium,45.32,63.53,69.565,1197.5511000000001
STU11718,Michael Stewart,19,Other,80.97,26.58,82.47,79.98,71.37,No,2,Medium,67.36,75.67500000000001,79.0725,2152.1825999999996
STU11719,Susan Torres,18,Female,66.11,25.2,69.32,68.71,64.01,Yes,1,High,60.08,66.36,67.84,1665.972
STU11720,Jessica Haas,17,Male,88.54,17.02,69.79,60.44,70.7,No,3,Medium,58.81,65.57,67.68,1506.9508
STU11721,Brandon Smith,22,Female,83.72,23.46,81.54,71.69,73.9,No,3,High,73.33,72.795,77.1675,1964.0712
STU11722,Mrs. Bethany Phillips,19,Female,70.95,10.95,65.77,46.42,57.5,Yes,2,High,48.11,51.96,58.864999999999995,776.9025
STU11723,Joshua Brown,23,Female,62.62,21.11,60.5,64.46,57.73,No,2,Medium,63.03,61.095,60.7975,1321.9081999999999
STU11724,Samantha Howard,18,Male,76.55,22.72,65.96,67.14,54.38,Yes,1,Medium,65.17,60.760000000000005,63.36,1739.216
STU11725,Sharon Young,18,Male,73.54,30.24,61.08,73.67,56.65,No,1,Medium,67.66,65.16,63.12,2223.8496
STU11726,Jennifer Flores,22,Male,79.13,15.38,68.5,57.57,62.22,No,1,High,57.62,59.894999999999996,64.19749999999999,1217.0194
STU11727,James Gardner,20,Male,74.37,12.33,62.8,49.13,53.99,Yes,3,Medium,56.22,51.56,57.18,916.9821000000001
STU11728,Karen Lopez,17,Male,57.93,14.63,66.37,48.99,54.16,Yes,2,Medium,57.91,51.575,58.972500000000004,847.5159
STU11729,Tim Larsen,18,Male,74.12,11.98,65.55,56.4,65.89,Yes,0,High,60.19,61.144999999999996,63.3475,887.9576000000001
STU11730,Zachary Santiago,22,Female,74.94,28.02,83.93,72.63,73.41,Yes,2,Medium,67.48,73.02,78.475,2099.8188
STU11731,Benjamin Smith,22,Female,84.34,29.29,74.36,86.78,79.56,No,0,High,75.39,83.17,78.765,2470.3186
STU11732,Katelyn Kim,19,Male,71.02,21.92,76.72,61.18,62.94,No,0,High,61.08,62.06,69.39,1556.7584
STU11733,Angela May MD,23,Male,94.79,27.33,78.34,78.8,69.92,Yes,1,High,67.93,74.36,76.35,2590.6107
STU11734,Richard Munoz,20,Female,58.88,20.8,68.56,71.72,60.58,No,0,High,45.86,66.15,67.355,1224.7040000000002
STU11735,Christopher Hicks,17,Female,91.11,19.43,64.83,65.85,59.94,No,2,Medium,56.19,62.894999999999996,63.8625,1770.2673
STU11736,Joanna Kelly,24,Female,75.76,18.0,69.55,63.08,69.36,No,1,High,49.84,66.22,67.88499999999999,1363.68
STU11737,Larry Lane,21,Other,86.6,18.14,58.45,51.32,59.69,No,5,Medium,51.95,55.504999999999995,56.9775,1570.924
STU11738,Cynthia Shaw,23,Female,78.8,10.71,62.15,43.41,55.31,No,1,Medium,60.61,49.36,55.754999999999995,843.9480000000001
STU11739,Joshua Richardson,23,Other,89.4,21.59,78.96,76.42,78.44,Yes,4,Medium,63.09,77.43,78.195,1930.1460000000002
STU11740,Laura Bush,19,Male,74.13,19.76,64.84,69.9,51.88,Yes,1,High,63.3,60.89,62.865,1464.8088
STU11741,John Vaughn,24,Male,67.01,24.47,61.58,59.96,58.88,No,3,High,66.31,59.42,60.5,1639.7347
STU11742,Nicholas Terrell,18,Male,92.21,20.56,82.2,66.1,63.79,Yes,3,High,61.25,64.945,73.57249999999999,1895.8375999999998
STU11743,Dr. Julie Miller,18,Male,76.87,19.02,68.34,47.64,55.93,No,2,Low,63.17,51.785,60.0625,1462.0674000000001
STU11744,Ann Kennedy,19,Male,80.22,14.77,64.0,50.63,54.61,No,2,High,56.36,52.620000000000005,58.31,1184.8494
STU11745,Toni Miller,22,Female,90.35,20.43,75.73,68.39,71.82,No,3,High,78.61,70.10499999999999,72.91749999999999,1845.8504999999998
STU11746,Rebecca Edwards,18,Female,67.68,24.43,87.63,86.55,75.64,Yes,2,Medium,75.25,81.095,84.3625,1653.4224000000002
STU11747,Greg Osborne,20,Female,83.95,13.14,75.85,65.98,73.16,Yes,3,Medium,65.46,69.57,72.71,1103.103
STU11748,Jose Harrison,17,Male,72.1,20.52,76.34,69.5,62.45,Yes,0,Medium,45.83,65.975,71.1575,1479.492
STU11749,Jennifer Yu,23,Female,76.68,21.4,73.7,65.06,67.45,Yes,2,Low,55.44,66.255,69.97749999999999,1640.952
STU11750,Donna Johnson,23,Female,78.72,15.69,68.64,56.25,60.27,Yes,3,Medium,64.51,58.260000000000005,63.45,1235.1168
STU11751,Nicole Acosta,20,Male,63.0,16.47,44.96,54.28,39.16,No,0,Medium,52.92,46.72,45.84,1037.61
STU11752,Amy Kennedy,24,Female,70.21,21.38,63.3,62.28,53.4,Yes,1,Medium,48.38,57.84,60.57,1501.0897999999997
STU11753,Anthony Mooney,18,Male,91.51,13.2,67.48,45.53,57.11,Yes,3,Medium,58.42,51.32,59.400000000000006,1207.932
STU11754,Lori Mitchell,23,Male,86.86,22.1,62.09,58.68,65.2,Yes,1,Medium,59.28,61.94,62.015,1919.6060000000002
STU11755,Jonathan York,21,Female,77.37,14.63,58.09,47.7,54.82,Yes,2,Low,53.68,51.260000000000005,54.675000000000004,1131.9231000000002
STU11756,Casey Campbell,24,Male,80.43,26.38,61.77,62.48,53.74,Yes,4,High,62.2,58.11,59.94,2121.7434000000003
STU11757,Alexis Rodriguez,17,Male,75.06,34.03,78.58,84.73,71.47,Yes,2,Medium,70.03,78.1,78.34,2554.2918
STU11758,Kevin Hernandez,17,Female,91.57,14.84,77.75,64.63,78.24,No,2,Medium,73.0,71.435,74.5925,1358.8988
STU11759,Robert Green,23,Female,76.0,23.21,79.39,71.69,68.63,Yes,0,Medium,62.88,70.16,74.775,1763.96
STU11760,Kari Lloyd,19,Male,80.32,15.64,70.98,69.03,63.43,No,0,Medium,61.71,66.23,68.605,1256.2048
STU11761,Grace Miller,24,Male,89.46,26.25,72.42,68.22,69.57,No,1,High,73.16,68.895,70.6575,2348.325
STU11762,Timothy Moore,23,Male,70.23,12.41,48.25,55.91,54.32,Yes,0,Medium,47.05,55.114999999999995,51.6825,871.5543
STU11763,Wyatt Townsend II,19,Female,93.59,22.88,66.15,62.31,61.4,No,3,Medium,60.78,61.855000000000004,64.0025,2141.3392
STU11764,Mark Clark,23,Male,62.7,14.76,51.53,48.43,50.04,Yes,3,High,48.54,49.235,50.3825,925.452
STU11765,Haley May,21,Male,94.3,18.76,69.63,62.92,63.61,Yes,1,Medium,67.33,63.265,66.44749999999999,1769.068
STU11766,Audrey Jackson,24,Female,74.27,13.81,63.26,55.39,59.98,Yes,1,Low,56.34,57.685,60.4725,1025.6687
STU11767,Eric Reese,22,Female,75.57,24.93,65.58,68.73,62.97,Yes,2,Low,56.97,65.85,65.715,1883.9600999999998
STU11768,Kim James,17,Male,59.1,14.98,61.5,55.82,55.29,Yes,3,Low,53.46,55.555,58.5275,885.3180000000001
STU11769,Karen Thomas,23,Female,73.45,23.31,69.07,61.79,56.7,Yes,4,High,45.66,59.245000000000005,64.1575,1712.1195
STU11770,Alexandra Ho,21,Female,67.6,17.94,64.67,51.74,50.16,No,1,Medium,56.78,50.95,57.81,1212.744
STU11771,Michael Nixon,19,Male,71.92,19.31,75.27,80.99,73.8,No,1,High,74.99,77.395,76.3325,1388.7752
STU11772,Amanda Hardin,19,Male,76.63,20.89,62.01,57.67,56.82,Yes,3,High,57.53,57.245000000000005,59.6275,1600.8007
STU11773,Tina Reynolds,17,Female,87.58,15.43,73.76,67.41,68.35,Yes,2,Medium,62.69,67.88,70.82,1351.3594
STU11774,Shannon Rogers,20,Male,80.08,21.26,71.82,57.0,59.57,Yes,0,Low,56.93,58.285,65.0525,1702.5008
STU11775,Brett Pena,23,Female,81.08,29.18,75.52,74.23,73.12,Yes,1,Low,61.51,73.67500000000001,74.5975,2365.9144
STU11776,Raymond Curry,24,Male,67.04,15.33,68.74,57.54,54.57,No,1,Medium,50.19,56.055,62.397499999999994,1027.7232000000001
STU11777,Leah Lee,18,Male,69.19,27.03,77.75,76.85,67.27,Yes,2,Medium,69.53,72.06,74.905,1870.2057
STU11778,Michael White,19,Male,95.99,28.99,77.06,61.74,71.71,Yes,0,Medium,73.92,66.725,71.8925,2782.7500999999997
STU11779,Megan Decker,24,Male,70.65,15.1,62.55,56.05,61.5,No,1,Medium,57.68,58.775,60.662499999999994,1066.815
STU11780,Brent Garcia,24,Male,94.56,11.27,72.68,52.67,60.17,No,0,High,78.75,56.42,64.55000000000001,1065.6912
STU11781,Daniel Campbell,22,Male,75.57,21.81,68.58,66.85,72.31,Yes,2,Medium,73.29,69.58,69.08,1648.1816999999999
STU11782,Alexander Davis,24,Female,78.02,16.72,72.01,56.24,62.06,No,1,Medium,63.56,59.150000000000006,65.58000000000001,1304.4943999999998
STU11783,Mary Houston,24,Other,88.7,31.21,84.3,78.19,69.4,Yes,1,High,78.94,73.795,79.0475,2768.327
STU11784,Margaret Erickson,22,Female,90.72,20.21,88.26,74.16,76.84,Yes,1,Low,71.69,75.5,81.88,1833.4512
STU11785,Scott Anderson,19,Female,76.89,15.19,55.68,45.67,48.94,Yes,1,Medium,54.03,47.305,51.4925,1167.9591
STU11786,Stephanie Knight,24,Male,74.12,13.12,62.97,51.0,56.88,Yes,2,Low,53.97,53.94,58.455,972.4544
STU11787,Stephanie Dominguez,20,Other,77.44,26.54,68.19,61.97,60.83,No,2,Low,63.86,61.4,64.795,2055.2576
STU11788,John Mayer,20,Male,81.38,16.57,73.38,52.41,60.67,Yes,5,Medium,59.55,56.54,64.96,1348.4666
STU11789,Tammy Hill,21,Female,86.91,20.26,62.63,67.48,58.36,Yes,1,Medium,59.6,62.92,62.775000000000006,1760.7966000000001
STU11790,Steven Carrillo,22,Other,78.04,25.73,76.65,65.34,70.25,Yes,0,Medium,73.32,67.795,72.2225,2007.9692000000002
STU11791,Christopher Jones,21,Female,84.19,17.09,66.23,59.15,54.94,Yes,2,High,58.64,57.045,61.6375,1438.8071
STU11792,Janet Cook,22,Other,94.38,19.72,71.42,70.98,63.17,No,2,Medium,59.89,67.075,69.2475,1861.1735999999999
STU11793,Tyler Baker,23,Female,81.81,19.9,61.53,56.24,59.42,Yes,1,Medium,54.15,57.83,59.68,1628.019
STU11794,John Mcfarland,23,Male,81.12,24.1,71.06,63.93,71.48,Yes,2,Low,68.01,67.705,69.3825,1954.9920000000002
STU11795,Cassandra Vasquez,24,Male,62.81,23.54,74.19,69.63,61.14,No,0,Medium,75.91,65.38499999999999,69.7875,1478.5474
STU11796,Randy Robinson,18,Female,51.69,18.68,58.58,60.91,55.66,Yes,2,Medium,48.39,58.285,58.4325,965.5691999999999
STU11797,Susan Baldwin,23,Male,81.88,20.38,76.41,61.54,70.03,Yes,0,High,71.29,65.785,71.0975,1668.7143999999998
STU11798,Benjamin Duncan,18,Female,77.05,17.77,79.91,66.75,70.81,Yes,3,Medium,68.83,68.78,74.345,1369.1785
STU11799,Jeremy Mosley,23,Other,72.85,11.13,63.78,41.99,50.03,Yes,0,Low,54.47,46.010000000000005,54.895,810.8205
STU11800,Martin Fitzpatrick,17,Male,80.44,21.55,68.35,62.67,56.49,Yes,1,Medium,64.19,59.58,63.964999999999996,1733.482
STU11801,Deborah Graves,23,Female,77.4,31.35,81.18,80.81,61.14,Yes,1,Low,72.63,70.975,76.0775,2426.4900000000002
STU11802,Laura Robertson,21,Female,89.28,14.7,67.19,53.98,58.95,No,3,Medium,61.03,56.465,61.8275,1312.416
STU11803,Katherine Graham,19,Female,78.86,15.36,63.77,54.04,62.9,No,1,Medium,52.29,58.47,61.120000000000005,1211.2895999999998
STU11804,Priscilla Floyd,24,Other,70.53,14.78,52.92,41.01,41.36,No,3,Low,38.67,41.185,47.0525,1042.4334
STU11805,April Finley,21,Female,87.9,24.35,83.69,77.2,77.39,No,3,Medium,74.79,77.295,80.4925,2140.3650000000002
STU11806,Karen Bradley,19,Other,75.83,22.69,68.51,72.02,59.6,Yes,1,Medium,65.43,65.81,67.16,1720.5827000000002
STU11807,Heather Maldonado,20,Female,83.27,19.05,72.92,59.0,63.36,No,2,Medium,59.48,61.18,67.05,1586.2935
STU11808,Mark Benjamin,21,Male,73.23,14.49,57.18,48.08,55.03,Yes,0,Low,61.58,51.555,54.3675,1061.1027000000001
STU11809,Joseph Woodward,20,Male,71.5,20.55,71.04,67.73,59.57,Yes,1,High,69.05,63.650000000000006,67.345,1469.325
STU11810,Joe Miranda,18,Female,78.84,10.61,58.63,56.95,57.07,Yes,0,Medium,43.12,57.010000000000005,57.82000000000001,836.4924
STU11811,Cassandra Williams,18,Male,78.13,20.86,69.86,56.05,57.62,Yes,2,High,61.04,56.834999999999994,63.3475,1629.7918
STU11812,Connor Dominguez,17,Female,82.8,25.23,81.93,75.04,75.03,No,3,Medium,65.17,75.035,78.4825,2089.044
STU11813,Lydia Howard,23,Female,75.31,12.49,69.4,58.64,61.05,Yes,1,Medium,70.91,59.845,64.6225,940.6219000000001
STU11814,Mark Moss,21,Male,59.64,10.8,56.26,46.01,48.01,Yes,1,Medium,34.57,47.01,51.635,644.1120000000001
STU11815,Corey Cortez,20,Female,73.67,29.48,62.73,53.54,63.22,Yes,0,Medium,61.23,58.379999999999995,60.55499999999999,2171.7916
STU11816,Katherine Brown,19,Female,85.94,16.33,91.76,76.77,79.49,Yes,1,Low,72.82,78.13,84.945,1403.4001999999998
STU11817,Elizabeth Ferguson,18,Female,75.03,26.82,86.01,88.06,72.48,Yes,2,Medium,78.88,80.27000000000001,83.14000000000001,2012.3046000000002
STU11818,Joann Forbes,23,Male,75.54,19.08,73.63,65.92,63.52,Yes,0,High,66.64,64.72,69.175,1441.3032
STU11819,Anthony French,18,Male,87.86,19.03,68.19,57.23,61.09,Yes,4,Medium,74.91,59.16,63.675,1671.9758000000002
STU11820,Bruce Roman,19,Male,70.88,22.63,68.4,62.0,60.22,No,0,Low,60.55,61.11,64.755,1604.0143999999998
STU11821,Judy Gregory,23,Female,62.57,14.7,56.51,61.19,66.33,Yes,1,Medium,46.27,63.76,60.135,919.779
STU11822,Brittany Riley,23,Male,76.39,20.79,78.96,75.24,71.1,Yes,2,High,79.63,73.16999999999999,76.065,1588.1480999999999
STU11823,Amanda Thomas,20,Female,73.16,17.71,68.5,64.77,51.1,No,5,High,60.45,57.935,63.2175,1295.6636
STU11824,Kaitlin Hardin,20,Male,68.34,12.08,55.3,50.26,47.9,No,1,Low,53.88,49.08,52.19,825.5472000000001
STU11825,Michael Anderson,21,Male,76.25,22.02,67.62,60.67,50.49,Yes,1,High,57.54,55.58,61.6,1679.0249999999999
STU11826,Anthony Parker,21,Female,82.92,18.42,78.91,67.07,66.03,Yes,0,Medium,59.41,66.55,72.72999999999999,1527.3864
STU11827,Joy Jackson,22,Female,77.91,19.06,80.71,68.87,58.0,No,1,Medium,54.9,63.435,72.07249999999999,1484.9645999999998
STU11828,Sabrina Rodriguez,24,Male,81.07,12.74,77.04,65.24,61.65,Yes,2,Medium,70.25,63.44499999999999,70.2425,1032.8318
STU11829,Robert Walker PhD,22,Male,96.13,29.55,89.44,94.45,75.98,Yes,1,High,86.73,85.215,87.3275,2840.6414999999997
STU11830,Robert Hendrix,17,Male,74.57,25.26,70.74,75.81,68.13,Yes,5,High,65.91,71.97,71.35499999999999,1883.6381999999999
STU11831,Erika Daugherty,18,Female,80.78,25.78,52.67,51.73,52.7,No,2,High,39.36,52.215,52.4425,2082.5084
STU11832,Brenda Copeland,21,Female,72.91,18.17,68.96,62.92,62.25,No,2,Low,63.4,62.585,65.7725,1324.7747000000002
STU11833,Pamela Watkins,20,Male,69.54,9.62,59.54,52.78,52.7,No,3,High,41.94,52.74,56.14,668.9748
STU11834,Bryan Thomas,19,Male,72.15,31.72,77.04,81.85,63.07,Yes,5,Low,78.74,72.46,74.75,2288.598
STU11835,Michael Tran,20,Male,73.21,19.63,68.4,58.83,61.74,Yes,0,Medium,50.74,60.285,64.3425,1437.1122999999998
STU11836,Timothy Williams,18,Female,81.59,15.51,59.21,72.17,71.91,Yes,2,Medium,65.22,72.03999999999999,65.625,1265.4609
STU11837,Ryan Salazar,22,Other,100.0,22.5,84.65,69.14,75.87,No,2,Medium,74.15,72.505,78.5775,2250.0
STU11838,Alexis Tucker,20,Male,70.84,27.0,76.66,67.05,62.34,No,1,Medium,64.46,64.695,70.6775,1912.68
STU11839,Christopher Davis,24,Female,73.83,19.86,73.21,66.92,56.67,Yes,0,Medium,62.53,61.795,67.5025,1466.2638
STU11840,Stacie Butler,17,Male,77.37,27.67,81.94,90.41,71.26,No,2,High,75.0,80.83500000000001,81.3875,2140.8279
STU11841,Patricia Schwartz,18,Male,81.96,26.5,80.56,71.34,71.82,Yes,1,Medium,67.27,71.58,76.07,2171.94
STU11842,Mark Mills,22,Female,80.64,13.54,63.86,53.78,62.67,Yes,0,Medium,56.94,58.225,61.042500000000004,1091.8655999999999
STU11843,Todd Bishop,24,Female,90.84,15.96,72.01,69.52,69.01,No,0,High,63.32,69.265,70.6375,1449.8064000000002
STU11844,Christopher Porter,19,Female,53.74,25.75,65.16,64.28,60.05,Yes,0,Low,54.73,62.165,63.662499999999994,1383.805
STU11845,Lori Patton,22,Female,54.13,5.0,50.91,35.91,44.75,Yes,0,Medium,31.39,40.33,45.62,270.65000000000003
STU11846,Aaron Young,23,Male,73.04,19.1,74.57,68.9,67.36,Yes,2,Medium,67.16,68.13,71.35,1395.0640000000003
STU11847,Joseph Davis,24,Female,88.97,11.42,73.09,61.01,61.44,No,0,Medium,60.15,61.224999999999994,67.1575,1016.0373999999999
STU11848,Philip Fernandez,24,Male,62.34,17.14,76.48,69.91,64.57,No,2,Medium,66.76,67.24,71.86,1068.5076000000001
STU11849,Randy Hopkins,17,Female,47.92,18.21,72.36,68.73,54.72,No,0,Medium,52.82,61.725,67.0425,872.6232000000001
STU11850,Cory Hogan,18,Male,83.71,17.85,71.54,65.63,64.84,No,2,High,68.84,65.235,68.3875,1494.2235
STU11851,Tracy Wells,19,Female,80.44,16.69,42.0,47.92,49.21,Yes,2,Low,50.29,48.565,45.2825,1342.5436
STU11852,Michael Williams,17,Male,67.1,13.42,69.89,58.51,66.75,Yes,3,Medium,60.28,62.629999999999995,66.25999999999999,900.482
STU11853,Dominique Hamilton,22,Male,68.14,33.75,72.1,79.78,60.24,No,1,Low,62.66,70.01,71.055,2299.725
STU11854,Robert Chang,17,Female,68.3,31.2,68.55,72.94,65.59,No,2,Medium,55.28,69.265,68.9075,2130.96
STU11855,Patrick Buckley,24,Male,79.11,13.03,62.98,54.27,64.27,No,2,Medium,65.95,59.269999999999996,61.125,1030.8033
STU11856,Richard Washington,18,Female,71.74,29.49,71.21,80.06,71.09,No,2,High,66.02,75.575,73.3925,2115.6126
STU11857,Steven Griffith,21,Male,82.94,17.6,74.78,74.36,72.95,No,4,High,69.34,73.655,74.2175,1459.7440000000001
STU11858,Erika Gonzalez,17,Male,49.45,20.78,48.41,41.23,44.2,Yes,2,Medium,37.87,42.715,45.5625,1027.5710000000001
STU11859,Erika Maxwell,23,Male,69.43,19.62,58.96,57.09,61.0,Yes,1,High,54.28,59.045,59.0025,1362.2166000000002
STU11860,Brent Rojas,17,Male,66.74,16.04,65.33,52.91,49.29,No,2,Medium,61.91,51.099999999999994,58.214999999999996,1070.5095999999999
STU11861,Jaime Walker,22,Female,75.44,25.9,77.67,71.71,60.44,No,1,Medium,64.24,66.07499999999999,71.8725,1953.8959999999997
STU11862,John Zamora,22,Male,72.62,20.76,73.07,68.55,64.06,No,2,Medium,60.73,66.305,69.6875,1507.5912000000003
STU11863,Timothy Gibson,19,Female,85.98,17.14,65.88,64.27,51.94,Yes,0,Medium,56.91,58.105,61.99249999999999,1473.6972
STU11864,Chad Cortez,22,Female,59.41,12.17,50.44,43.96,51.08,Yes,0,High,48.84,47.519999999999996,48.98,723.0197
STU11865,Vanessa Harris,20,Male,78.45,14.64,63.08,44.23,59.35,No,0,Medium,57.83,51.79,57.435,1148.508
STU11866,Michael Brown,18,Female,83.58,10.15,67.22,48.67,55.11,No,1,Medium,55.93,51.89,59.555,848.337
STU11867,Samuel Ellis,18,Female,96.57,20.07,88.08,81.54,76.83,No,3,High,79.26,79.185,83.6325,1938.1598999999999
STU11868,Greg Tanner,21,Female,73.18,12.82,48.91,29.31,41.65,Yes,4,High,40.86,35.48,42.19499999999999,938.1676000000001
STU11869,Rachel Little,21,Male,81.24,18.41,68.84,69.68,64.99,No,0,High,62.47,67.33500000000001,68.0875,1495.6283999999998
STU11870,Carolyn Cordova,18,Male,59.96,28.22,59.41,67.2,56.94,No,3,Medium,57.66,62.07,60.739999999999995,1692.0711999999999
STU11871,Angelica Vincent,23,Female,54.08,27.2,54.11,67.55,56.19,No,1,Medium,53.33,61.87,57.989999999999995,1470.9759999999999
STU11872,Zachary Vargas PhD,21,Female,86.45,19.81,80.22,69.4,68.79,Yes,1,Medium,66.01,69.095,74.6575,1712.5745
STU11873,Nicholas Fitzgerald,19,Female,77.94,19.48,73.62,53.45,64.78,Yes,0,Medium,57.94,59.115,66.3675,1518.2712
STU11874,Garrett Riley,22,Male,89.79,31.28,85.96,86.99,80.72,No,5,High,82.52,83.85499999999999,84.9075,2808.6312000000003
STU11875,Leslie Hernandez,18,Female,64.27,23.12,73.34,75.22,61.82,Yes,4,High,68.97,68.52,70.93,1485.9224
STU11876,Abigail Baird,24,Male,83.2,18.03,67.54,67.24,70.49,Yes,0,High,72.82,68.865,68.2025,1500.0960000000002
STU11877,John Mack,21,Female,96.69,11.44,68.66,53.75,55.39,Yes,0,Low,57.42,54.57,61.614999999999995,1106.1336
STU11878,Joseph Mendoza,18,Male,82.2,22.36,88.83,77.72,74.27,No,3,High,62.2,75.995,82.4125,1837.992
STU11879,Samantha Chavez,20,Female,80.77,24.98,73.07,67.55,70.21,Yes,1,High,82.95,68.88,70.975,2017.6345999999999
STU11880,Justin Smith,17,Male,78.09,16.21,72.73,57.48,57.58,Yes,1,Medium,59.6,57.53,65.13,1265.8389000000002
STU11881,Tiffany Anderson,22,Male,62.29,21.75,65.19,67.39,60.41,No,1,Medium,55.2,63.9,64.545,1354.8075
STU11882,Matthew Davis,18,Female,91.56,17.82,61.16,51.65,60.51,No,3,High,60.38,56.08,58.62,1631.5992
STU11883,Eric Warner,17,Male,71.89,18.9,52.67,47.8,45.24,Yes,1,Medium,46.96,46.519999999999996,49.595,1358.721
STU11884,Nicole Johnson,21,Male,83.04,5.07,57.71,37.98,49.74,Yes,2,High,47.61,43.86,50.785,421.0128
STU11885,Raymond Sawyer,17,Male,62.37,18.67,70.41,52.82,54.82,No,1,Medium,57.5,53.82,62.114999999999995,1164.4479000000001
STU11886,Richard Wood,22,Female,66.21,25.82,75.08,72.03,61.97,Yes,0,High,64.14,67.0,71.03999999999999,1709.5421999999999
STU11887,Mark Dalton,18,Female,92.35,16.21,79.69,74.62,83.99,No,2,High,75.0,79.305,79.4975,1496.9935
STU11888,Steven Cook,20,Male,74.53,20.32,62.13,58.8,53.42,Yes,1,Medium,41.41,56.11,59.120000000000005,1514.4496000000001
STU11889,Jeffery Nelson,23,Female,92.53,15.46,84.15,60.42,74.13,No,0,High,68.22,67.275,75.7125,1430.5138000000002
STU11890,Kimberly Norton,21,Female,77.22,22.16,64.65,68.26,60.0,No,2,Medium,53.92,64.13,64.39,1711.1951999999999
STU11891,Angela Gilmore,18,Male,59.58,18.7,63.41,67.78,52.4,No,2,Medium,51.63,60.09,61.75,1114.146
STU11892,Amy Dougherty,22,Female,86.92,14.36,69.75,56.1,61.95,Yes,2,Low,60.15,59.025000000000006,64.3875,1248.1712
STU11893,Stacy Rodriguez,21,Female,72.1,28.0,72.22,69.26,67.18,No,3,Medium,60.88,68.22,70.22,2018.7999999999997
STU11894,Manuel Diaz,19,Female,84.99,25.57,86.27,82.05,80.51,Yes,0,High,74.77,81.28,83.775,2173.1943
STU11895,Justin Jones,17,Male,78.25,16.37,62.82,66.84,68.84,No,1,High,64.04,67.84,65.33,1280.9525
STU11896,Christine Zavala,23,Female,62.57,22.99,56.67,55.0,66.32,Yes,3,Medium,54.88,60.66,58.665,1438.4842999999998
STU11897,Brian Mendoza,22,Female,79.64,23.22,73.25,61.15,64.22,No,1,Medium,55.58,62.685,67.9675,1849.2408
STU11898,Lauren Haley,19,Male,99.96,23.85,78.88,78.63,71.81,Yes,0,Medium,62.59,75.22,77.05,2384.046
STU11899,Patrick Perez,24,Male,82.93,9.83,88.69,70.71,74.64,No,1,Medium,71.21,72.675,80.6825,815.2019
STU11900,Derek Frazier,18,Male,77.42,26.04,78.93,74.63,67.9,Yes,2,High,67.7,71.265,75.0975,2016.0167999999999
STU11901,Arthur Reed,20,Male,88.75,16.58,69.24,58.53,67.1,Yes,1,Medium,53.66,62.815,66.0275,1471.475
STU11902,Mr. Bryan Mckinney,21,Female,80.11,17.85,62.15,64.22,53.77,Yes,0,Medium,65.18,58.995000000000005,60.572500000000005,1429.9635
STU11903,Kim Carter,17,Male,80.1,35.83,68.96,81.35,80.47,Yes,2,Medium,75.33,80.91,74.935,2869.9829999999997
STU11904,Rebecca Dougherty,21,Male,67.08,21.81,59.92,54.68,57.81,Yes,3,Low,46.38,56.245000000000005,58.0825,1463.0148
STU11905,Teresa Jones,23,Female,80.34,17.68,70.32,62.92,54.28,Yes,3,High,58.52,58.6,64.46,1420.4112
STU11906,Judith Miller,18,Male,88.35,6.77,75.07,48.11,57.24,No,0,Medium,63.02,52.675,63.872499999999995,598.1294999999999
STU11907,Donna Frye,21,Other,69.64,28.34,80.55,80.89,74.51,Yes,2,Medium,70.37,77.7,79.125,1973.5976
STU11908,Donald Terry,17,Male,92.24,11.93,71.85,57.91,69.75,No,3,High,63.9,63.83,67.84,1100.4232
STU11909,Shaun Meyer DDS,18,Male,77.08,13.98,63.36,52.52,49.61,Yes,3,High,61.52,51.065,57.2125,1077.5784
STU11910,Wayne Weaver,21,Male,69.12,18.01,67.14,59.85,61.84,No,1,High,58.61,60.845,63.9925,1244.8512000000003
STU11911,Gregory Wallace,20,Male,87.98,28.5,76.51,76.77,61.51,Yes,3,High,78.53,69.14,72.825,2507.4300000000003
STU11912,Dorothy Brown,22,Male,75.13,24.64,84.33,81.44,72.6,No,0,High,69.19,77.02,80.675,1851.2032
STU11913,Crystal Meza,18,Female,85.6,19.05,71.25,68.44,71.57,No,1,Medium,62.23,70.005,70.6275,1630.68
STU11914,Jennifer Cooper,22,Other,75.08,21.85,69.72,64.58,59.26,Yes,0,Low,57.68,61.92,65.82,1640.498
STU11915,Erin Watkins,24,Male,77.4,16.4,51.93,55.64,45.59,No,3,Medium,56.73,50.615,51.2725,1269.36
STU11916,Sarah Wallace,18,Female,82.94,20.84,71.4,68.72,66.36,Yes,0,High,68.45,67.53999999999999,69.47,1728.4696
STU11917,Carlos Clarke,20,Female,80.91,20.44,77.53,66.57,63.59,No,1,Low,61.2,65.08,71.305,1653.8004
STU11918,David Washington,22,Female,58.04,25.81,58.81,60.63,56.56,Yes,1,Low,47.3,58.595,58.7025,1498.0123999999998
STU11919,Patricia Williams,19,Male,66.79,25.8,64.52,64.5,54.09,Yes,2,Low,49.4,59.295,61.9075,1723.1820000000002
STU11920,Jesus Jackson,17,Male,87.29,22.96,81.54,77.27,69.18,Yes,0,High,78.2,73.225,77.3825,2004.1784000000002
STU11921,Michelle Mitchell,19,Male,76.68,17.83,57.82,53.31,44.13,No,1,Medium,56.68,48.72,53.269999999999996,1367.2044
STU11922,Sara Schwartz,21,Female,72.76,24.45,78.62,70.18,67.48,Yes,0,Medium,72.09,68.83000000000001,73.72500000000001,1778.982
STU11923,Brittany Young,20,Female,64.41,19.45,60.65,69.12,57.5,No,3,Low,59.06,63.31,61.980000000000004,1252.7745
STU11924,Eugene Martinez,19,Male,67.2,13.51,58.62,56.76,47.88,Yes,0,High,56.05,52.32,55.47,907.8720000000001
STU11925,Cody Hart,18,Male,57.78,17.58,52.55,45.94,47.0,Yes,1,Medium,49.81,46.47,49.51,1015.7724
STU11926,Evan Cooper,21,Female,76.99,20.51,72.8,69.62,70.38,No,2,Medium,66.0,70.0,71.4,1579.0649
STU11927,Joshua Martin,21,Female,72.02,25.46,88.85,79.69,72.32,No,0,Medium,73.13,76.005,82.4275,1833.6291999999999
STU11928,Thomas Sullivan,19,Other,68.33,18.9,71.03,65.26,62.71,No,1,Medium,59.46,63.985,67.5075,1291.437
STU11929,Mr. Jimmy Flores Jr.,24,Female,77.32,12.74,58.8,52.36,55.74,No,1,Medium,56.68,54.05,56.425,985.0568
STU11930,Vanessa Rivera,19,Male,81.64,20.34,79.84,77.52,65.38,No,0,Medium,71.87,71.44999999999999,75.645,1660.5576
STU11931,Kara Roberts,24,Female,98.93,20.68,76.83,72.84,82.45,No,2,Medium,66.03,77.64500000000001,77.23750000000001,2045.8724000000002
STU11932,Veronica Berry,20,Female,62.88,21.12,74.56,65.93,59.39,Yes,2,High,69.54,62.660000000000004,68.61,1328.0256000000002
STU11933,Keith Meadows,17,Male,89.59,25.52,84.35,84.57,80.32,Yes,0,Medium,76.02,82.445,83.3975,2286.3368
STU11934,Michael Dennis,19,Female,87.73,26.11,57.77,65.45,64.52,Yes,4,Medium,72.52,64.985,61.3775,2290.6303000000003
STU11935,Brenda Pierce,23,Female,70.21,16.43,57.56,54.19,52.46,Yes,1,High,62.89,53.325,55.4425,1153.5502999999999
STU11936,James Randall,24,Male,80.03,16.3,75.03,65.82,68.34,Yes,2,High,61.62,67.08,71.055,1304.489
STU11937,Brandon Brown,19,Female,73.42,13.76,65.06,54.95,57.92,No,0,Medium,54.77,56.435,60.7475,1010.2592
STU11938,Lauren Walker,22,Female,79.86,24.19,66.71,66.5,55.51,Yes,2,Low,47.0,61.004999999999995,63.857499999999995,1931.8134
STU11939,Diana Johnson,18,Female,93.09,28.69,77.88,74.44,70.27,No,1,High,69.56,72.35499999999999,75.11749999999999,2670.7521
STU11940,Jill Powers,23,Male,84.06,18.11,57.96,52.08,52.26,No,3,High,58.74,52.17,55.065,1522.3266
STU11941,Jorge Lee,23,Male,83.09,18.55,70.6,57.84,59.26,Yes,3,Medium,66.87,58.55,64.57499999999999,1541.3195
STU11942,Larry Harding,24,Female,73.7,28.8,90.11,74.5,65.83,Yes,0,Medium,69.52,70.16499999999999,80.13749999999999,2122.56
STU11943,Heather Hernandez,22,Male,63.16,23.03,72.02,61.38,64.95,Yes,1,Low,60.6,63.165000000000006,67.5925,1454.5748
STU11944,Jaclyn Watson,22,Female,75.92,22.62,86.53,74.5,79.55,No,3,Medium,68.01,77.025,81.7775,1717.3104
STU11945,Gregory Madden,21,Female,90.07,12.85,76.2,63.1,71.66,No,1,Low,62.54,67.38,71.78999999999999,1157.3995
STU11946,Anita Luna,24,Male,62.73,24.07,74.13,67.08,68.32,Yes,0,Medium,59.51,67.69999999999999,70.91499999999999,1509.9111
STU11947,Willie Lara,17,Female,67.45,14.43,75.9,47.34,54.9,No,1,Low,52.87,51.120000000000005,63.510000000000005,973.3035
STU11948,Robert Waller,18,Female,79.26,13.2,68.58,66.97,60.11,Yes,3,Medium,70.69,63.54,66.06,1046.232
STU11949,Steven Taylor,20,Male,68.15,17.92,63.49,64.38,54.49,No,5,Medium,56.09,59.435,61.462500000000006,1221.2480000000003
STU11950,Angelica Clark,23,Female,70.07,16.49,71.8,64.01,64.77,No,4,Medium,53.03,64.39,68.095,1155.4542999999999
STU11951,Sean Hatfield,20,Female,73.76,18.67,77.75,78.39,70.54,Yes,0,Low,66.0,74.465,76.1075,1377.0992
STU11952,Tyler Avila,19,Female,64.34,11.35,55.32,41.21,46.27,Yes,1,Medium,51.21,43.74,49.53,730.259
STU11953,Jason Rocha,19,Female,68.26,25.75,65.28,77.23,70.01,Yes,1,High,61.81,73.62,69.45,1757.6950000000002
STU11954,Justin Page,20,Male,85.03,26.77,78.72,70.1,71.12,Yes,2,Medium,77.48,70.61,74.66499999999999,2276.2531
STU11955,Breanna Lopez,19,Female,64.93,8.32,62.62,49.85,48.16,No,0,High,46.94,49.004999999999995,55.8125,540.2176000000001
STU11956,Julian Williams,17,Female,62.02,25.87,73.5,62.27,56.52,Yes,1,Medium,54.44,59.395,66.4475,1604.4574000000002
STU11957,Sandra Torres,22,Female,71.7,15.14,54.31,50.75,54.52,No,1,Medium,40.45,52.635000000000005,53.472500000000004,1085.538
STU11958,Julie Johnson,19,Female,85.32,25.14,90.11,83.04,82.88,Yes,1,Medium,79.42,82.96000000000001,86.535,2144.9447999999998
STU11959,Dennis Blanchard,21,Male,76.03,19.59,64.64,59.86,61.54,No,3,High,72.12,60.7,62.67,1489.4277
STU11960,Kaitlyn Valdez,19,Female,73.35,20.17,66.6,66.4,70.7,No,1,Low,61.53,68.55000000000001,67.575,1479.4695
STU11961,Jennifer Vasquez,18,Male,78.44,18.89,63.28,60.24,67.1,No,1,Low,52.58,63.67,63.475,1481.7316
STU11962,Danielle Wilson,17,Male,60.54,27.27,87.19,75.42,71.23,Yes,1,Medium,71.78,73.325,80.2575,1650.9258
STU11963,Zachary Jones,18,Male,82.95,12.56,68.67,53.97,55.32,Yes,3,High,65.62,54.644999999999996,61.6575,1041.852
STU11964,Lauren Cunningham,18,Other,81.83,23.65,68.33,71.91,58.9,No,1,High,70.82,65.405,66.8675,1935.2794999999999
STU11965,Lori Alvarez,21,Female,73.91,26.61,79.24,71.0,65.43,Yes,0,Medium,58.51,68.215,73.72749999999999,1966.7450999999999
STU11966,Barbara Hunt,17,Female,88.06,24.3,82.62,81.61,78.86,Yes,3,Medium,85.46,80.235,81.42750000000001,2139.858
STU11967,Sarah Martin,17,Female,66.73,33.95,74.14,85.34,78.3,Yes,4,Medium,74.07,81.82,77.97999999999999,2265.4835000000003
STU11968,Francisco Johns,24,Female,89.28,16.83,78.38,57.17,67.39,No,1,Medium,74.42,62.28,70.33,1502.5823999999998
STU11969,Christopher Nelson,17,Female,79.54,25.74,69.06,75.9,72.49,No,2,Medium,68.18,74.195,71.6275,2047.3596
STU11970,Thomas Kelly,17,Female,74.63,19.36,64.95,72.97,61.97,No,0,High,65.77,67.47,66.21000000000001,1444.8367999999998
STU11971,Joseph Mayer,17,Male,77.8,27.4,61.23,67.63,63.77,Yes,0,High,58.12,65.7,63.465,2131.72
STU11972,Pamela White,21,Male,76.93,19.95,60.47,62.5,62.54,Yes,1,Medium,65.8,62.519999999999996,61.495,1534.7535
STU11973,Paul Stephens,19,Female,90.2,17.67,86.1,78.5,65.75,No,1,Medium,62.98,72.125,79.1125,1593.8340000000003
STU11974,Samantha Cohen,24,Female,67.23,27.84,82.87,75.7,66.88,Yes,3,Medium,70.26,71.28999999999999,77.08,1871.6832000000002
STU11975,Michael Barker,18,Male,70.37,17.05,65.54,59.52,62.59,Yes,3,Medium,57.47,61.05500000000001,63.29750000000001,1199.8085
STU11976,Kevin Morrow,17,Male,88.36,11.52,80.05,55.35,66.43,No,0,Medium,61.89,60.89,70.47,1017.9072
STU11977,Joseph Watson,23,Female,72.04,16.9,64.53,58.74,51.57,Yes,1,Low,59.13,55.155,59.8425,1217.476
STU11978,Mr. Thomas Garcia,19,Male,87.01,23.71,74.7,74.11,57.33,Yes,0,Medium,62.75,65.72,70.21000000000001,2063.0071000000003
STU11979,Daniel Lopez,19,Female,94.99,28.35,83.24,83.89,75.66,Yes,3,Medium,83.84,79.775,81.5075,2692.9665
STU11980,Lisa Guerra,18,Other,73.98,20.67,68.19,69.9,62.77,Yes,2,High,62.67,66.33500000000001,67.2625,1529.1666000000002
STU11981,Kim Arnold,21,Male,84.81,27.91,76.95,71.27,64.42,Yes,1,Medium,68.27,67.845,72.39750000000001,2367.0471000000002
STU11982,Ashley Stevens,20,Male,66.46,11.85,67.88,51.45,55.77,No,1,Medium,66.15,53.61,60.745,787.5509999999999
STU11983,Robert Mclean,20,Female,85.55,17.34,72.41,75.36,71.36,Yes,2,Medium,69.76,73.36,72.88499999999999,1483.437
STU11984,Eric Cox,19,Female,79.99,18.27,74.77,64.66,68.15,Yes,0,Low,61.2,66.405,70.5875,1461.4172999999998
STU11985,Stacy Harper,22,Female,82.73,19.31,78.83,70.21,56.93,No,1,High,65.57,63.56999999999999,71.19999999999999,1597.5163
STU11986,Gloria Mckinney,22,Other,71.54,20.5,70.68,64.08,54.9,No,3,High,58.72,59.489999999999995,65.08500000000001,1466.5700000000002
STU11987,Robert Walker,18,Male,61.39,24.15,59.67,55.76,51.16,Yes,5,Low,45.05,53.459999999999994,56.565,1482.5684999999999
STU11988,Brenda Perez,20,Female,83.03,17.33,60.87,67.12,64.26,No,4,High,75.92,65.69,63.28,1438.9098999999999
STU11989,Carlos Miller,19,Female,57.37,20.83,63.57,56.28,55.87,No,2,Medium,50.98,56.075,59.822500000000005,1195.0170999999998
STU11990,Rachel Jones,21,Female,74.83,19.73,67.54,55.62,60.43,Yes,1,High,51.82,58.025,62.7825,1476.3959
STU11991,Nicole Williams,20,Male,87.41,14.44,70.68,57.91,60.57,Yes,3,Medium,61.51,59.239999999999995,64.96000000000001,1262.2004
STU11992,Ricky Palmer,19,Female,79.92,19.32,70.38,52.08,57.21,Yes,1,Medium,60.72,54.644999999999996,62.512499999999996,1544.0544
STU11993,Bryan King,19,Female,97.48,19.14,95.0,75.32,75.47,No,1,Medium,73.49,75.395,85.19749999999999,1865.7672000000002
STU11994,Michael Webster,17,Male,88.25,19.01,64.3,55.49,63.42,Yes,0,High,62.33,59.455,61.8775,1677.6325000000002
STU11995,Tamara Harris,21,Male,71.46,20.19,53.79,58.61,49.03,Yes,1,Medium,51.94,53.82,53.805,1442.7774
STU11996,Cathy Bell,17,Female,78.27,20.45,72.95,62.31,67.25,No,1,High,67.07,64.78,68.86500000000001,1600.6215
STU11997,Ryan Mcmahon,18,Male,77.53,17.41,65.56,64.81,62.17,Yes,1,Low,63.01,63.49,64.525,1349.7973
STU11998,Hannah Martin,17,Male,62.18,27.64,71.43,78.77,64.78,No,2,High,64.41,71.775,71.6025,1718.6552
STU11999,Monica Allen,23,Male,68.6,12.98,65.61,59.31,54.16,No,4,Low,67.86,56.735,61.1725,890.428
STU12000,Annette Lane,17,Female,72.39,15.67,73.91,60.7,54.81,Yes,4,High,68.04,57.755,65.8325,1134.3513
