StudentID,Name,Age,Gender,AttendancePct,StudyHoursPerWeek,PreviousGrade,AssignmentMarks,InternalAssessmentMarks,OnlineClasses,ExtracurricularActivities,ParentalSupport,FinalExamMarks
STU10000,Allison Hill,23,Male,90.72,3.75,91.99,33.84,62.97,Yes,1,Medium,63.78
STU10001,Noah Rhodes,20,Female,85.4,18.33,71.25,42.83,48.57,Yes,0,Low,49.94
STU10002,Angie Henderson,21,Female,86.2,16.26,67.35,46.31,57.16,No,2,Medium,61.95
STU10003,Daniel Wagner,23,Female,61.61,6.29,67.47,40.79,44.76,No,1,Medium,43.33
STU10004,Cristian Santos,19,Female,92.54,20.83,67.44,62.36,69.36,No,0,Medium,66.48
STU10005,Connie Lawrence,24,Female,81.14,23.01,79.92,61.06,81.07,Yes,4,High,70.41
STU10006,Abigail Shaffer,21,Female,73.57,19.59,93.59,57.39,69.55,Yes,0,Medium,66.86
STU10007,Gina Moore,21,Female,79.72,15.73,63.13,34.76,39.09,Yes,2,Low,52.2
STU10008,Gabrielle Davis,23,Male,56.69,22.14,56.7,39.28,42.76,Yes,0,Medium,33.08
STU10009,Ryan Munoz,18,Female,82.9,22.76,70.23,45.66,58.51,No,2,Low,57.98
STU10010,Monica Herrera,19,Male,,20.15,81.28,57.29,61.37,Yes,2,Medium,65.88
STU10011,Jamie Arnold,23,Other,61.77,12.23,75.4,45.51,49.61,No,2,Medium,46.66
STU10012,Lisa Hensley,19,Female,59.73,19.94,67.75,37.17,49.74,No,2,Medium,48.15
STU10013,Michele Williams,19,Male,91.35,26.37,93.53,60.13,64.49,Yes,0,High,65.68
STU10014,Dylan Miller,24,Female,70.45,13.82,81.84,54.03,55.4,No,0,High,54.07
STU10015,Brian Ramirez,21,Female,96.4,32.69,95.0,71.36,81.45,No,2,,80.9
STU10016,Holly Wood,20,Male,71.57,14.32,69.54,46.73,49.01,No,2,,69.77
STU10017,Derek Zuniga,24,Female,57.51,18.23,51.3,40.35,47.12,Yes,2,Medium,51.12
STU10018,Lisa Jackson,24,Female,64.6,,61.68,49.77,43.86,No,1,High,45.0
STU10019,Carla Gray,19,Male,92.83,19.56,79.73,53.18,76.33,Yes,2,Medium,72.95
STU10020,Margaret Hawkins DDS,22,Female,76.13,5.8,64.22,30.84,44.45,Yes,1,High,54.48
STU10021,Patty Perez,21,Male,71.42,14.18,69.84,36.36,50.19,No,1,Low,34.54
STU10022,Ethan Adams,18,Female,79.92,10.36,80.21,46.12,62.17,No,0,Low,52.14
STU10023,Tommy Walter,24,Other,84.02,18.95,89.76,38.47,58.0,Yes,1,,62.59
STU10024,Matthew Foster,20,Female,91.41,24.96,85.59,57.19,69.41,No,1,High,70.19
STU10025,Judy Baker,22,Male,95.38,22.52,95.0,59.33,76.56,No,0,High,73.47
STU10026,Justin Baker,22,Female,73.68,2.0,65.25,21.41,51.25,Yes,2,High,50.53
STU10027,Stephanie Ross,18,Female,62.09,32.29,83.08,56.72,65.05,No,1,Low,51.83
STU10028,Zachary Hicks,24,Male,73.04,20.07,83.87,59.46,63.2,No,1,Medium,59.16
STU10029,Anthony Rodriguez,20,Female,81.12,12.56,74.02,44.98,57.35,No,1,High,56.33
STU10030,Rebecca Henderson,21,Male,66.43,19.1,89.99,56.49,77.47,Yes,0,,74.62
STU10031,James Ferrell,17,Female,66.51,19.23,62.16,45.5,56.9,Yes,0,Medium,48.74
STU10032,Tricia Valencia,20,Male,82.13,13.33,70.29,42.94,51.12,No,3,Medium,51.03
STU10033,Nathan Maldonado,18,Male,77.42,19.39,76.59,58.67,63.47,Yes,1,Low,56.95
STU10034,Debra Davidson,22,Male,78.39,13.75,76.95,46.49,56.94,Yes,1,Medium,68.86
STU10035,Jeffrey Chavez,21,Female,68.9,15.17,81.39,38.56,54.32,No,3,Medium,57.84
STU10036,Sherri Baker,20,Male,75.24,13.2,71.69,54.23,51.92,Yes,1,High,52.89
STU10037,Cassandra Gaines,17,Female,66.91,7.97,53.42,33.01,41.83,No,2,High,47.76
STU10038,Elizabeth Fowler,17,Male,88.68,19.02,88.0,50.69,77.18,No,5,Medium,59.11
STU10039,Brittany Farmer,19,Male,90.42,22.1,90.37,49.57,70.54,No,0,Medium,67.32
STU10040,Paula Moreno,19,Female,55.85,21.6,56.29,45.39,31.79,No,3,Medium,52.46
STU10041,Fred Smith,23,Female,66.85,23.74,77.36,52.98,65.76,Yes,2,Low,44.4
STU10042,Sherry Decker,18,Male,60.04,20.27,59.51,54.01,58.31,Yes,3,Medium,47.27
STU10043,Anthony Humphrey,24,Female,70.2,14.27,65.67,38.55,48.59,No,1,Low,46.75
STU10044,Angelica Tucker,20,Female,77.0,23.88,73.83,46.46,61.96,Yes,1,Medium,56.91
STU10045,Philip Cannon,20,Female,60.6,8.5,69.48,44.34,46.36,No,4,Medium,49.22
STU10046,John Pierce,24,Male,66.94,11.7,68.72,46.76,50.89,No,3,Medium,50.03
STU10047,Shane Henderson,23,Male,65.95,11.25,56.8,35.74,55.03,Yes,1,,34.08
STU10048,Joshua Blair,22,Female,80.49,25.56,90.66,65.98,68.78,No,1,Medium,71.78
STU10049,Eric Carney,22,Male,78.83,24.6,70.8,51.28,47.68,Yes,1,Medium,47.51
STU10050,Jessica Holmes,23,Female,69.34,21.41,79.04,54.33,59.68,Yes,0,Low,58.65
STU10051,Danny Morgan,22,Female,80.12,25.5,76.93,63.18,64.75,No,2,High,62.87
STU10052,Crystal Robinson,19,Female,71.44,11.85,66.55,43.8,60.35,No,0,Low,66.46
STU10053,Mark Perez,20,Female,74.74,-10.0,81.55,51.86,61.39,Yes,2,High,63.46
STU10054,Shannon Jones,23,Other,98.08,17.12,87.2,62.41,69.99,Yes,2,Low,69.16
STU10055,Michael Lewis,20,Male,94.09,23.93,,45.34,74.16,Yes,3,High,76.19
STU10056,Timothy Duncan,24,Female,62.41,17.19,69.94,59.59,58.16,Yes,3,Low,56.75
STU10057,Richard Aguirre,17,Male,87.96,15.31,80.48,36.52,54.41,Yes,2,High,60.31
STU10058,Brent Jordan,19,Male,87.74,21.79,79.64,48.88,69.86,Yes,2,Medium,57.66
STU10059,John Daniel,21,Female,64.22,24.13,78.24,54.23,59.67,No,2,High,59.88
STU10060,Victoria Garcia,19,Female,87.83,13.32,79.91,45.59,61.9,No,3,Medium,45.69
STU10061,Gerald Hensley,23,Other,96.46,17.57,82.03,58.02,70.1,Yes,3,Low,68.05
STU10062,Connor West,21,Female,64.53,10.59,51.63,24.3,33.7,Yes,2,High,63.32
STU10063,Donald Wright,17,Male,66.99,2.0,62.7,31.64,43.46,No,3,Low,41.32
STU10064,Jessica Callahan,23,Male,90.21,19.4,85.01,49.73,65.48,No,1,High,68.14
STU10065,Amber Kidd,18,Female,81.26,22.26,75.81,53.99,,No,3,Low,45.82
STU10066,Tracy House,20,Male,84.62,19.83,70.21,47.01,66.3,Yes,2,Medium,54.98
STU10067,Carol Tucker,17,Male,82.09,4.35,79.02,39.69,59.42,Yes,0,High,65.83
STU10068,James Brown,20,Male,82.69,15.54,80.31,44.72,65.55,Yes,1,Medium,51.0
STU10069,William Baker,22,Male,62.08,2.47,56.87,24.0,41.04,No,0,Medium,34.02
STU10070,Jordan Henderson,18,Male,90.57,27.59,79.67,59.93,73.86,Yes,5,High,76.08
STU10071,Whitney Peters,18,Male,92.04,10.4,68.96,45.95,62.16,No,0,High,65.55
STU10072,Brittney Phillips,17,Male,,26.79,93.19,59.18,67.56,Yes,0,High,69.9
STU10073,Lauren Daniels,18,Male,77.48,24.62,82.92,50.93,61.99,Yes,0,Medium,63.44
STU10074,Amy Silva,21,Other,59.63,11.7,60.82,41.02,41.78,No,1,Medium,45.36
STU10075,Sarah Moore,18,Male,84.17,10.07,76.59,42.3,61.87,Yes,1,Medium,49.75
STU10076,Angela Lopez,20,Male,84.86,20.45,74.55,55.72,62.84,No,1,Medium,60.05
STU10077,Megan Young,20,Female,77.25,12.09,83.72,41.0,55.77,Yes,1,High,61.98
STU10078,Steve Sanchez,23,Male,91.49,18.72,92.82,44.29,72.86,Yes,5,Medium,66.55
STU10079,Lisa Barnes,20,Female,73.99,14.62,68.86,38.95,45.29,Yes,3,Medium,37.7
STU10080,Kelly Donovan,23,Female,84.78,,64.07,27.89,47.64,Yes,2,Medium,59.6
STU10081,Mike Allen,20,Male,65.76,2.39,38.98,20.0,41.3,Yes,1,High,32.69
STU10082,Michael Evans,21,Male,77.72,19.59,66.02,40.92,55.45,No,1,High,56.35
STU10083,Paul Jones,24,Female,75.91,14.07,62.11,44.39,52.86,No,1,Medium,53.26
STU10084,Zachary Ferrell,23,Female,80.7,14.13,75.63,43.32,59.53,Yes,0,Medium,54.71
STU10085,Daniel Baker,19,Male,73.57,22.87,76.43,53.75,61.21,Yes,1,High,65.52
STU10086,Shirley Suarez,22,Female,76.42,26.21,71.96,54.46,50.65,No,0,Medium,50.91
STU10087,Christopher Bass,17,Male,87.91,16.09,76.39,48.62,59.82,Yes,3,Low,72.59
STU10088,Lisa Archer,20,Other,72.76,15.62,77.0,46.97,67.43,Yes,4,Low,55.09
STU10089,Aimee Montoya,18,Male,58.72,21.5,76.98,,53.21,Yes,1,Low,60.11
STU10090,Matthew Mcmillan,24,Female,99.0,8.5,61.25,28.79,51.29,No,0,Medium,42.31
STU10091,Brian Rodriguez,20,Female,94.58,19.56,82.73,62.67,67.15,Yes,1,High,76.04
STU10092,Denise Jacobs,18,Female,62.49,21.86,63.3,44.32,49.6,No,0,Medium,44.56
STU10093,Christina Walters,22,Female,86.28,22.76,90.62,49.81,62.69,Yes,1,Medium,55.36
STU10094,John Whitehead,22,Male,71.96,4.44,70.01,36.38,54.65,Yes,2,High,46.95
STU10095,Anna Henderson,22,Male,81.16,12.67,66.36,34.04,53.3,Yes,0,High,49.54
STU10096,Aaron Wise,18,Male,81.53,11.85,,44.24,60.57,No,0,Medium,55.16
STU10097,Deborah Figueroa,20,Male,75.19,18.7,72.58,63.09,56.35,No,0,Medium,78.44
STU10098,Jessica Smith,22,Female,,21.37,58.08,37.72,45.73,Yes,0,Low,65.24
STU10099,Stephen Mckee,21,Male,69.71,28.48,84.87,63.3,63.69,Yes,0,Low,60.03
STU10100,Sandra Aguilar,23,Male,67.01,14.54,67.9,29.89,50.32,No,1,Low,51.08
STU10101,Cameron Parker,18,Other,68.02,14.52,78.18,49.97,53.19,No,4,Medium,45.53
STU10102,Rebecca Valencia,18,Female,77.19,26.05,74.07,47.97,63.8,Yes,2,Medium,46.12
STU10103,Christine Wright,20,Female,69.41,20.08,70.4,43.37,60.77,No,2,Low,51.58
STU10104,Richard Henson,18,Other,86.18,26.87,74.61,47.36,54.57,Yes,3,Low,60.82
STU10105,Marc Moore,18,Male,95.85,20.02,76.53,55.58,63.43,Yes,2,Medium,70.14
STU10106,Sharon Cherry,22,Male,71.04,9.9,58.33,41.22,46.49,Yes,2,Medium,56.23
STU10107,Sierra Johnson,20,Female,80.87,8.67,78.21,42.29,74.28,No,3,Medium,56.79
STU10108,Evelyn Galvan,22,Female,84.0,7.14,64.52,28.7,47.82,Yes,1,Medium,49.77
STU10109,Sharon Cochran,23,Male,83.66,22.63,83.38,66.76,79.36,No,1,Medium,74.56
STU10110,Richard Rodriguez,24,Female,78.91,26.32,80.63,52.09,54.55,No,2,Medium,67.32
STU10111,Shannon Walker,23,Male,86.91,30.95,80.02,45.63,55.77,No,0,Low,50.4
STU10112,Julia Torres,24,Male,83.79,23.9,82.1,59.28,62.2,Yes,0,Medium,66.45
STU10113,Crystal Johnson,22,Female,63.15,26.14,82.81,50.44,53.21,Yes,3,High,65.89
STU10114,Garrett Lin,23,Female,88.43,13.94,67.44,48.42,57.68,No,1,High,59.98
STU10115,Diana May,20,Female,88.65,9.91,80.42,41.45,56.54,No,0,Medium,51.94
STU10116,William Herrera,17,Male,68.84,23.95,71.46,55.54,53.17,No,2,High,58.63
STU10117,Ashley Waller,22,Female,78.46,20.92,75.33,60.45,70.32,Yes,3,Medium,68.35
STU10118,Victor Baker,24,Male,86.2,18.75,84.42,44.53,69.8,Yes,4,Low,55.66
STU10119,Jeffrey Chandler,21,Male,75.49,20.71,72.68,45.31,62.23,No,1,High,51.21
STU10120,Larry Dixon,24,Female,90.88,20.26,83.32,53.17,69.47,Yes,2,Low,77.75
STU10121,Kenneth Scott,21,Female,100.0,26.99,89.07,72.43,77.63,No,0,Medium,75.07
STU10122,April Frost,18,Female,68.57,27.06,81.69,,57.5,Yes,1,Medium,67.38
STU10123,Michelle Harmon,23,Female,61.43,21.81,54.9,37.99,39.41,Yes,2,Medium,47.38
STU10124,Helen Jones,21,Female,81.65,23.92,68.08,53.12,61.6,Yes,5,Medium,67.83
STU10125,Erin Edwards,24,Female,86.66,21.6,87.54,52.63,,Yes,1,Medium,64.65
STU10126,Michelle Evans,18,Male,75.23,14.77,81.45,49.54,54.61,Yes,2,Medium,62.46
STU10127,Jason Powell,17,Male,95.44,23.3,79.76,43.67,69.99,No,2,Medium,55.23
STU10128,Cameron Fisher,20,Male,,8.24,61.32,49.68,62.67,Yes,3,Medium,41.04
STU10129,Megan Orr,20,Male,86.32,25.38,,50.41,67.94,Yes,3,High,66.06
STU10130,Elizabeth Kelley,20,Female,70.73,9.64,73.01,38.31,59.63,No,3,High,45.25
STU10131,Dustin Jordan,21,Female,98.63,,69.3,46.96,60.41,Yes,1,Medium,46.33
STU10132,Mary Marshall,17,Male,100.0,12.08,72.58,55.72,58.25,Yes,0,Medium,64.15
STU10133,Daniel Kennedy,21,Male,68.8,21.87,73.92,41.49,57.57,No,1,High,44.69
STU10134,Rebecca Jackson,23,Female,71.41,17.76,79.83,,67.62,No,2,Medium,68.7
STU10135,Jose Schultz,21,Male,88.32,6.84,,51.88,68.08,Yes,2,,75.03
STU10136,Robert Potter,17,Female,73.35,20.94,75.61,53.7,58.36,Yes,1,Medium,49.49
STU10137,Courtney Gonzalez,17,Female,77.46,13.95,62.02,32.18,55.0,No,1,High,54.32
STU10138,David Alvarez,23,Female,78.3,24.17,84.96,61.56,60.7,Yes,0,Low,74.86
STU10139,Angel Perry,17,Female,54.96,18.01,79.21,44.99,48.61,No,1,Low,44.63
STU10140,Cheyenne Horton,24,Female,77.83,20.77,79.72,61.36,58.8,No,4,Medium,64.98
STU10141,David Douglas Jr.,17,Male,69.72,11.3,61.19,29.77,46.72,No,1,Medium,61.78
STU10142,Patricia Rodriguez,20,Female,72.08,13.87,78.99,45.85,51.24,Yes,1,Medium,43.93
STU10143,Christopher Rubio,24,Female,95.32,14.79,85.5,46.42,61.62,Yes,1,Medium,56.17
STU10144,Amber Wright,24,Male,62.92,24.0,68.01,42.89,46.91,No,0,Medium,53.89
STU10145,Joyce Solis,23,Female,87.76,29.74,92.56,70.63,,Yes,0,Low,85.69
STU10146,Victoria Larson,19,Female,74.65,12.36,79.0,49.19,50.65,Yes,0,Low,48.37
STU10147,Stephanie Salazar,19,Female,74.64,25.54,91.01,69.85,70.93,No,0,High,87.98
STU10148,Kathy Rivas,17,Female,87.48,2.81,67.34,20.09,56.59,Yes,1,High,54.1
STU10149,Stephanie Manning,24,Female,82.08,9.64,68.58,46.02,58.01,Yes,2,Medium,42.41
STU10150,David Wright,19,Female,84.85,11.29,83.55,64.16,77.98,No,2,Low,74.59
STU10151,Pamela Boyd,19,Female,89.62,8.53,,32.24,60.75,Yes,1,Low,47.82
STU10152,Denise Jones,17,Female,74.02,6.91,69.95,50.28,61.75,Yes,0,Medium,59.76
STU10153,Devon Flores,19,Female,70.65,20.89,65.48,44.34,53.27,Yes,2,High,45.4
STU10154,Brenda Hall,21,Female,64.98,16.5,79.47,39.35,53.99,No,0,Medium,47.21
STU10155,Michelle Brown,18,Female,68.1,20.66,,47.37,60.17,Yes,2,Medium,47.01
STU10156,Joshua Perry,23,Male,100.0,22.83,95.0,68.35,75.07,Yes,2,High,66.64
STU10157,Jason Stein,18,Female,92.94,19.86,87.35,49.33,55.41,No,2,High,64.79
STU10158,Melissa Gates,17,Female,61.79,22.6,64.92,43.1,52.96,No,2,Low,51.47
STU10159,Jamie Smith,20,Male,62.13,17.51,82.15,55.13,52.69,Yes,0,Medium,53.75
STU10160,Paul Castaneda,23,Female,83.78,9.69,84.49,45.79,56.55,No,3,Low,44.15
STU10161,Jennifer Adkins,17,Male,84.57,25.4,91.98,65.81,71.77,Yes,4,High,65.06
STU10162,Lindsey Walker,24,male,84.59,13.88,69.61,44.09,56.89,No,2,High,60.33
STU10163,Jeffrey Johnson,20,Female,74.94,11.45,67.94,43.09,45.73,Yes,1,Medium,52.37
STU10164,Michael Powell,18,Male,76.49,16.75,76.34,44.73,58.67,Yes,3,Low,57.59
STU10165,John Anderson,17,Female,81.93,11.61,67.34,41.21,60.91,No,0,Medium,64.88
STU10166,Alyssa Long,24,Female,79.03,15.08,88.26,45.29,55.32,Yes,2,Medium,63.68
STU10167,Alyssa Day,23,Female,51.37,20.41,70.46,57.05,61.58,Yes,2,Medium,59.53
STU10168,Joel Williams,23,Male,75.24,20.44,56.06,37.14,39.27,Yes,1,Medium,64.39
STU10169,Daniel Murphy,22,Male,67.78,11.72,70.81,49.14,68.09,No,1,Low,51.01
STU10170,Jamie Walton,24,Female,80.1,14.59,71.92,42.4,53.97,Yes,0,High,75.25
STU10171,Darlene Miller,21,Other,,25.52,89.82,62.25,74.61,Yes,2,Medium,82.86
STU10172,Joshua Cooke,19,Female,82.41,21.47,78.07,48.85,49.77,Yes,2,Medium,56.32
STU10173,Matthew Harrington,20,Male,74.24,32.53,93.46,60.97,67.56,Yes,2,Low,71.42
STU10174,Nicole Herring,24,Female,89.06,26.26,95.0,51.55,70.18,Yes,2,High,70.65
STU10175,Alex Hernandez,22,Female,83.79,26.01,87.4,52.75,65.11,Yes,1,Medium,55.72
STU10176,Michael Elliott,19,Female,83.04,8.28,67.98,34.95,50.01,Yes,1,High,54.73
STU10177,Michael Wang,19,Male,85.28,23.35,83.2,57.6,60.76,Yes,1,Medium,54.37
STU10178,Lawrence Adkins,17,Female,100.0,17.63,84.26,59.09,77.74,No,3,High,73.38
STU10179,Robert Oconnell,19,Female,64.43,14.14,62.45,36.29,47.73,No,4,High,55.07
STU10180,Alexander Collins,21,Other,83.68,19.18,84.26,47.08,,No,1,Medium,61.16
STU10181,Tina Sanders,23,Male,66.88,24.62,81.78,46.4,54.34,Yes,1,High,62.56
STU10182,Angela Vaughn,22,Female,84.67,21.51,94.16,62.94,68.83,No,4,Medium,69.05
STU10183,Ashley Barton,19,Female,66.98,11.85,77.96,54.25,64.01,Yes,1,Medium,65.18
STU10184,Lindsay Martinez,17,Male,72.99,23.2,73.62,,51.79,No,1,Low,54.84
STU10185,Dr. Hannah Patterson,21,Female,74.46,13.54,78.45,51.1,52.76,Yes,1,Medium,55.1
STU10186,Jonathan Peterson,18,Female,89.71,19.52,74.4,53.57,70.08,Yes,1,High,73.09
STU10187,Samantha Garcia,23,Male,89.02,15.88,84.43,62.58,62.45,Yes,2,High,69.86
STU10188,Madison Poole,23,Male,63.05,16.47,66.11,45.25,40.52,Yes,0,Low,31.38
STU10189,Jessica Gross,22,Female,78.66,23.36,73.04,56.08,72.41,No,1,Medium,59.78
STU10190,Debra Morton,23,Male,69.49,10.72,70.14,37.89,43.31,No,2,Medium,43.84
STU10191,Karen Graham,19,Female,62.9,31.62,60.91,43.17,50.21,No,0,Medium,51.58
STU10192,Debra Christian,17,Male,75.4,5.25,51.58,22.63,42.66,No,2,,40.88
STU10193,Angelica Keith,23,Female,74.3,13.82,70.64,42.78,37.87,Yes,2,High,39.72
STU10194,John Bishop,23,Male,100.0,20.59,87.13,56.11,69.17,Yes,2,Medium,58.59
STU10195,Allen Rosales,18,Female,83.2,22.09,78.84,66.63,70.46,No,0,Medium,58.83
STU10196,Daniel Salinas,18,Other,61.47,17.3,57.72,40.38,48.94,No,1,High,50.12
STU10197,Spencer Haynes,20,Other,71.22,17.6,67.46,52.69,61.91,No,1,Medium,63.35
STU10198,Adam Vaughan,21,Female,90.26,20.87,86.42,52.54,64.55,Yes,2,Low,51.37
STU10199,Nathan Freeman,19,Male,100.0,16.38,87.76,50.42,73.25,Yes,1,Medium,63.7
STU10200,Melissa Brewer,23,Female,58.97,27.75,77.71,47.87,50.67,No,3,Low,50.45
STU10201,Ricky Davis II,24,Male,55.44,23.88,82.76,51.15,48.13,Yes,1,High,52.19
STU10202,Elizabeth Perkins,23,Male,100.0,24.11,92.47,64.59,67.56,Yes,4,Medium,72.53
STU10203,Joseph Coleman,17,Male,82.68,11.24,66.95,39.17,45.69,Yes,0,Medium,56.21
STU10204,Erin Warner,20,Female,67.58,17.44,70.36,52.22,62.34,No,0,Medium,50.56
STU10205,David Martinez,21,Female,,15.9,66.04,43.7,47.12,Yes,1,Low,53.07
STU10206,Bryan Herrera,24,Female,46.37,10.96,59.13,32.91,42.5,Yes,1,High,44.83
STU10207,Cathy Robinson,20,Male,78.04,20.52,87.63,70.89,69.01,Yes,1,High,63.7
STU10208,Dr. William Warren,22,Male,,14.24,80.55,46.98,60.47,Yes,5,High,62.06
STU10209,Brian Lee,21,Other,89.09,22.59,95.0,68.96,83.09,Yes,0,Medium,78.51
STU10210,Christopher Smith,23,Male,65.83,10.51,64.03,34.41,45.08,Yes,0,Medium,57.3
STU10211,Denise Mccann,23,Male,79.03,30.03,95.0,71.74,77.04,No,1,Low,80.48
STU10212,Melissa Martinez,21,Male,66.89,,66.25,45.69,,No,0,Medium,46.41
STU10213,Katherine Salas,23,Female,81.06,19.54,90.77,57.94,66.86,Yes,3,Medium,62.15
STU10214,Julie Alexander,19,Female,67.26,23.54,77.2,37.09,66.76,No,2,Medium,56.45
STU10215,Anthony Everett,21,Male,73.1,14.01,77.45,46.18,49.03,No,2,High,52.25
STU10216,Rodney Morales,20,Male,66.05,23.97,89.09,67.88,74.73,Yes,1,Medium,77.07
STU10217,Mark Brown,21,Female,85.81,9.4,71.0,43.16,61.8,Yes,0,Low,55.27
STU10218,Justin Torres,24,Female,88.3,28.16,90.18,66.24,69.44,Yes,2,Low,68.5
STU10219,Bailey Duran DDS,23,Male,75.18,18.1,86.1,41.17,68.81,Yes,2,Medium,66.15
STU10220,Courtney Mills,19,Female,78.46,13.83,72.46,38.62,43.78,Yes,0,Low,50.12
STU10221,Jeremy Dalton,19,male,60.62,15.91,58.37,41.87,44.19,No,0,Medium,47.71
STU10222,Elizabeth Oliver DDS,22,Male,74.4,23.66,95.0,64.55,62.44,Yes,1,Medium,69.07
STU10223,Theresa Clark,20,Female,77.4,13.91,69.46,50.89,60.47,No,3,Medium,54.87
STU10224,Matthew Moore,18,Male,100.0,,81.47,45.85,58.81,Yes,2,,58.76
STU10225,Benjamin Smith,18,Female,64.66,16.45,80.04,52.02,60.98,Yes,4,Medium,71.13
STU10226,Kirk Carter,21,Male,95.57,9.76,71.39,40.05,58.21,Yes,1,Medium,51.3
STU10227,Michael Warner,22,Male,89.96,30.74,83.02,55.04,63.79,Yes,3,Medium,78.24
STU10228,Michael Bradshaw,17,Other,81.37,14.04,76.74,29.97,56.18,No,2,Medium,55.09
STU10229,Lori Guerrero,21,Male,99.1,23.82,74.4,55.55,64.93,No,0,High,62.45
STU10230,Jessica Stephens,22,Female,82.47,19.47,77.13,51.5,55.25,Yes,0,Low,60.71
STU10231,Susan Serrano,20,Male,82.67,11.11,74.78,38.21,73.28,No,2,Medium,63.49
STU10232,Christopher Parker,20,Male,77.36,17.96,74.28,36.46,51.46,No,2,High,67.34
STU10233,Laura Roberts,20,Male,92.68,23.49,73.88,56.45,51.79,No,2,Medium,50.23
STU10234,Michael Lyons,20,Female,91.16,16.68,93.0,53.34,64.31,Yes,1,Medium,65.54
STU10235,Kathryn Snyder,20,Male,70.49,26.35,81.58,61.69,56.09,No,3,Medium,69.84
STU10236,Andrew Reynolds,22,Female,62.17,25.15,88.33,72.92,72.52,Yes,2,Medium,73.7
STU10237,David Davis,22,Male,,24.43,78.91,40.07,58.52,No,1,High,62.83
STU10238,Sara Johnston,19,Other,68.4,14.78,63.73,35.61,51.07,Yes,4,Low,57.46
STU10239,Yvonne Chambers,24,Male,77.24,10.44,72.54,39.53,52.69,Yes,2,Low,49.48
STU10240,Andrew Avila,18,Female,92.85,13.7,76.73,55.68,64.04,Yes,0,Medium,46.69
STU10241,Matthew Moon,23,Female,72.51,19.37,66.46,33.95,47.72,Yes,1,Medium,48.23
STU10242,Kevin Walters,20,Female,77.49,21.82,91.33,72.11,,No,1,Medium,82.55
STU10243,Brandon Bailey MD,17,Female,78.7,2.8,59.8,30.1,53.16,Yes,2,Medium,50.59
STU10244,Shannon Rivera,23,Female,,17.94,65.5,43.16,58.81,Yes,2,Medium,51.46
STU10245,Donna Landry,22,Female,51.04,19.11,78.77,49.35,56.66,No,1,Low,59.65
STU10246,Krista Gibson,17,Male,70.72,16.06,68.56,40.65,55.47,Yes,1,High,62.64
STU10247,Frank Cordova,17,Male,80.54,27.04,79.96,64.95,72.16,Yes,1,Low,66.19
STU10248,Jose Travis,17,Female,92.4,20.95,69.98,40.77,60.09,No,1,Medium,61.27
STU10249,Kimberly Gutierrez,19,Female,72.1,27.17,95.0,66.9,72.09,Yes,0,,63.17
STU10250,Isaiah Avila,22,Female,55.48,16.49,57.29,36.28,50.89,Yes,2,High,47.7
STU10251,Olivia Harris,17,Female,85.44,24.56,85.02,52.57,61.28,Yes,3,High,66.88
STU10252,Tanya Kim,20,Male,70.38,29.45,90.49,82.38,,No,2,High,80.35
STU10253,Barbara Dudley,21,Male,63.72,27.18,82.42,,55.16,No,0,Low,52.42
STU10254,Cynthia Moore,17,Female,70.51,10.36,67.48,42.94,54.0,Yes,3,High,55.54
STU10255,Kristen Davis,19,Male,75.79,16.22,60.89,48.34,43.01,Yes,2,,61.49
STU10256,Susan Murray MD,23,Male,70.74,15.58,65.75,32.1,51.42,Yes,0,Medium,68.05
STU10257,Kathleen Moran,22,Female,51.53,21.42,71.68,61.66,55.31,No,2,Medium,48.35
STU10258,Denise Davenport,24,Male,88.76,22.8,78.01,35.79,64.93,Yes,0,High,64.71
STU10259,Mrs. Kristen Reyes,19,Female,93.3,12.13,78.98,39.86,56.94,No,2,High,49.26
STU10260,Katie Suarez,17,Male,85.82,18.47,85.27,49.94,63.29,Yes,1,High,66.41
STU10261,Desiree Tyler,22,Female,64.35,3.86,68.31,37.9,56.58,No,2,High,49.59
STU10262,Timothy Romero,21,Male,75.58,28.09,74.12,57.36,69.51,No,2,Medium,70.98
STU10263,Diane Evans,17,Male,77.92,14.41,91.38,51.48,,No,3,Medium,52.42
STU10264,Yvonne Burns,19,Male,85.19,18.39,85.67,53.18,66.7,Yes,1,Low,52.81
STU10265,Joshua Reed,18,Male,86.02,15.83,77.76,40.81,,No,1,High,70.86
STU10266,Kimberly Gibson,20,Male,69.19,26.02,88.75,50.27,63.76,Yes,3,Medium,58.6
STU10267,Colin Terry,24,Male,78.98,2.0,83.17,44.11,58.56,Yes,2,High,61.63
STU10268,Cynthia Rowe,23,Female,83.49,17.88,67.02,49.32,65.93,Yes,2,Medium,62.02
STU10269,Patrick Thornton,19,Male,95.47,17.26,80.42,61.09,58.04,No,0,Medium,57.21
STU10270,Jasmin Alvarado,22,Female,86.45,14.82,58.09,32.47,47.88,No,3,Low,39.77
STU10271,Veronica Simpson,24,Female,87.47,30.08,91.22,69.97,76.41,Yes,1,Medium,81.86
STU10272,Jonathan Lawrence,24,Female,79.01,11.79,75.01,41.2,59.42,No,2,High,62.45
STU10273,Shelly Alexander,24,Male,94.93,23.4,86.63,66.04,80.95,Yes,0,Low,70.41
STU10274,Joyce Bowen,17,Female,82.92,20.49,75.18,57.38,70.56,No,2,Medium,61.7
STU10275,Matthew Moore,20,Male,67.67,26.83,63.75,51.63,52.4,No,1,Low,52.57
STU10276,Wayne Morgan,17,Male,94.84,13.33,81.85,45.12,71.85,No,3,Medium,65.26
STU10277,Marie Christian,22,Other,86.37,12.87,87.17,56.25,63.15,Yes,2,Medium,73.19
STU10278,Shannon James,17,Male,72.68,25.67,76.25,59.38,67.41,No,2,Medium,61.59
STU10279,Nathan Malone,18,Female,72.25,20.98,80.59,48.26,,No,1,High,66.35
STU10280,Amanda Jones,20,Female,81.56,7.19,56.75,21.99,52.4,No,3,Medium,50.19
STU10281,Tammie Bright,20,Female,83.56,14.22,79.28,45.04,61.07,Yes,1,Medium,64.95
STU10282,Jessica Garcia,22,Female,80.37,20.7,76.55,61.62,62.63,No,2,Medium,71.6
STU10283,Shelia Wallace,23,Male,81.74,23.86,76.6,61.59,55.8,No,2,Low,57.34
STU10284,Stephanie Williams,18,Male,98.4,13.25,73.95,36.09,61.28,Yes,2,Medium,55.11
STU10285,Elaine Brooks,19,Female,90.86,2.0,65.25,22.79,43.57,Yes,1,Medium,44.92
STU10286,Joseph Knight,17,Male,80.29,21.66,83.49,63.82,62.7,Yes,1,Medium,69.92
STU10287,Carolyn Miller,21,Male,89.3,9.46,63.32,28.11,,No,1,Medium,46.35
STU10288,Lisa Allen,17,Male,65.61,3.88,57.89,32.72,42.46,Yes,3,Medium,60.17
STU10289,Briana Murray,24,Male,82.78,2.0,65.24,26.65,49.42,Yes,1,High,51.54
STU10290,David Smith,17,Male,99.71,23.7,80.07,66.31,73.8,No,2,High,65.55
STU10291,Stephanie Byrd,19,Male,75.38,18.9,90.88,50.62,60.22,Yes,1,,61.76
STU10292,Jeremy Reed,17,Female,67.83,16.42,65.05,50.41,60.53,Yes,2,Medium,66.63
STU10293,Margaret Coleman,18,Female,70.17,27.72,76.38,57.85,59.46,Yes,3,Medium,55.68
STU10294,Ryan Gonzalez,18,Female,64.92,,67.87,50.27,49.46,No,1,Medium,46.19
STU10295,John Young,20,Male,68.58,,95.0,52.41,65.35,No,3,High,65.2
STU10296,Laura Haney,22,Male,73.55,8.25,71.77,23.48,59.92,Yes,1,High,49.78
STU10297,William Barrett,23,Male,61.13,17.76,63.11,41.06,50.6,No,2,Medium,38.87
STU10298,Keith Jennings,21,Female,78.19,6.68,76.56,41.53,,Yes,0,Medium,44.28
STU10299,Amber Obrien,24,Female,88.83,16.39,80.81,41.6,51.85,No,3,Low,54.85
STU10300,Tanner Mitchell DDS,17,Male,67.11,16.26,73.55,38.49,51.0,Yes,2,Medium,57.67
STU10301,Heather Fields,17,Female,96.23,22.39,83.83,59.56,71.47,Yes,3,High,67.43
STU10302,Megan Le,19,Male,84.13,18.32,73.11,51.49,58.66,Yes,0,Medium,59.46
STU10303,Sara Fuller,22,Female,90.37,22.36,87.22,56.18,58.43,Yes,0,Medium,66.49
STU10304,Maria Parker,18,Female,70.11,22.92,73.52,56.88,54.39,Yes,0,Medium,50.89
STU10305,Kevin Oconnor,21,Female,88.25,33.08,95.0,61.0,80.64,No,2,Medium,78.57
STU10306,Edward Burgess,20,Female,64.9,15.79,60.19,37.23,55.92,No,3,Medium,50.05
STU10307,Carlos Ryan,18,Female,88.68,11.41,87.46,60.02,64.1,Yes,1,Medium,69.21
STU10308,Kiara Mcintyre,24,Male,80.06,19.72,77.91,51.32,65.39,Yes,0,Medium,66.92
STU10309,Dawn Summers,22,Female,84.64,12.38,76.92,45.41,53.06,Yes,0,High,77.26
STU10310,Dr. Paul Morgan,24,Male,63.89,28.37,86.73,77.87,77.67,Yes,1,High,67.0
STU10311,Victor Taylor,23,Female,67.26,16.02,66.31,32.86,49.68,No,1,Low,38.5
STU10312,Shannon Ramsey,20,Female,,14.04,82.96,54.14,,Yes,1,High,79.79
STU10313,Tracy Ballard,23,Female,66.62,14.7,48.42,45.2,36.71,No,0,Medium,47.66
STU10314,Richard Smith,19,Male,83.56,23.03,76.91,50.76,65.79,Yes,5,High,66.45
STU10315,Jordan Chambers,24,Female,61.59,16.9,62.68,47.74,50.87,Yes,2,High,51.23
STU10316,Lauren Carson,19,Female,88.18,13.51,66.64,33.92,59.02,Yes,1,Medium,53.5
STU10317,Ashley Hall,17,Female,63.21,29.66,79.13,54.53,64.12,Yes,2,High,63.2
STU10318,Stephen Hoffman,23,Male,84.63,12.01,77.31,47.09,61.23,Yes,1,Medium,49.22
STU10319,Connie Brown,22,Male,85.51,18.25,85.15,,63.79,No,1,Medium,70.05
STU10320,Susan Turner,24,Male,69.64,22.57,79.35,61.61,67.46,Yes,2,Medium,49.81
STU10321,Charles Shah,21,Male,84.98,6.58,64.68,45.36,56.17,Yes,0,High,51.84
STU10322,Johnathan Davis,20,Female,81.13,21.36,83.44,54.16,59.03,No,1,High,60.63
STU10323,Brandy Chavez,18,Male,71.53,10.61,69.52,48.13,50.07,Yes,0,Medium,68.37
STU10324,Natalie Bautista,22,Other,65.9,23.76,84.56,54.66,52.11,No,0,Medium,56.62
STU10325,Patrick Moore,22,Male,54.45,11.26,69.28,46.5,47.61,Yes,2,Medium,52.13
STU10326,Brett Burns,19,Male,82.2,22.85,82.29,56.76,71.72,Yes,1,High,63.36
STU10327,Trevor Johnson,23,Female,59.22,,69.14,54.83,55.8,No,2,Medium,60.57
STU10328,Jeremy Sampson,24,Female,79.14,24.03,76.7,56.7,59.46,No,3,High,83.69
STU10329,Ariana Jennings,24,Female,74.84,19.76,72.6,37.25,58.36,Yes,2,Medium,59.19
STU10330,Vanessa Howard,17,Female,86.15,16.38,75.73,39.32,53.02,Yes,2,Medium,54.3
STU10331,Colton Martinez,17,Female,74.38,13.97,74.35,45.35,57.34,No,0,Medium,40.3
STU10332,Jordan Bates,20,Male,,28.3,89.28,51.0,62.07,Yes,3,High,71.78
STU10333,Linda Smith,19,Other,86.78,13.1,75.45,50.25,66.59,Yes,0,Medium,54.87
STU10334,Dana Martinez,22,Other,82.02,10.74,72.43,47.29,49.32,No,1,High,50.9
STU10335,Andrea Hubbard,24,Female,81.79,22.66,82.9,57.72,60.42,No,1,Low,65.42
STU10336,Daniel Kane,21,Male,83.63,12.43,70.09,33.63,43.88,No,0,Medium,45.81
STU10337,Charles Lester,19,Female,59.57,11.35,57.53,44.63,46.21,No,1,High,47.96
STU10338,Scott Thomas,20,Male,87.08,7.89,57.75,46.56,62.66,No,2,High,62.02
STU10339,David Thompson,20,Male,85.35,14.62,71.01,44.68,55.24,No,0,High,53.0
STU10340,Allison Smith,19,Male,65.8,17.42,75.75,51.6,54.17,No,1,Low,42.47
STU10341,Cynthia Morris,20,Male,75.07,19.7,71.41,49.31,62.68,Yes,4,Low,59.28
STU10342,Anthony Harmon,19,Female,77.53,24.66,79.96,59.42,70.58,Yes,3,Medium,71.13
STU10343,Nichole Alvarez,18,Female,76.39,21.69,82.82,53.78,62.23,No,2,Low,53.55
STU10344,Kayla Rodriguez,19,Female,82.01,16.66,81.2,49.63,66.34,No,2,High,59.16
STU10345,Theresa Williams,23,Male,95.18,16.61,72.97,52.46,57.58,Yes,4,Medium,53.55
STU10346,Sharon Boyd,19,Male,90.98,21.57,92.08,75.11,84.92,Yes,2,Medium,81.55
STU10347,Victor Brown,20,Male,62.25,26.91,87.33,51.03,72.51,No,2,Low,72.61
STU10348,James Parks,24,Other,85.46,18.88,70.98,46.32,62.0,No,1,Medium,64.13
STU10349,Theodore Jones Jr.,23,Male,93.95,,73.06,36.39,45.64,Yes,2,Medium,53.96
STU10350,Ana Hill,20,Female,82.64,11.05,82.29,,61.95,No,1,Low,62.42
STU10351,Kimberly Nguyen,17,Female,91.09,7.88,72.01,34.6,60.16,No,3,Medium,48.39
STU10352,Kerry Chavez DDS,17,Male,100.0,22.66,70.37,39.7,57.48,No,4,Medium,60.36
STU10353,Michael Farrell,24,Female,90.28,22.05,73.04,54.97,71.36,No,2,High,58.69
STU10354,Patricia Le,24,Female,80.99,22.04,78.99,65.39,70.36,Yes,2,Medium,66.06
STU10355,Jesse Perez,23,Female,90.54,17.1,71.06,50.3,57.32,No,0,Medium,65.28
STU10356,Jesse Perry,18,Female,,27.85,81.88,60.56,65.89,Yes,0,High,74.78
STU10357,Jeffery Ortega,24,Male,78.29,14.61,74.35,48.01,53.32,No,0,High,61.71
STU10358,Christian Leblanc,17,Male,73.78,24.69,92.27,71.18,69.94,Yes,3,High,75.86
STU10359,Ronald Davis,19,Female,96.76,-5.0,80.73,44.39,60.62,Yes,2,High,60.2
STU10360,Parker Cain,20,Female,68.18,,78.44,45.51,63.55,Yes,2,Medium,58.96
STU10361,Laurie Hoffman,17,Male,96.39,22.15,95.0,57.3,85.35,Yes,0,Medium,80.06
STU10362,Bryan Gomez,17,Female,84.0,20.87,92.57,50.17,57.74,No,4,Low,57.01
STU10363,Nicole Parrish,18,Female,61.21,20.5,75.1,47.9,43.06,No,3,Medium,49.19
STU10364,Tracy Burke,23,Female,82.41,18.57,62.99,50.96,55.86,No,1,,54.61
STU10365,Kenneth Lewis,23,Male,52.8,17.73,71.35,50.26,43.09,No,2,Medium,46.68
STU10366,Courtney Rodriguez,22,Female,85.51,34.72,95.0,75.04,76.42,Yes,2,High,73.73
STU10367,Holly Farmer,18,Female,88.62,26.29,86.4,60.94,73.9,No,3,High,71.35
STU10368,Renee Bruce,19,Male,70.89,23.06,92.22,63.61,76.62,No,0,Medium,65.17
STU10369,Sabrina Austin,23,Male,79.48,18.78,84.72,47.55,63.14,No,0,High,52.66
STU10370,Allison Hickman,20,Other,100.0,25.05,94.59,60.44,73.37,Yes,1,Medium,91.31
STU10371,Debra White,24,Male,,21.63,86.17,57.42,52.06,No,5,Medium,51.5
STU10372,Ellen Morgan,18,Female,65.29,18.18,75.07,50.27,56.59,No,2,High,56.79
STU10373,Sergio Knight,24,Female,95.78,15.88,61.28,42.52,57.64,Yes,0,Medium,57.35
STU10374,Charles Schultz,17,Male,100.0,17.43,79.95,48.96,69.96,No,2,High,63.14
STU10375,Paul Lewis,20,Female,78.04,2.0,73.49,32.03,48.52,No,3,Medium,47.61
STU10376,Glen Wood,20,Male,90.14,19.47,75.67,71.73,67.73,Yes,0,Medium,62.12
STU10377,Paula Bradley,17,Female,,14.58,77.81,53.03,56.56,No,2,High,67.7
STU10378,Anthony Moore,18,Male,69.09,29.15,74.14,59.57,46.62,No,2,Medium,55.98
STU10379,Megan Nelson,17,Female,72.18,18.14,89.04,52.94,56.64,No,2,Medium,64.13
STU10380,Karla Ramos,24,Male,92.77,9.68,88.66,44.48,55.94,Yes,0,Low,68.27
STU10381,Paul Wilson,22,Male,98.22,17.65,76.43,47.6,66.16,No,5,High,62.76
STU10382,Douglas Gregory,20,Other,84.75,10.68,74.38,,55.82,Yes,2,Low,59.37
STU10383,Mr. Andrew Foster,21,Male,67.44,21.31,70.21,35.48,47.11,Yes,1,High,64.99
STU10384,Aimee Turner,21,Female,100.0,20.04,90.95,45.97,62.47,No,1,Medium,63.14
STU10385,Chad Scott,24,Male,71.63,24.7,83.91,53.07,42.26,No,0,Medium,60.25
STU10386,Adam Burgess,19,Female,73.98,12.46,77.36,46.23,66.93,No,0,High,57.16
STU10387,James Padilla,23,Male,82.11,18.24,80.98,49.36,56.1,Yes,0,Medium,68.52
STU10388,Sandra Drake,17,Other,96.65,8.44,95.0,59.85,71.14,Yes,1,Medium,66.02
STU10389,Scott Williams,17,Male,88.25,22.91,75.99,42.15,50.88,No,1,High,63.94
STU10390,Thomas Atkins,19,Male,82.98,21.63,67.66,42.49,61.75,Yes,3,High,68.13
STU10391,Laura Mckinney,19,Male,83.56,21.47,78.28,63.04,67.3,No,0,Medium,55.59
STU10392,Brian Smith,24,Male,78.52,18.01,64.35,44.28,49.48,No,2,Medium,46.91
STU10393,Robert Montgomery,24,Female,84.7,20.9,69.43,54.16,58.6,No,1,High,56.26
STU10394,Tamara Davis,19,Male,47.65,29.23,67.05,67.92,65.87,Yes,0,High,70.55
STU10395,Dana Chapman,20,Female,74.44,16.0,66.48,37.86,51.37,No,2,High,45.05
STU10396,Jennifer Collins,24,Male,80.9,18.97,70.85,46.37,56.62,No,4,Medium,57.86
STU10397,Gary Jackson,22,Male,64.19,,69.93,37.88,44.64,Yes,2,High,56.99
STU10398,Ashley Hicks,24,Female,82.64,11.92,69.41,27.09,39.6,Yes,2,Medium,49.57
STU10399,Hannah Luna,17,Female,75.55,18.68,74.95,46.5,56.69,Yes,1,Low,63.52
STU10400,Robin Young,24,Male,99.07,25.73,95.0,69.5,79.54,Yes,1,Medium,63.03
STU10401,Craig Morrison,20,Male,96.88,16.21,75.74,50.83,71.33,No,1,Low,64.36
STU10402,Mary Thompson,19,Male,72.41,16.35,71.31,49.5,43.33,No,1,Low,47.03
STU10403,Kathleen Webster,17,Female,76.19,15.15,76.71,44.01,50.72,No,2,Medium,42.99
STU10404,Joann Glass,24,Female,77.11,14.26,57.86,32.85,44.65,No,2,Low,35.44
STU10405,Madison Weber,20,Male,72.58,20.06,57.38,50.76,53.1,No,2,Medium,62.75
STU10406,Lori Hernandez,22,Female,80.34,7.52,71.9,34.89,,Yes,4,Low,54.21
STU10407,Jeremy Turner,24,Female,,26.97,84.62,61.71,63.48,No,1,Medium,68.13
STU10408,Anthony Romero,20,Female,64.43,13.34,84.74,49.95,61.46,No,3,Low,60.68
STU10409,Jesse Brown,22,Female,85.47,23.05,84.62,66.75,64.7,No,4,Low,53.23
STU10410,Angela Lin,19,Male,85.55,9.11,78.79,49.54,67.97,No,2,Medium,61.58
STU10411,Lisa Hunter,24,Male,68.35,22.68,,43.06,57.41,No,1,Medium,62.41
STU10412,Julian Conner,22,Male,88.74,22.7,86.6,48.82,63.33,No,2,High,62.82
STU10413,Joanna Pacheco,17,Male,70.42,,89.54,60.9,75.39,No,1,High,78.14
STU10414,Erica Alvarez,19,Female,81.04,11.04,55.2,33.22,57.79,Yes,2,High,49.65
STU10415,Antonio Garcia,17,Female,87.84,19.75,84.85,50.79,70.79,No,3,Medium,64.84
STU10416,Gwendolyn Klein,21,Male,77.6,9.72,87.02,54.04,46.31,No,0,Medium,58.67
STU10417,Carrie Wright,18,Male,83.46,16.23,79.45,50.05,71.69,Yes,2,Low,66.06
STU10418,Jeffrey Mills,24,Male,71.8,25.21,93.5,62.61,72.68,Yes,4,High,69.93
STU10419,Jake Campbell,22,Female,75.64,23.58,75.3,58.21,73.91,No,1,Low,67.15
STU10420,George Harper,18,Male,75.53,18.11,75.66,45.91,65.07,Yes,2,Medium,62.62
STU10421,Maria Jones,18,Female,69.04,,68.37,50.69,64.98,Yes,1,Medium,45.62
STU10422,Michael Mitchell,22,Male,75.88,22.52,61.83,40.32,56.9,No,5,Medium,65.27
STU10423,Mary Escobar,19,Male,59.42,18.14,60.96,46.54,,No,0,High,46.81
STU10424,Felicia Aguilar,24,Other,72.11,2.0,53.06,35.51,58.34,No,1,High,62.85
STU10425,Gregory Ponce,21,Other,74.58,80.0,86.46,48.05,62.7,Yes,2,High,64.18
STU10426,Jenna Larson,17,Male,74.93,17.83,82.47,48.97,51.18,Yes,2,Medium,55.59
STU10427,Emily Bennett,20,Female,75.1,26.42,85.01,67.38,66.02,Yes,4,High,73.01
STU10428,Robin Santiago,17,Female,77.26,10.33,76.9,50.97,62.56,Yes,0,Medium,54.46
STU10429,Nancy Jennings,20,Female,83.75,2.0,64.6,29.47,51.08,Yes,2,High,39.25
STU10430,Maria Henderson,17,Male,88.49,19.95,91.55,52.02,60.32,No,1,Medium,62.29
STU10431,Jack White,22,Female,70.2,20.04,75.67,56.78,50.34,No,2,Medium,58.24
STU10432,Travis Tucker,21,Female,63.56,6.17,62.64,41.41,44.73,Yes,0,Medium,58.21
STU10433,Chad Jones,24,Female,65.5,11.15,64.72,29.89,51.1,Yes,0,Medium,39.85
STU10434,Ashley Wise,20,Male,72.15,37.29,95.0,64.15,78.47,Yes,1,High,79.93
STU10435,Sophia Johnson,24,Male,73.78,15.86,70.14,45.83,61.03,Yes,3,High,59.17
STU10436,Ralph Anderson,24,Male,68.76,23.12,85.37,61.32,70.61,Yes,3,Medium,66.0
STU10437,Christopher Guerra,24,Female,62.45,13.45,58.56,35.01,,No,0,Medium,51.14
STU10438,Rhonda Martin,23,Male,72.53,3.37,54.29,31.88,35.12,Yes,2,Medium,38.82
STU10439,Jason Rhodes,19,Female,80.18,16.81,82.01,45.38,57.8,Yes,2,High,63.65
STU10440,Jeremy Mitchell,17,Other,85.14,16.14,77.0,32.76,54.3,Yes,1,Medium,63.35
STU10441,Joann Ferguson,24,Male,71.31,15.2,68.49,,49.4,No,2,Low,54.23
STU10442,Robert Harrison,17,Female,73.04,17.2,81.44,50.85,60.82,Yes,3,Medium,51.66
STU10443,Holly Valentine,24,Male,66.88,19.85,69.43,45.19,56.01,Yes,2,Low,47.65
STU10444,Mrs. Diane Reyes,20,Female,77.62,16.95,74.13,38.81,60.34,Yes,1,High,58.85
STU10445,Tracy Montoya,19,Male,67.82,9.15,77.25,29.38,48.74,No,1,Medium,53.75
STU10446,Brenda Wright,19,Female,84.88,21.4,94.14,55.89,57.6,Yes,0,Medium,63.59
STU10447,Shelly Spencer,22,Female,56.57,4.35,70.86,41.66,47.08,Yes,4,High,51.99
STU10448,Ryan Rosales,23,Female,73.68,3.65,61.45,39.36,50.9,Yes,1,Low,55.24
STU10449,Phillip Nelson,22,Female,81.61,23.17,91.95,68.23,79.21,Yes,1,Medium,70.19
STU10450,Brittany Kim,22,Female,80.21,21.55,72.72,44.25,53.95,Yes,2,Medium,67.46
STU10451,Courtney Hayes,22,Female,100.0,17.6,76.82,40.57,65.32,Yes,1,Medium,51.21
STU10452,Alexander Brown,22,Female,82.2,8.23,51.55,33.26,49.4,Yes,1,Medium,45.13
STU10453,Cynthia Vang,22,Female,65.95,13.04,81.9,51.74,59.43,Yes,3,High,51.88
STU10454,Alfred Galvan,21,Male,76.85,16.16,67.92,46.29,61.37,Yes,2,High,60.95
STU10455,Marie Moody,19,Female,56.69,6.83,59.29,20.0,34.99,Yes,5,High,47.39
STU10456,Dustin Gallegos,22,Female,,12.83,64.94,33.42,46.98,Yes,1,High,51.77
STU10457,Brenda Thornton,24,Female,68.0,22.57,82.42,54.93,60.88,No,2,Medium,55.95
STU10458,Aaron Miller,19,Male,88.98,27.99,85.53,64.29,66.57,No,0,Medium,57.64
STU10459,Ruben Dunn,19,Female,71.41,15.06,61.6,45.14,55.18,No,5,Medium,62.88
STU10460,Kelsey Rodriguez,18,Male,76.6,23.3,83.98,57.44,60.17,No,0,High,64.15
STU10461,Eric Williams,21,Female,70.37,4.6,51.84,29.33,44.77,No,1,Medium,38.51
STU10462,Riley Bryant,22,Male,98.87,22.62,81.0,55.14,67.71,No,1,Medium,76.31
STU10463,Taylor Carlson,17,Female,-5.0,12.37,53.99,38.99,49.67,No,0,Medium,44.53
STU10464,Jose Allen,20,Other,99.99,20.15,74.73,51.94,62.84,Yes,3,Medium,57.69
STU10465,Jeffrey Mendez,23,Male,87.77,16.27,80.16,49.54,61.3,Yes,3,Medium,56.9
STU10466,Jason Beck,24,Other,83.78,27.24,70.4,51.6,60.7,No,1,High,56.23
STU10467,William Jones,17,Male,82.42,11.88,61.5,37.75,53.48,No,1,Medium,42.9
STU10468,Katie Mcneil,21,Female,82.73,22.39,81.85,58.14,65.56,Yes,0,High,63.3
STU10469,Jeanette Harrison,20,Female,54.87,16.04,62.69,42.92,,No,5,Medium,66.11
STU10470,Veronica King,21,Female,,16.89,90.58,56.94,59.82,Yes,0,High,58.14
STU10471,Richard Cooper,24,Female,88.14,16.71,93.89,65.02,72.57,Yes,1,High,63.21
STU10472,Lori Ingram,19,Female,77.41,12.08,64.82,40.69,43.6,Yes,2,High,55.37
STU10473,Evelyn Williams,20,Male,61.14,17.9,75.18,43.61,55.33,Yes,2,Low,50.91
STU10474,Robin Thompson,19,Male,77.37,17.56,82.12,57.19,57.3,Yes,3,Medium,66.05
STU10475,Julie Dominguez,24,Female,98.45,19.69,80.43,42.38,61.9,No,0,Medium,56.88
STU10476,Robin Brown,17,Female,92.96,18.59,70.45,39.0,55.79,No,1,Medium,49.49
STU10477,Judith Carter,24,Female,77.26,23.59,80.81,57.58,65.4,No,3,Medium,73.87
STU10478,Curtis Williams,17,Female,89.42,24.46,84.48,61.2,65.8,Yes,0,High,59.39
STU10479,Kaylee Hays,20,Male,73.6,10.65,65.79,29.41,44.86,No,2,Low,45.42
STU10480,Dawn Mullins,20,Female,57.55,24.08,77.95,51.66,,Yes,1,Medium,64.12
STU10481,Howard Norman,22,Male,66.91,9.7,60.17,30.59,47.19,Yes,0,Medium,52.19
STU10482,Evelyn Martinez,21,Female,96.75,22.11,77.34,49.09,61.21,No,2,High,62.29
STU10483,Steve Paul,22,Male,74.71,22.34,79.89,,62.29,Yes,5,High,57.46
STU10484,Jasmine Beltran,21,Male,75.08,4.62,68.06,39.27,62.81,Yes,1,Medium,64.62
STU10485,Jonathan Glass MD,22,Male,74.4,18.65,66.55,44.73,52.81,Yes,3,Low,48.3
STU10486,Monica Miller,19,Male,100.0,14.72,89.2,48.1,64.46,No,2,,77.49
STU10487,Samantha Gardner,20,Female,97.51,12.69,65.12,30.01,50.3,Yes,2,Medium,55.71
STU10488,Bobby Guerrero,17,female,100.0,27.46,87.34,71.21,72.83,No,2,Medium,68.65
STU10489,Lance Simmons,21,Male,76.09,13.42,70.31,46.52,52.83,No,3,High,58.76
STU10490,Heather Williams,24,Male,81.55,12.36,68.34,35.69,45.7,No,0,High,60.37
STU10491,Heather Bolton,21,Male,59.8,18.53,66.23,49.67,45.46,No,0,,49.87
STU10492,William Gould,17,Male,95.72,22.8,95.0,60.5,68.63,Yes,1,Medium,65.87
STU10493,Mark Cox,22,Male,63.99,17.01,64.2,40.48,52.97,Yes,3,Medium,38.82
STU10494,Meghan Cisneros,21,Female,80.6,26.16,95.0,66.73,69.72,Yes,0,Medium,67.82
STU10495,Lawrence Harrington,23,Female,64.83,21.72,78.56,47.54,55.17,Yes,1,Medium,62.65
STU10496,Austin Osborne,19,Female,70.93,2.75,62.77,28.04,54.0,No,0,Medium,38.64
STU10497,James Bradley,20,Male,67.95,14.29,74.03,,62.93,Yes,4,Low,58.76
STU10498,Meghan Rush,17,Male,70.71,14.07,91.24,48.82,60.44,Yes,1,Medium,61.03
STU10499,Phillip Berry,20,Female,71.53,21.36,69.17,52.9,53.36,No,1,Medium,59.91
STU10500,Jennifer Banks,23,Female,71.42,2.0,52.63,38.37,41.89,No,0,Medium,26.31
STU10501,Brian Fitzgerald,21,Male,88.0,35.84,88.44,63.19,74.8,No,3,Medium,60.66
STU10502,Mr. Justin Green III,21,Male,64.74,21.72,75.29,39.6,51.4,No,3,Medium,48.56
STU10503,Zachary Mitchell,24,Male,80.65,19.04,,,47.85,No,2,Medium,61.97
STU10504,Katherine Martinez,23,Male,92.62,26.27,88.61,59.84,65.8,No,1,Medium,61.69
STU10505,Jodi Roach,17,Male,71.84,34.41,95.0,65.63,64.81,Yes,3,High,71.38
STU10506,Brandon Fleming,24,Female,69.38,24.1,79.77,56.63,,No,2,Medium,75.11
STU10507,Emma Reed,19,Female,75.23,24.64,78.7,56.06,54.15,No,3,High,64.47
STU10508,Joshua Vance,24,Female,92.16,18.91,77.44,38.76,65.81,Yes,2,Medium,67.37
STU10509,Michelle Ho,18,Female,80.33,17.01,83.91,38.66,55.58,Yes,0,Medium,53.52
STU10510,Rebecca Hicks,17,Female,71.63,14.67,65.2,43.15,51.67,No,2,Low,55.78
STU10511,Curtis Taylor,18,Female,83.81,12.22,88.88,50.72,57.34,No,2,Medium,68.98
STU10512,Allison Spencer,23,Female,64.77,13.19,83.69,45.23,57.06,Yes,2,High,63.25
STU10513,Robert Arnold,22,Male,86.18,8.55,74.05,28.56,51.79,Yes,3,High,55.08
STU10514,Angelica Parker,18,Male,82.9,17.47,77.9,52.33,62.11,No,1,High,66.55
STU10515,Dr. Kelly Hammond DVM,19,Male,,6.21,74.22,47.27,66.22,No,1,Medium,44.55
STU10516,William Day,24,Female,67.94,,83.01,54.77,62.12,Yes,1,Medium,68.8
STU10517,Michael Cooper,22,Female,67.36,17.75,66.32,38.11,45.31,Yes,2,Medium,44.04
STU10518,Penny Bowman,24,Male,84.42,19.03,75.56,49.54,56.84,No,2,Medium,55.8
STU10519,Vincent Reynolds,18,Female,92.75,14.35,68.36,32.67,58.7,Yes,1,Medium,65.17
STU10520,Amy Martinez,24,Male,70.35,39.54,94.53,81.57,82.29,No,0,High,85.96
STU10521,Christopher Morris,23,Female,83.5,27.52,91.57,63.8,72.37,Yes,2,High,62.47
STU10522,Hannah Everett,22,Male,52.96,9.29,50.17,20.0,39.42,Yes,0,Medium,31.59
STU10523,Sarah King,23,Male,70.98,19.63,71.91,45.96,59.06,Yes,0,Medium,61.41
STU10524,Krista Martinez,18,Female,77.63,13.74,62.39,42.31,61.45,Yes,2,Low,39.83
STU10525,Joseph Shaw,23,Male,67.08,10.9,60.01,33.39,,Yes,0,Medium,54.0
STU10526,Todd Moore,19,Male,66.76,8.62,69.67,,54.31,Yes,0,Medium,51.91
STU10527,Michelle Jacobs,18,Male,69.99,21.03,70.45,39.95,58.52,No,1,High,66.25
STU10528,Kristy Bryan,18,Female,81.51,,71.7,46.82,50.24,Yes,1,Medium,50.26
STU10529,Angel May,18,Female,75.75,24.77,68.31,46.02,50.23,No,3,Medium,48.91
STU10530,Marilyn Wang,17,Male,51.14,24.96,74.36,38.33,43.41,Yes,0,Medium,57.04
STU10531,Mark Jimenez,24,Female,52.55,27.62,75.13,53.3,,No,3,Low,48.13
STU10532,Donna Frye,17,Female,70.72,12.03,63.55,45.09,49.63,Yes,1,High,45.86
STU10533,Dr. Michael Evans,17,Male,83.49,,79.77,,63.85,Yes,2,Medium,66.62
STU10534,Anthony Gonzales,19,Male,45.03,22.43,70.14,61.67,59.08,No,0,High,46.11
STU10535,Mr. Lawrence Edwards,22,Male,72.0,14.68,65.43,44.19,59.58,No,1,Medium,62.92
STU10536,Morgan Valencia,24,Male,71.69,12.6,58.36,38.71,43.95,No,1,High,50.33
STU10537,Bianca Wood,23,Female,94.66,29.27,95.0,65.26,69.94,No,1,Low,61.9
STU10538,Emma Owens,21,Male,73.38,19.59,71.29,47.28,64.17,No,5,Medium,64.72
STU10539,David Davis,18,Female,82.6,22.45,81.1,52.61,67.27,Yes,2,High,75.46
STU10540,James Gilbert,23,Female,79.7,12.25,80.78,44.03,60.06,No,1,High,59.79
STU10541,Sean Moore,18,Male,52.43,9.47,89.16,51.41,60.69,No,2,High,74.5
STU10542,Kenneth Edwards,19,Female,87.22,14.01,66.78,34.71,53.81,No,4,Medium,67.7
STU10543,Kathleen Robertson,18,Male,80.58,17.13,80.51,42.4,62.29,No,1,High,63.08
STU10544,Mr. Alexander Landry MD,17,Other,84.1,10.55,67.21,30.82,49.96,Yes,1,High,61.75
STU10545,Cindy Gomez,24,Female,100.0,17.93,80.03,64.68,73.26,Yes,2,Low,76.11
STU10546,Johnny Khan,21,Female,52.99,6.18,,32.39,31.34,No,1,High,31.79
STU10547,Julie Herrera,20,Female,98.7,10.16,68.67,41.16,55.55,No,1,Medium,57.19
STU10548,Jessica Khan,18,Male,74.55,22.7,78.92,46.27,54.45,No,1,Medium,51.46
STU10549,Pamela Diaz,23,Female,81.45,22.23,69.49,53.42,57.66,No,0,Medium,51.79
STU10550,Kelly Lee,17,Female,77.45,15.26,81.89,48.24,55.25,Yes,1,High,62.6
STU10551,Angel Gordon,20,Female,72.91,10.88,69.66,41.55,50.46,Yes,1,Low,50.8
STU10552,Diana Hays,21,Female,71.16,10.81,71.93,34.18,42.25,Yes,0,Medium,37.8
STU10553,Barbara Hester,20,Female,81.95,15.39,72.26,,61.54,No,3,Medium,59.04
STU10554,Robert Morgan,17,Male,59.79,22.51,71.0,46.99,52.2,No,2,Medium,50.24
STU10555,Nicole Gonzalez,24,Male,87.01,24.5,87.35,53.55,56.47,Yes,4,Medium,73.81
STU10556,Kathryn Williams,24,Female,73.01,14.52,62.86,45.04,47.87,No,0,Low,54.82
STU10557,Gary Wells,22,Male,,9.93,62.63,25.36,45.79,Yes,0,High,42.21
STU10558,Larry Robertson,24,Female,72.6,19.87,69.43,51.1,53.61,Yes,2,High,68.57
STU10559,Louis Martin,22,Female,93.09,12.24,70.24,46.19,56.33,No,1,High,62.92
STU10560,Nancy Evans MD,20,Male,71.58,14.37,54.67,29.94,44.33,Yes,2,High,47.37
STU10561,Kim Erickson,19,Male,82.3,27.28,95.0,58.83,71.73,No,0,Medium,64.55
STU10562,Robert Richardson,23,Female,69.23,23.79,72.77,50.22,48.1,No,2,Medium,45.54
STU10563,Veronica Silva,23,Male,,19.11,90.07,57.79,72.32,No,0,Medium,58.06
STU10564,Molly Watts,20,Female,86.23,9.1,81.01,42.66,55.99,Yes,2,Low,42.24
STU10565,John Coffey,18,Male,100.0,19.48,75.3,52.5,65.86,Yes,2,High,68.09
STU10566,Paula Lane,18,Female,75.89,25.44,73.21,65.63,63.69,No,1,Low,44.47
STU10567,Lauren Jackson,24,Male,86.02,15.37,95.0,51.49,64.87,No,0,High,60.66
STU10568,Lisa Randall,23,Female,79.18,27.46,95.0,52.71,60.6,No,0,Low,65.29
STU10569,Michael Johnson,23,Male,93.55,27.05,89.13,67.53,72.05,Yes,2,High,85.89
STU10570,Ashley Smith,22,Female,69.37,29.65,85.06,73.78,78.43,Yes,2,Medium,63.19
STU10571,Christian Vaughn,19,Male,86.94,20.14,76.49,,55.16,No,4,Low,60.07
STU10572,Reginald Knapp,17,Female,75.66,22.11,82.63,47.26,70.4,No,1,High,62.08
STU10573,Nancy Brown,18,Female,77.23,27.9,78.61,56.83,61.22,Yes,2,Medium,59.55
STU10574,Daniel Nguyen,23,Male,79.1,21.13,63.33,37.58,52.14,Yes,2,High,57.33
STU10575,Kelly Edwards,22,Male,81.03,14.49,64.38,45.06,48.82,No,0,Medium,46.84
STU10576,Thomas Peterson,21,Male,76.61,14.86,73.87,35.67,49.17,Yes,2,Low,49.33
STU10577,Raymond Le,22,Female,80.58,19.67,69.89,45.09,53.87,Yes,0,High,60.0
STU10578,Melissa Bishop,18,Female,96.94,8.97,75.56,34.15,52.58,Yes,1,Medium,64.1
STU10579,David Grant,18,Female,89.83,17.0,71.44,46.63,58.96,Yes,0,High,72.02
STU10580,William Evans,22,Male,88.43,25.68,80.23,54.08,62.66,No,3,Medium,58.45
STU10581,Daniel Bush,17,Male,72.53,2.66,69.34,34.57,62.14,Yes,2,Medium,50.71
STU10582,Gregory Peck,20,Female,67.33,28.74,83.54,60.74,56.16,Yes,4,Medium,67.94
STU10583,Denise Martinez,18,Female,89.46,25.86,86.92,52.89,67.57,Yes,2,Medium,65.89
STU10584,Jamie Baird,22,Other,88.51,14.78,84.84,54.39,68.1,Yes,1,Medium,70.37
STU10585,Tina Ballard,23,Male,95.67,21.8,89.77,57.5,64.55,No,0,Medium,72.53
STU10586,Dwayne Klein,22,Female,70.75,18.02,85.75,46.09,63.67,Yes,0,Medium,67.73
STU10587,Jeremy Scott,19,Male,75.25,26.61,78.94,72.5,65.48,No,1,Medium,65.55
STU10588,Dale Ryan,20,Male,58.33,24.88,71.88,55.58,40.65,Yes,1,Medium,44.99
STU10589,Melissa Taylor,21,Female,73.29,8.2,56.8,31.05,50.19,Yes,1,Low,43.17
STU10590,Laurie Sanchez,17,Female,89.96,22.11,80.74,63.93,62.39,Yes,4,Medium,62.79
STU10591,Kiara Little,24,Other,72.4,16.56,81.31,62.73,,Yes,0,Medium,67.13
STU10592,Jason Love,21,Male,85.69,18.58,90.25,54.46,71.69,No,2,Low,73.18
STU10593,Randy Smith,20,Male,75.71,12.9,79.5,48.53,57.68,Yes,2,Medium,69.2
STU10594,Tanya Russell,20,Female,81.89,30.24,73.5,50.35,65.65,No,0,Low,64.2
STU10595,Sherry Woods,20,Female,64.23,25.28,86.37,58.06,69.55,Yes,1,High,61.16
STU10596,Victor Morris,21,Male,79.02,12.82,58.21,35.06,45.62,Yes,1,High,61.66
STU10597,Susan Davis,23,Male,42.11,8.66,63.85,36.95,47.37,Yes,0,Low,44.6
STU10598,Kimberly Sharp,20,Male,75.76,15.3,70.81,46.44,51.9,No,1,Low,44.31
STU10599,Susan Thompson,22,Female,58.43,21.04,77.91,55.81,70.91,Yes,2,High,70.43
STU10600,Casey Gillespie,21,Male,92.47,19.68,72.45,50.01,58.2,Yes,1,Medium,59.32
STU10601,Jennifer Simpson DVM,24,Male,87.33,26.77,95.0,55.69,75.98,Yes,2,High,60.6
STU10602,Tammy Mcdowell,20,Male,83.6,23.53,71.36,44.37,62.9,Yes,3,High,56.08
STU10603,Keith Rodriguez,22,Male,96.25,24.79,83.17,53.43,69.61,No,0,Medium,65.42
STU10604,Mrs. Virginia Daniels,23,Male,66.61,,66.56,44.21,48.07,Yes,3,Medium,51.47
STU10605,Todd Rosales MD,19,Female,98.97,8.27,62.22,41.98,57.19,No,0,High,49.77
STU10606,Brian Martin,23,Male,89.19,16.63,80.28,41.29,47.91,No,2,High,63.42
STU10607,David Lopez,24,Female,75.16,25.42,95.0,60.58,69.84,Yes,0,Medium,72.3
STU10608,Rachel Bradley,20,Male,91.63,17.64,95.0,63.53,75.74,Yes,2,Medium,61.98
STU10609,Casey Chase,24,Female,64.72,21.52,75.65,49.16,56.88,No,2,Medium,73.55
STU10610,Samantha Robertson,21,Female,68.11,15.77,80.39,52.01,41.51,Yes,4,Medium,45.94
STU10611,Michael Lopez,18,Female,70.7,,70.23,39.26,44.89,Yes,3,High,50.14
STU10612,Franklin Wright,20,Female,71.65,17.14,77.78,50.51,54.44,No,2,High,61.21
STU10613,David Molina,18,Male,65.32,20.16,71.26,46.6,55.77,No,0,Medium,50.15
STU10614,Elizabeth Sharp,22,Male,92.68,13.41,79.73,51.27,66.77,No,2,High,74.99
STU10615,Matthew Schwartz,19,Female,74.89,16.35,78.59,37.63,54.45,No,3,Medium,52.32
STU10616,Bryan Parker,17,Other,82.23,11.42,68.29,37.33,57.92,Yes,1,Medium,48.2
STU10617,Jonathan Jacobson,24,Female,71.16,25.83,79.95,58.72,56.17,Yes,1,Medium,65.63
STU10618,Emily Wilson,23,Female,56.15,15.94,66.94,46.61,,Yes,2,Medium,31.75
STU10619,Elizabeth Mendez,19,Female,81.24,28.17,92.58,74.65,77.06,No,1,Medium,75.86
STU10620,Casey Hernandez,20,Male,55.05,28.7,68.7,51.14,54.54,No,2,Medium,62.2
STU10621,Lisa Perry,18,Male,77.18,17.43,75.55,58.3,61.27,Yes,0,High,48.13
STU10622,Kaitlin Medina,23,Female,61.58,10.94,80.6,40.41,64.7,Yes,0,High,56.43
STU10623,Colleen Wright,18,Female,100.0,3.4,82.03,48.93,69.7,Yes,1,Medium,52.6
STU10624,Shelley Miller,21,Male,88.94,7.7,83.08,49.26,,No,0,Medium,58.7
STU10625,Michael Miller,18,Female,79.27,8.38,69.65,31.65,53.28,No,1,Medium,65.43
STU10626,Amy Kelley,21,Male,93.16,27.65,92.29,65.8,78.53,Yes,0,High,78.98
STU10627,Laura Hernandez,22,Female,67.84,18.81,81.81,51.51,56.0,No,1,Medium,55.13
STU10628,Joseph Wilson,23,Male,84.52,20.73,93.65,63.1,77.85,No,2,Low,46.83
STU10629,Kevin Davis,23,Male,80.4,2.46,49.49,22.67,45.18,Yes,3,Low,32.41
STU10630,Rhonda Chavez,17,Female,81.17,9.61,60.58,32.8,35.89,No,1,Medium,43.33
STU10631,Joyce Brown,20,Male,93.27,24.21,95.0,71.7,78.71,Yes,3,Medium,76.29
STU10632,Robert Cummings,21,Female,86.79,,79.17,50.94,60.84,Yes,0,High,67.65
STU10633,Robert Reese,17,Female,81.46,16.97,71.71,51.63,63.17,Yes,3,High,68.6
STU10634,Amber Cooper,18,Female,58.14,21.95,62.88,44.28,54.56,No,2,Medium,43.75
STU10635,Zachary Michael,18,Male,66.48,29.45,77.39,70.05,65.53,No,0,Medium,63.54
STU10636,Timothy Johnson,17,Male,76.53,16.45,63.73,37.09,61.22,Yes,1,Medium,50.94
STU10637,Randy Cannon,23,Male,79.12,18.49,94.21,52.88,65.48,No,2,High,59.86
STU10638,Maria Fisher,18,Other,64.44,19.35,72.85,58.93,62.34,Yes,3,Medium,53.41
STU10639,Janet Kane DVM,24,Female,100.0,34.74,95.0,67.43,81.93,No,2,Medium,79.97
STU10640,Michael Stanley,22,Female,,3.3,76.02,48.06,63.09,No,1,Medium,40.56
STU10641,Martha Bailey,22,Female,85.23,22.78,90.75,65.31,76.06,Yes,1,Medium,58.44
STU10642,Joshua Rice,24,Female,78.86,17.2,83.93,50.44,58.98,Yes,1,Medium,83.2
STU10643,Courtney Smith,17,Female,75.45,21.97,87.57,44.29,58.1,No,1,Medium,53.86
STU10644,Edwin Nunez,24,Male,66.58,13.4,63.97,39.37,41.74,Yes,4,Medium,58.38
STU10645,Kim Morrow,21,Female,78.93,17.66,74.37,48.3,60.4,No,1,Medium,56.67
STU10646,Gregory Hill,21,Male,81.09,22.98,87.92,66.12,71.74,Yes,0,Medium,65.42
STU10647,Molly Rodriguez,17,Female,63.1,39.79,84.7,81.07,76.63,No,5,Low,72.34
STU10648,Jennifer Miranda,24,Female,82.01,23.66,82.59,51.29,67.98,Yes,1,Medium,65.19
STU10649,Alexis Harris,21,Female,76.14,12.06,74.49,48.78,56.74,Yes,0,Medium,55.82
STU10650,Andrew Harper,23,Male,55.11,15.03,72.6,50.05,46.0,Yes,2,Medium,51.24
STU10651,Amber Yang,24,Male,67.68,14.83,56.33,44.72,52.07,No,1,High,54.36
STU10652,David Robinson,23,Male,73.04,5.43,70.63,39.62,59.98,Yes,5,Low,46.0
STU10653,Amy Gordon,21,Male,100.0,60.0,80.68,35.26,66.08,Yes,2,Medium,58.69
STU10654,Robert Dennis,22,Male,84.68,23.13,88.8,57.38,74.4,No,1,Medium,60.16
STU10655,Kyle Chambers,21,Female,61.97,9.08,70.17,30.75,46.04,No,3,Medium,36.9
STU10656,Eric Thomas,23,Female,83.83,25.34,95.0,61.6,68.22,Yes,0,Medium,82.7
STU10657,Connie Turner,19,Male,59.43,21.41,83.76,61.68,57.15,No,1,High,55.16
STU10658,Travis Hobbs,20,Male,90.99,12.86,87.91,51.98,66.98,No,2,Medium,70.29
STU10659,Lori Simmons,18,Male,72.35,17.01,85.48,60.11,64.3,Yes,1,Medium,61.1
STU10660,William David DDS,24,Female,76.88,29.19,87.59,65.16,69.54,Yes,4,High,75.63
STU10661,Emma Butler,19,Female,93.91,23.13,86.63,48.4,65.63,No,2,High,66.96
STU10662,James Webster,21,Female,62.55,18.06,78.33,32.05,49.55,No,1,High,40.02
STU10663,Samuel Turner,22,Female,61.23,16.34,75.36,48.02,50.06,Yes,2,High,57.03
STU10664,Renee Melendez,17,Other,71.0,18.54,72.21,45.82,61.1,Yes,2,High,64.55
STU10665,Tracy Grant,21,Female,90.46,14.42,81.43,41.34,61.97,Yes,1,Medium,54.1
STU10666,David Harris,22,Male,59.77,3.27,58.25,20.0,38.37,No,1,,53.95
STU10667,Tammy Boone,20,Female,44.01,32.3,69.41,51.93,45.52,Yes,3,Low,54.78
STU10668,Nathaniel Lee,21,Male,72.59,19.09,86.0,52.61,54.37,Yes,2,High,68.81
STU10669,Michael Morrison,23,Female,84.62,20.79,81.69,58.05,73.83,No,0,High,74.71
STU10670,Chelsea Gill,17,Male,92.4,17.59,95.0,58.15,75.28,No,2,Medium,52.61
STU10671,Kristin Mendoza,22,Female,72.44,12.85,57.63,47.48,42.27,Yes,3,Medium,54.32
STU10672,Felicia Krueger,22,Female,73.06,16.7,69.48,37.37,56.77,Yes,1,High,72.96
STU10673,Timothy Hayden,22,Female,91.85,6.8,72.85,44.39,65.89,Yes,2,High,68.03
STU10674,Zachary Mendoza,20,Female,55.56,33.94,90.7,68.3,65.75,Yes,1,,64.82
STU10675,Larry Harris,21,Male,73.34,9.36,71.35,44.46,64.89,No,1,High,49.98
STU10676,Kristen Rowe,20,Male,80.29,10.78,74.2,38.96,57.27,No,1,Medium,45.13
STU10677,Joseph Howard,24,Male,83.39,14.92,67.1,49.63,49.85,Yes,3,Medium,46.23
STU10678,Jose Crawford,18,Male,71.88,27.02,72.52,56.31,61.63,Yes,1,Medium,58.2
STU10679,William Harrison,18,Female,78.41,18.1,79.51,45.5,60.85,Yes,4,Medium,52.21
STU10680,Suzanne Wood,24,Male,48.14,9.35,48.41,29.18,,No,1,Low,31.37
STU10681,Justin Walker,21,Other,70.1,26.78,76.7,54.26,62.97,Yes,4,High,65.9
STU10682,Dean Donovan,23,Female,83.44,,86.71,60.94,58.19,No,2,High,54.02
STU10683,Jennifer Hernandez,20,Female,66.21,21.77,67.73,39.64,56.69,No,1,High,49.49
STU10684,James Whitaker,17,Male,78.71,23.01,93.8,60.41,63.69,Yes,1,Medium,62.97
STU10685,Mr. Michael Scott PhD,22,Female,83.36,,95.0,,69.09,No,1,Medium,67.41
STU10686,Maria Henry,22,Female,73.89,33.3,74.93,60.58,61.47,No,2,Medium,61.67
STU10687,Robert Jackson,21,Female,-5.0,13.19,,49.73,59.85,No,2,Low,52.99
STU10688,Katherine Stark,23,Female,66.45,29.37,63.46,57.47,56.75,No,2,Medium,52.78
STU10689,Maria Brown,18,Female,75.52,20.68,71.72,48.77,53.01,Yes,2,Low,49.07
STU10690,Ryan Landry,18,Male,85.32,21.49,88.19,58.4,65.19,Yes,2,Low,63.49
STU10691,Pamela Gutierrez,22,Female,79.88,6.15,64.57,36.05,45.16,No,1,High,60.42
STU10692,Crystal Mann,21,Male,70.96,,76.97,50.9,57.3,No,2,Low,42.88
STU10693,Jonathan Brooks,20,Male,80.69,12.31,60.91,24.48,,No,0,High,58.32
STU10694,Mary Jensen,18,Male,86.58,23.8,90.72,57.75,69.05,Yes,1,Medium,57.08
STU10695,Mr. Aaron Arnold,20,Male,53.4,25.5,69.65,41.35,53.87,No,2,High,56.03
STU10696,Joseph Hill,23,Male,91.91,3.48,70.05,43.25,67.86,Yes,2,Low,63.28
STU10697,Alicia Li,18,Male,73.96,17.85,74.42,47.34,53.86,Yes,3,Medium,47.32
STU10698,Renee Browning,18,Other,83.11,25.85,74.6,52.9,60.55,Yes,0,Medium,64.44
STU10699,Brent Hernandez,19,Female,92.37,16.69,71.46,51.79,75.68,Yes,2,High,60.61
STU10700,Joseph Ochoa,18,Other,61.54,23.1,82.76,58.68,69.42,Yes,0,Medium,71.53
STU10701,James Watson,24,Male,69.49,20.46,78.88,43.96,46.39,No,4,Medium,41.46
STU10702,Karl Branch,17,Male,74.54,20.39,85.8,54.43,65.75,Yes,2,High,60.47
STU10703,Michael Abbott,24,Female,68.59,,74.49,44.05,54.92,Yes,1,Medium,56.06
STU10704,Shannon Malone,21,Male,98.82,80.0,78.32,30.62,63.88,Yes,2,Low,60.98
STU10705,James Tran,21,Male,67.72,10.15,53.01,27.14,37.86,Yes,0,Medium,42.83
STU10706,Adam Jackson,20,Female,71.33,22.97,76.18,51.37,53.63,No,0,Medium,59.53
STU10707,Mr. Richard Knight PhD,24,Male,80.45,18.14,77.45,48.56,56.29,Yes,3,Medium,55.22
STU10708,Joseph Williams,24,Female,63.57,,86.5,42.17,53.17,Yes,1,Medium,48.48
STU10709,Sean Clay,24,Female,73.25,15.03,78.16,55.26,65.99,No,0,Low,66.68
STU10710,Anthony Jones,23,Male,81.81,15.86,88.61,51.85,58.1,No,1,Medium,63.76
STU10711,Stephanie Elliott,18,Male,74.01,25.33,85.94,59.2,61.27,No,0,High,61.83
STU10712,Timothy Edwards,17,Female,76.88,15.65,68.74,46.26,45.3,No,0,Medium,39.63
STU10713,Laurie Goodwin,20,Male,71.65,8.61,67.9,31.93,55.5,No,4,Medium,57.44
STU10714,Jennifer Jones,24,Male,59.83,,76.39,56.14,65.15,Yes,1,Low,66.1
STU10715,David Davenport,24,Other,81.86,16.57,69.39,41.91,53.99,No,5,Medium,52.0
STU10716,Steven Rivera,19,Male,99.06,18.22,81.17,44.83,63.02,No,2,Medium,56.92
STU10717,Brenda Hinton,20,Female,78.22,29.25,84.13,65.28,70.36,No,2,Medium,64.78
STU10718,Kathryn Mccann,24,Other,80.7,17.86,90.38,65.4,79.02,No,1,,67.22
STU10719,Jeffrey Roberson,20,Male,86.31,,64.58,50.16,60.96,No,1,High,65.52
STU10720,Randy Friedman,18,Male,62.77,9.75,74.41,47.74,50.54,Yes,3,Low,41.98
STU10721,Raymond Johnson,19,Male,98.43,16.46,75.13,43.33,52.6,Yes,0,Medium,54.99
STU10722,Willie Henry,20,Male,80.43,22.27,69.99,38.12,47.76,No,1,Medium,50.68
STU10723,Todd Reynolds,17,Male,97.58,7.11,84.28,54.05,69.04,Yes,2,Medium,67.44
STU10724,Mary Miller,17,Female,69.2,19.41,80.6,66.18,60.71,Yes,0,High,71.89
STU10725,Rebecca Marquez,21,Male,99.82,18.71,,68.49,78.57,No,0,Medium,75.28
STU10726,Christian Dawson,19,Female,87.3,18.29,86.59,51.25,62.42,Yes,0,Low,73.28
STU10727,Nancy Stewart,19,Other,84.64,25.26,95.0,54.88,62.52,Yes,1,Medium,60.15
STU10728,Aaron Parker,21,Female,80.81,20.34,84.03,46.62,54.67,No,1,Medium,68.2
STU10729,Derrick Anderson,20,Female,75.02,28.35,82.68,48.1,69.77,No,0,Low,52.43
STU10730,Jerry Peters,19,Male,92.41,11.04,78.92,43.6,67.37,Yes,1,Medium,59.1
STU10731,Alexander Gomez,17,Female,79.68,18.95,88.0,66.0,79.8,No,2,Medium,71.26
STU10732,Kyle Nguyen,17,Female,54.4,18.59,62.68,42.09,50.37,Yes,2,Medium,57.74
STU10733,Edgar Hughes,24,Male,64.59,10.52,60.8,37.89,45.07,Yes,0,Medium,44.52
STU10734,Steven Stein,18,Male,75.77,24.69,78.8,64.85,73.22,Yes,1,Medium,69.85
STU10735,Laura Jackson,19,Female,81.72,34.27,74.18,57.97,62.78,No,2,Medium,60.31
STU10736,Charles Turner,20,Male,77.32,17.88,77.47,63.42,66.09,Yes,3,Medium,47.91
STU10737,Arthur Hamilton MD,21,female,92.63,21.54,69.56,,65.63,Yes,1,High,67.67
STU10738,Mr. David Wright,21,Male,54.59,18.59,69.4,45.19,32.6,No,5,Low,33.35
STU10739,Linda Gonzalez,20,Male,79.72,13.0,80.23,42.46,68.49,Yes,1,High,72.47
STU10740,Eric Rush,23,Female,56.18,5.25,55.05,33.86,45.36,No,1,Medium,50.29
STU10741,Manuel Brock,22,Female,87.12,13.06,89.36,48.22,67.44,No,1,High,59.55
STU10742,George Ochoa,18,Female,76.87,8.26,56.82,24.08,44.32,No,0,Medium,36.1
STU10743,Valerie Taylor,21,Male,83.04,29.93,95.0,75.66,76.72,No,2,Medium,68.85
STU10744,Travis Harris,19,Male,67.63,17.19,77.83,57.29,56.73,Yes,1,High,65.66
STU10745,Vincent Novak,18,Female,93.35,15.58,66.41,43.44,62.16,Yes,1,High,65.6
STU10746,Michael Henry,19,Male,90.5,24.22,95.0,53.29,61.93,No,0,Medium,89.21
STU10747,Dana Bennett,23,Male,85.0,10.15,72.36,32.07,55.3,No,2,Medium,49.82
STU10748,Jenna Wilson,17,Female,76.45,12.63,64.84,40.03,55.95,Yes,2,Medium,53.96
STU10749,Leslie Gardner,18,Male,84.96,18.48,68.26,42.0,55.23,No,0,,70.9
STU10750,Krista Benton,24,Female,69.52,25.2,77.73,52.75,61.39,Yes,1,Medium,62.66
STU10751,Michael Gonzales,21,Male,88.27,21.51,82.08,61.3,62.2,No,3,Medium,56.08
STU10752,Michael Fuentes,18,Male,97.79,19.74,85.84,59.55,65.25,No,1,High,71.41
STU10753,Jennifer Porter,18,Male,90.85,18.55,79.25,60.15,68.96,No,2,High,72.46
STU10754,Dana Hopkins,18,Other,69.24,20.8,80.94,,61.81,No,1,Medium,54.98
STU10755,Rachel Jones,22,Female,82.34,19.41,76.25,47.44,48.81,No,0,Medium,60.77
STU10756,Karen Morales DDS,18,Female,62.48,10.79,,36.45,46.52,Yes,3,High,52.86
STU10757,Melissa Stephens,19,Female,84.87,18.32,78.17,52.97,59.95,No,1,Medium,56.48
STU10758,Heather Woodard,17,Male,83.41,10.48,53.64,43.25,50.93,No,2,High,63.06
STU10759,Margaret Miller,23,Female,55.56,18.57,72.13,50.26,45.08,No,5,Medium,44.38
STU10760,Mary Kelly,20,Male,64.06,14.64,61.29,52.23,,No,0,Medium,52.46
STU10761,Amanda Terrell,18,Female,74.6,,91.04,73.37,77.44,Yes,3,Medium,69.58
STU10762,Jennifer Goodwin,21,Male,74.39,17.72,85.73,60.19,65.58,No,3,Medium,50.54
STU10763,Jessica Smith,18,Female,63.49,8.17,56.17,29.55,40.77,No,2,High,46.59
STU10764,Jorge Stone,21,Male,82.67,17.06,86.07,52.48,64.16,Yes,1,Medium,77.21
STU10765,Laura Griffin,19,Male,81.02,21.64,77.2,58.42,66.8,Yes,0,Medium,63.84
STU10766,Raymond Chapman,21,Female,75.67,29.71,95.0,77.81,77.29,No,1,Medium,62.24
STU10767,Haley Johnson,24,Male,68.93,13.87,67.3,46.49,53.25,Yes,0,Medium,55.05
STU10768,Jason Nixon,20,Male,90.58,6.92,65.52,34.44,60.91,Yes,3,Medium,49.12
STU10769,Todd Thomas,17,Male,97.86,23.72,93.72,70.79,83.18,Yes,5,Medium,84.31
STU10770,Jesse Clark,21,Male,72.2,8.34,,20.0,46.56,No,1,Medium,41.81
STU10771,Mr. Jeffrey Horton,21,Female,70.65,14.95,64.95,31.23,48.41,No,1,High,37.77
STU10772,Eric Patrick,17,Female,83.89,16.2,73.5,50.8,64.75,Yes,0,High,67.62
STU10773,Samuel Wong,20,Female,73.7,17.51,74.45,47.61,59.31,No,0,Medium,57.38
STU10774,Carly Riggs,18,Female,76.33,22.82,90.71,63.32,74.82,No,1,Medium,65.28
STU10775,Christopher Moore,21,Male,86.88,13.21,60.51,38.25,58.66,Yes,2,,47.16
STU10776,Tina Hall,17,Female,55.09,16.08,,47.16,44.37,Yes,1,Medium,62.19
STU10777,Cody Davidson,24,Male,93.82,17.9,87.16,47.84,59.83,No,2,High,61.55
STU10778,Allen Mendez,24,Male,78.87,19.05,79.39,54.96,58.56,Yes,2,Medium,67.48
STU10779,Kevin Price,19,Female,73.06,18.68,86.0,60.61,71.13,No,2,Medium,60.62
STU10780,Christine Goodwin,17,Male,76.93,21.05,78.17,60.56,54.42,Yes,1,Medium,65.82
STU10781,Amy Garcia,19,Female,77.55,23.91,79.79,69.13,69.89,Yes,1,Medium,67.85
STU10782,Chelsea Nguyen,24,Male,57.23,20.75,76.37,52.67,57.83,No,2,Medium,55.16
STU10783,Dennis Huffman,20,Female,95.94,21.18,86.31,57.7,77.05,Yes,1,Medium,64.85
STU10784,Margaret Harper,18,Female,78.5,6.92,64.89,24.08,48.6,No,1,Low,46.45
STU10785,Laurie Bailey,17,Female,83.32,18.35,82.97,48.3,54.57,Yes,3,High,72.98
STU10786,Lisa Cervantes,23,Female,89.42,21.36,78.16,50.91,57.86,Yes,1,High,57.66
STU10787,Elizabeth Mendez,24,Female,65.75,23.1,71.6,58.06,51.15,Yes,3,,54.22
STU10788,Cesar Wilson,24,Male,83.68,60.0,70.59,38.01,52.17,Yes,1,High,77.9
STU10789,Clayton Steele,23,Female,74.79,13.39,82.71,53.5,61.14,Yes,2,Medium,53.74
STU10790,Jennifer Taylor,22,Male,88.16,13.98,51.27,34.25,42.42,Yes,3,High,47.15
STU10791,Cody Reid,24,Female,52.47,21.75,73.93,49.43,61.42,No,0,Medium,63.85
STU10792,Maria Cooke,21,Female,76.81,25.24,82.35,58.99,56.6,No,1,Low,67.62
STU10793,Katherine Taylor,20,Female,70.77,15.15,58.44,35.68,55.79,Yes,2,High,36.66
STU10794,Jerry Brown,17,Male,,24.36,86.08,55.22,73.06,No,2,Low,68.01
STU10795,Adam Taylor,23,Male,83.64,18.86,83.17,40.59,65.46,Yes,1,High,63.13
STU10796,Tracey Wagner,21,Female,69.51,17.13,77.75,46.96,52.97,Yes,3,Medium,55.13
STU10797,Michael Perry PhD,23,Male,69.45,16.52,51.31,32.95,46.34,No,1,High,55.49
STU10798,Bradley Johnson DDS,17,Male,76.67,23.23,91.35,56.08,58.53,Yes,4,Medium,61.67
STU10799,Donald Medina,19,Male,67.24,20.28,68.86,50.13,60.48,Yes,2,Medium,53.46
STU10800,Jim Newton,17,Female,88.1,33.93,95.0,74.51,76.16,Yes,4,Low,71.0
STU10801,Krista Wilson,22,Female,73.57,12.03,76.31,45.59,54.78,No,1,High,54.47
STU10802,Reginald Morrow,17,Male,43.12,21.63,60.38,51.44,39.55,No,1,Medium,47.4
STU10803,Rodney Williams,17,Male,73.5,14.3,77.45,50.32,44.35,Yes,2,Medium,64.07
STU10804,Kimberly Fritz,22,Male,65.54,11.91,64.39,36.44,42.22,Yes,1,Medium,50.33
STU10805,Ronald Potter,20,Female,58.42,17.92,53.22,35.05,49.51,No,2,Low,41.39
STU10806,Zachary Cole,24,Female,63.15,18.96,81.61,54.09,56.78,No,3,Medium,60.48
STU10807,Robert Gonzales,17,Male,79.31,38.43,87.3,74.04,70.92,Yes,4,Medium,78.12
STU10808,Patricia Young PhD,22,Male,93.94,16.71,74.41,56.64,69.57,Yes,1,High,72.25
STU10809,Heather Page,21,Male,81.76,10.09,68.46,47.22,68.34,Yes,1,Medium,54.33
STU10810,Carol Taylor,19,Female,70.72,19.91,77.86,47.18,65.5,Yes,0,Medium,62.95
STU10811,Daniel Brown,19,Female,83.47,3.48,66.54,32.01,46.2,No,0,Medium,32.46
STU10812,Douglas Ryan,17,Male,72.49,17.36,,,48.95,Yes,1,Medium,67.97
STU10813,Michael Roberts,20,M,69.66,18.11,63.16,50.39,68.16,Yes,1,Medium,68.63
STU10814,Scott Duke,20,Male,64.15,23.56,70.36,57.09,70.74,No,2,High,68.56
STU10815,Anna Estes,21,Other,56.98,24.82,73.87,52.65,55.96,No,0,Medium,63.28
STU10816,Tamara Riddle,17,Male,73.32,14.48,87.43,42.14,51.69,No,1,Low,51.49
STU10817,Beth Cline,19,Female,79.9,,75.61,40.59,62.64,Yes,2,Medium,53.17
STU10818,Michael Poole,20,Female,76.84,,80.69,48.33,59.68,No,1,Medium,48.37
STU10819,Megan Burns,17,Male,73.01,10.1,68.94,41.5,52.78,No,2,Medium,57.81
STU10820,Debra Perry,23,Male,66.65,20.17,70.59,40.21,57.28,Yes,2,Medium,49.25
STU10821,Mark Beard,20,Male,,9.08,70.15,39.15,58.08,No,1,High,53.92
STU10822,Jose Ramirez,22,Female,62.19,15.1,67.5,46.87,45.09,No,4,Low,47.31
STU10823,Jackie Clements,23,Female,87.31,11.03,79.22,36.42,56.39,No,1,Medium,54.71
STU10824,Aaron Schroeder,24,Female,65.97,21.85,86.57,64.17,68.89,Yes,3,Medium,67.4
STU10825,Monica Ellis,20,Female,68.97,30.61,86.51,60.77,67.53,Yes,3,Medium,53.62
STU10826,Heather Brown,19,Male,60.4,8.89,72.75,48.65,55.52,Yes,0,High,54.92
STU10827,Claudia Jordan,18,Other,71.98,5.03,56.5,25.71,49.55,Yes,5,Medium,51.15
STU10828,Derrick Clayton,23,Female,89.7,17.13,76.78,41.07,57.66,No,3,High,56.99
STU10829,Kenneth Knight,24,Male,84.19,,73.16,44.2,59.54,Yes,1,Medium,52.67
STU10830,Mr. Michael Williams,21,Other,89.74,19.53,84.55,53.01,46.1,No,1,Low,62.11
STU10831,Richard Stevens,21,Female,84.27,14.88,73.52,42.27,55.22,Yes,2,Medium,53.86
STU10832,Scott Alexander,19,Female,64.76,16.6,76.78,46.32,60.02,Yes,3,Medium,58.12
STU10833,Tyler Harris,20,Female,74.03,20.57,69.92,50.26,54.73,No,1,Medium,53.44
STU10834,Bonnie Santos,17,Female,68.64,25.28,79.59,54.85,57.44,Yes,1,Low,57.33
STU10835,Timothy Hill,20,Female,93.97,4.31,76.84,37.56,53.44,No,0,Medium,64.69
STU10836,Danielle Watson,19,Male,63.64,15.42,53.09,24.26,46.35,No,0,Medium,45.92
STU10837,Carol Sanders,21,Male,88.72,19.5,95.0,61.09,75.35,Yes,1,Low,59.74
STU10838,Michael Young,20,Female,88.72,11.57,73.04,41.5,63.57,Yes,0,Medium,56.24
STU10839,Michele Smith,21,M,99.96,30.12,77.88,70.41,62.64,Yes,0,High,69.94
STU10840,Casey Perez,23,Male,,13.55,72.69,36.97,52.05,No,1,Medium,52.46
STU10841,Alexandra Dominguez,24,Male,86.55,17.71,79.73,37.39,56.96,Yes,0,High,67.66
STU10842,Virginia Henderson,17,male,100.0,21.89,86.86,60.93,70.7,No,2,Medium,68.74
STU10843,Benjamin Reyes,23,Female,70.59,13.86,78.72,48.94,54.7,Yes,3,Medium,56.89
STU10844,Ashley Edwards,21,Female,59.58,5.07,65.89,26.65,,No,2,Medium,26.06
STU10845,Breanna Ayala,21,Male,55.44,15.0,68.79,32.25,50.88,No,1,Medium,55.76
STU10846,Brandi Haney,18,Male,86.55,25.21,89.06,71.0,61.73,Yes,3,Medium,68.03
STU10847,Joseph Smith,18,Male,55.4,15.64,66.07,52.14,62.59,Yes,1,Medium,56.76
STU10848,Jessica Bowen,23,Female,73.53,12.07,84.6,30.32,57.28,Yes,4,Medium,56.94
STU10849,Brittany Jenkins,22,Female,83.25,24.48,71.89,48.73,59.18,Yes,1,Low,51.69
STU10850,Shannon Miller,23,Male,80.22,15.68,76.74,58.73,69.08,Yes,1,High,65.04
STU10851,Paul Lawrence,18,Female,83.11,14.43,76.15,42.48,49.78,Yes,2,Medium,50.36
STU10852,Victor Edwards,21,Female,80.67,19.05,84.98,50.04,,No,3,Medium,69.44
STU10853,Donald Miller,19,Female,93.35,23.4,79.64,52.57,64.9,No,0,Medium,47.61
STU10854,Lindsay Lawson,23,Female,66.57,34.67,72.09,,64.78,No,1,High,55.59
STU10855,Melissa Abbott,21,Male,69.88,23.79,79.74,42.98,56.16,Yes,0,Medium,55.38
STU10856,Elizabeth Holmes,19,Female,68.73,26.12,82.2,65.25,67.38,No,1,Medium,74.05
STU10857,Nicole Phillips,19,Male,87.96,14.46,89.27,38.84,58.83,Yes,2,High,68.65
STU10858,Steven Blevins,18,Female,88.8,10.82,64.57,39.44,58.3,Yes,2,High,46.86
STU10859,Brian Porter MD,23,Female,83.41,18.44,88.18,60.64,78.59,Yes,2,Low,65.88
STU10860,Vanessa Hatfield,20,Female,92.2,18.75,95.0,47.59,74.18,Yes,4,Medium,73.76
STU10861,Bonnie Valencia,17,Female,63.86,10.45,62.69,30.1,44.82,Yes,1,High,64.5
STU10862,Holly Vega,18,Male,98.01,16.77,72.39,54.49,69.34,Yes,2,High,65.55
STU10863,Tiffany Townsend,18,Female,96.28,20.8,82.08,57.3,72.21,No,0,Medium,58.2
STU10864,Austin Baker,20,Other,86.83,20.52,81.92,48.96,,Yes,1,Medium,66.15
STU10865,Antonio Mccormick,17,Female,99.38,21.53,91.52,66.82,82.36,No,3,Medium,73.09
STU10866,Lori Mason,21,Male,58.12,20.04,66.64,54.46,60.21,Yes,3,Medium,59.24
STU10867,Michael Miller,22,Male,71.71,14.45,84.1,51.29,60.34,Yes,0,Medium,64.92
STU10868,Lisa Ramirez,23,Male,69.18,14.4,61.82,33.04,51.25,Yes,2,Low,48.56
STU10869,Jorge Harris,22,Female,86.66,9.61,59.1,31.39,48.08,No,1,High,54.26
STU10870,Kimberly Myers,21,Female,65.4,30.49,91.14,67.41,61.75,Yes,1,High,80.98
STU10871,Sandra Becker,24,Male,87.09,18.09,61.76,40.95,53.01,Yes,4,Medium,52.54
STU10872,Michael Blair,18,Female,94.45,16.43,79.56,55.52,66.45,Yes,0,Medium,56.69
STU10873,Amy Miller,17,Female,86.34,11.5,95.0,41.24,,Yes,0,Medium,62.76
STU10874,Jesse Lynch,18,Female,,38.55,94.24,62.79,75.76,No,0,Medium,62.37
STU10875,Patrick Yang,19,Female,66.15,10.49,57.57,35.56,29.65,Yes,1,Medium,34.68
STU10876,Michael Miles,18,Female,67.84,15.0,70.28,40.18,68.4,Yes,3,Medium,50.86
STU10877,Troy Mills,18,Female,93.0,20.91,83.87,50.08,74.95,No,1,Medium,56.86
STU10878,Michelle Jackson,21,Male,,22.2,84.62,43.46,60.87,Yes,2,Medium,70.45
STU10879,Richard Adams,21,Female,77.53,24.71,87.2,59.14,66.3,No,1,High,67.52
STU10880,Patricia Johnson,21,Female,72.99,30.65,76.75,58.69,63.63,No,0,Low,63.49
STU10881,Denise Brown,22,Female,53.69,21.54,84.53,59.85,56.19,No,3,Medium,60.78
STU10882,Laura Jones,19,Female,,10.61,68.25,39.68,51.81,Yes,2,High,52.43
STU10883,Ian Porter,24,Female,100.0,16.2,88.78,51.98,68.96,No,2,Medium,72.55
STU10884,Holly Scott,24,Male,62.63,20.15,68.02,54.97,54.74,Yes,1,Medium,52.32
STU10885,Kenneth Sharp,21,Male,80.27,32.48,95.0,59.54,70.5,No,0,Medium,67.27
STU10886,Jordan Williams,17,Male,90.09,8.22,71.05,42.3,50.76,Yes,2,High,53.15
STU10887,Dana Ruiz,22,Male,62.94,26.42,80.38,45.61,56.05,Yes,2,Low,64.42
STU10888,Chris Velazquez,20,Female,80.22,19.26,71.02,41.5,56.86,No,2,Medium,53.89
STU10889,Kristen Sloan,17,Other,89.25,23.86,77.36,45.41,62.19,Yes,1,Low,63.25
STU10890,Jennifer Morris,23,Male,78.15,17.29,81.69,56.06,62.37,No,2,Medium,56.39
STU10891,Nathan Nelson,23,Male,100.0,12.1,76.13,43.48,69.89,No,2,Medium,67.14
STU10892,Jake Shaw,17,Female,57.98,23.26,67.07,48.69,49.53,Yes,1,Medium,58.13
STU10893,Cassie Brock,21,Male,90.7,22.58,79.67,46.17,64.1,Yes,3,High,54.81
STU10894,Dr. Andrea Marshall,20,Female,75.93,24.8,87.01,56.9,,Yes,4,High,70.12
STU10895,Ryan Murphy,20,Female,87.26,17.91,74.84,42.66,58.72,No,0,Medium,57.77
STU10896,Aimee Gonzalez,22,Female,83.3,13.8,74.25,47.14,60.89,Yes,4,Medium,56.97
STU10897,Elizabeth Dean,20,Male,69.2,7.09,65.01,,46.02,No,1,Medium,54.24
STU10898,Kevin Snyder,23,Male,,23.74,66.91,58.41,68.13,No,4,High,55.25
STU10899,Christie Mccullough,19,Female,55.71,20.97,59.5,31.82,41.37,No,2,Medium,39.97
STU10900,Danielle Smith,21,Female,85.24,11.24,,37.78,65.19,No,5,Low,47.68
STU10901,David Reed,20,Male,,14.23,69.04,54.19,59.45,No,2,High,67.09
STU10902,Sherry Tapia,22,Female,85.66,,85.22,47.09,58.31,Yes,0,High,56.9
STU10903,Matthew Sweeney,23,Male,90.7,7.62,80.57,33.15,62.53,Yes,2,Medium,45.3
STU10904,Ashley Moreno,19,Female,82.41,12.28,79.42,47.09,59.08,Yes,3,High,65.3
STU10905,Johnathan Brown,18,Male,79.78,10.06,85.53,43.21,64.45,No,2,High,60.36
STU10906,Michelle Davis DVM,18,Female,67.43,15.11,70.02,37.75,34.7,No,1,Medium,52.89
STU10907,Kelly Haynes,19,Male,69.45,12.83,74.76,36.24,52.51,No,1,Medium,56.35
STU10908,William Miller,23,Male,92.24,6.61,67.9,55.22,60.0,No,3,High,60.15
STU10909,Casey Wilkins,22,Male,95.24,32.16,95.0,66.72,69.28,Yes,2,Medium,63.67
STU10910,Keith Graham,19,Male,75.14,26.77,95.0,50.69,61.71,Yes,3,,56.46
STU10911,Cynthia Green,21,Female,78.55,,72.63,53.18,56.59,Yes,5,Medium,45.56
STU10912,Robert Haynes,21,Other,67.14,19.91,77.52,55.09,59.03,Yes,1,High,61.37
STU10913,Emily Nelson,18,Male,92.07,20.92,94.84,54.05,62.18,No,1,High,63.66
STU10914,Dale Chan,20,Male,85.99,26.34,84.99,52.78,67.36,Yes,3,Low,61.98
STU10915,Brittney Martin,22,Female,100.0,12.27,74.56,48.08,72.4,No,2,High,66.68
STU10916,Jason Herrera,18,Female,67.46,25.64,86.12,57.54,64.53,No,2,High,78.12
STU10917,Christine Parker,20,Female,73.46,14.16,72.67,30.55,55.71,Yes,2,High,59.78
STU10918,Bryan Moore,20,Male,80.78,8.65,71.66,51.67,66.34,Yes,1,Low,57.17
STU10919,Samantha Terry,24,Male,85.76,23.07,76.8,49.98,69.39,Yes,5,Medium,53.07
STU10920,Russell Murphy,21,Female,75.41,27.04,69.28,63.27,73.0,Yes,0,Medium,65.31
STU10921,David Kelly,23,Male,67.52,36.12,89.41,78.08,68.04,No,2,Medium,75.23
STU10922,Megan Green,17,Female,88.58,9.6,80.92,37.09,55.09,Yes,2,Medium,59.84
STU10923,Amanda Sullivan MD,23,Male,86.65,22.89,81.84,62.37,72.75,No,1,High,62.13
STU10924,Danielle Murray,17,Female,67.0,15.13,82.05,44.47,61.18,No,0,Medium,53.28
STU10925,Brenda Smith,19,Male,,23.48,81.15,42.24,67.35,Yes,0,High,67.69
STU10926,Vickie Anderson,21,Female,92.04,7.71,64.94,32.42,65.18,No,1,Medium,50.87
STU10927,Jacqueline Mccoy,20,Female,79.61,9.16,69.65,41.46,55.38,No,1,Medium,48.06
STU10928,Lauren Green,22,Female,78.96,12.57,72.03,39.23,57.63,No,3,Low,35.36
STU10929,Alison Brown,17,Male,84.65,18.55,85.63,51.23,58.9,Yes,2,Medium,57.2
STU10930,Jill Anderson,23,Female,67.66,13.51,63.29,47.3,65.27,Yes,2,Medium,57.37
STU10931,Sandra Rivera,20,Female,78.36,22.61,91.46,59.99,66.01,Yes,1,High,76.06
STU10932,Joel Jackson,17,Female,52.17,25.19,89.15,54.36,56.96,Yes,1,Medium,60.08
STU10933,Samantha Foster,17,Female,88.52,22.2,83.43,60.21,66.15,No,3,Medium,72.29
STU10934,Michael Thompson,24,Female,59.26,29.33,89.2,64.99,60.45,No,2,Medium,61.69
STU10935,Cody Ramirez,17,Female,96.04,20.91,76.89,33.68,54.49,No,0,Low,47.13
STU10936,Amanda Harvey,22,Male,,9.48,77.1,45.28,54.35,Yes,2,Medium,52.27
STU10937,Edward Jenkins,21,Female,75.46,27.54,91.82,66.1,61.35,Yes,2,Medium,70.87
STU10938,Amy Ramirez,22,Female,70.47,13.76,77.58,46.06,52.3,No,3,Medium,51.56
STU10939,Curtis Wilkerson,18,Male,74.54,24.37,80.46,61.95,76.15,Yes,1,High,65.86
STU10940,Lydia Pham,20,Male,95.02,29.02,67.84,49.03,65.68,Yes,2,Medium,52.5
STU10941,Virginia Casey,21,Male,48.15,21.2,63.67,47.97,53.48,Yes,1,High,47.85
STU10942,Joshua Washington,24,Female,93.32,7.53,68.68,25.96,60.08,Yes,2,Medium,51.3
STU10943,Kathryn Price,21,Female,82.06,11.57,65.15,41.43,65.56,No,3,High,53.68
STU10944,Francis Robinson,21,Female,63.52,27.26,80.02,71.49,54.28,Yes,2,Medium,55.66
STU10945,Paula Brown,23,Female,,16.82,67.88,37.04,42.22,No,1,Medium,57.73
STU10946,Kendra Wang DVM,21,Male,98.12,18.56,77.59,44.44,58.54,No,1,Medium,63.74
STU10947,Ariel Sandoval,24,Male,66.65,23.31,68.51,44.51,49.98,Yes,1,High,71.94
STU10948,Robert Stark,22,Male,64.16,22.87,70.03,50.72,53.0,No,2,Medium,42.22
STU10949,Zachary Robinson,21,Male,91.65,19.95,92.01,,65.31,Yes,2,Medium,68.65
STU10950,Rebecca Kelly,19,Male,82.06,16.54,71.67,48.43,60.28,No,4,Medium,53.84
STU10951,Sarah Thompson,20,Male,66.74,15.81,66.89,48.68,54.0,Yes,3,Medium,54.14
STU10952,Renee Wolfe,21,Female,80.6,24.01,78.76,58.39,,No,3,Medium,74.04
STU10953,Alyssa Haynes,20,Female,65.69,21.87,78.2,,40.94,Yes,2,Low,36.9
STU10954,Kristy Hart,19,Other,91.21,16.2,83.53,57.51,62.04,No,2,Medium,58.82
STU10955,William Keith,19,Female,90.74,25.57,62.86,55.31,57.6,No,1,Medium,53.24
STU10956,Eric Henry Jr.,20,Female,84.38,17.1,86.38,58.36,65.96,Yes,1,Medium,61.67
STU10957,Daniel Fox,17,Male,82.34,12.04,84.94,50.46,56.95,No,0,Medium,43.7
STU10958,Thomas Harris,18,Female,99.13,12.69,71.45,43.84,58.62,Yes,0,Low,65.48
STU10959,Mitchell Sellers,23,Female,78.0,11.15,63.44,44.69,47.39,Yes,3,High,64.12
STU10960,Erica Johnson,17,Male,63.82,16.09,66.61,56.31,54.89,No,0,Medium,57.37
STU10961,Sylvia Schroeder,17,Male,83.39,26.64,79.45,50.39,55.88,No,3,High,53.07
STU10962,Shannon Yu,22,Female,100.0,12.36,81.68,54.2,63.38,Yes,2,Medium,66.82
STU10963,Tom Foster,23,Male,65.82,19.32,57.92,40.92,,Yes,3,High,56.68
STU10964,Eric Taylor,23,Female,73.66,13.4,62.56,37.97,49.55,No,3,Medium,51.27
STU10965,Travis Conner,17,Female,83.0,16.18,89.3,42.37,57.17,No,2,Medium,58.16
STU10966,Marie Thompson,21,Male,77.35,7.43,60.59,31.22,53.88,Yes,0,Medium,59.42
STU10967,Melissa Mcfarland,22,Male,66.21,16.46,81.29,42.76,58.34,Yes,2,High,54.83
STU10968,Courtney Chapman,22,Male,91.46,16.64,83.17,47.49,64.02,No,1,Medium,60.17
STU10969,Eric Barker,19,Male,100.0,21.78,72.95,42.57,57.0,No,1,Medium,63.0
STU10970,Nicholas Rush,24,Male,80.35,19.56,83.86,50.24,65.11,No,1,Low,60.31
STU10971,Jenna Gamble,23,Female,67.15,9.61,65.25,34.21,52.48,Yes,1,Medium,53.45
STU10972,Amanda Guzman,17,Male,59.41,25.59,72.62,53.83,56.34,No,0,Medium,58.86
STU10973,Tracy Walker,19,Female,81.1,19.47,80.92,40.69,68.41,No,2,Low,60.18
STU10974,Taylor Taylor,20,Male,91.25,19.39,86.24,44.2,66.91,Yes,0,Medium,61.86
STU10975,Cynthia Haas,18,Female,83.7,,84.31,54.82,70.89,No,1,Medium,58.91
STU10976,Stephen Davis,24,Male,77.97,14.38,83.22,43.37,60.44,No,2,High,61.24
STU10977,Margaret Tanner,24,Male,70.93,,78.71,58.56,65.9,Yes,3,Low,70.07
STU10978,Derek Wright,24,Female,64.89,21.33,,47.34,47.14,No,3,Medium,49.77
STU10979,David Rodriguez,22,Female,88.02,5.77,66.63,38.85,52.84,No,0,High,58.57
STU10980,James Oconnor,20,Male,88.97,14.23,95.0,64.01,75.24,No,1,Medium,69.88
STU10981,Stacey Snyder,24,Female,59.45,16.22,74.58,44.36,54.82,No,1,Medium,66.08
STU10982,Joshua Garcia,20,Male,97.08,19.79,95.0,54.56,74.91,Yes,0,High,73.21
STU10983,Sean Curtis,21,Female,84.89,26.35,95.0,69.93,80.8,Yes,2,Medium,79.09
STU10984,Carla Jones,24,Male,94.8,12.6,80.19,49.73,,No,0,Medium,54.21
STU10985,Elizabeth Flores,18,Male,61.89,14.51,70.69,42.11,45.57,Yes,0,High,45.57
STU10986,Angela Jackson,20,Female,61.61,14.41,67.8,51.78,55.24,Yes,0,High,57.08
STU10987,Nicholas Payne,20,Female,76.21,12.39,57.68,34.38,44.05,Yes,2,Medium,55.98
STU10988,Anna Wheeler,18,Male,84.03,15.57,77.01,47.34,80.95,Yes,1,Low,66.48
STU10989,Karen Johnson,24,Female,99.56,23.4,95.0,61.62,78.05,No,2,Medium,57.67
STU10990,Carmen Preston,18,Female,86.47,10.62,68.97,32.99,53.39,Yes,1,Low,55.43
STU10991,Brian Harris,20,Male,75.09,20.99,81.37,53.96,58.98,Yes,3,Low,47.5
STU10992,Michael Bowen,18,Female,65.68,6.09,69.67,46.0,50.54,No,3,Medium,55.41
STU10993,Deborah Campbell,20,Male,92.76,14.07,71.45,46.52,61.09,No,1,High,64.7
STU10994,Anthony Armstrong,20,Female,66.42,15.69,67.19,43.01,52.49,No,1,High,52.43
STU10995,Brittany Ward,21,Female,97.54,29.72,84.78,60.8,68.36,No,3,Medium,73.38
STU10996,Edward Stanley,17,Female,74.59,16.08,67.39,45.5,53.15,No,0,Medium,50.62
STU10997,Christina Johnson,20,Male,97.09,2.59,60.75,34.66,62.69,No,1,Low,50.75
STU10998,Edgar Miller,24,Male,86.15,4.01,61.15,34.99,60.44,No,0,Medium,40.79
STU10999,Elizabeth Sanders,19,Male,76.36,18.24,87.67,51.72,65.0,No,1,Low,56.52
STU11000,Matthew Davis MD,22,Male,71.77,22.3,70.63,51.89,49.25,Yes,4,High,65.39
STU11001,Stephen Wood,23,Male,73.91,20.63,78.38,55.13,64.52,No,2,Low,47.7
STU11002,Dennis Marshall,17,Female,83.14,19.17,75.41,42.22,67.51,Yes,2,High,69.48
STU11003,Derrick Brown,17,Male,78.93,26.14,92.96,63.92,78.21,Yes,3,Medium,57.56
STU11004,Mary Miller,17,Male,70.87,14.22,81.67,33.0,58.18,Yes,1,Medium,46.92
STU11005,Joshua Arellano,21,Female,76.01,24.26,87.93,62.36,75.74,Yes,2,Medium,66.83
STU11006,Kristen Randall,20,Male,78.94,6.58,70.34,41.54,55.7,No,0,Medium,53.2
STU11007,Jennifer Nichols,21,Female,52.46,,60.84,,49.82,No,2,High,44.62
STU11008,Karen Keith,20,Male,83.5,5.35,58.97,28.05,44.3,No,3,High,43.61
STU11009,Blake Orr,24,Female,66.24,16.08,86.59,53.99,63.19,No,0,Medium,67.01
STU11010,Kathryn Lester,21,Male,64.16,17.68,65.52,53.59,62.43,Yes,3,Medium,65.03
STU11011,Megan Oliver,21,Male,57.75,18.8,75.56,58.94,54.2,No,1,Medium,51.96
STU11012,Peter Thompson,22,Female,56.47,18.43,77.99,49.64,49.72,Yes,5,High,54.43
STU11013,Dr. Rhonda Martinez,19,Male,61.73,11.51,61.37,37.8,47.66,No,2,High,46.73
STU11014,William Graham,21,Female,69.49,16.67,80.96,57.54,60.44,Yes,2,Medium,76.26
STU11015,Lori Flowers MD,22,Male,100.0,7.52,82.13,32.47,64.9,Yes,5,Medium,60.39
STU11016,Suzanne Jones,18,Male,71.69,27.54,95.0,62.52,65.59,No,2,Medium,76.78
STU11017,James Nguyen,19,Female,80.13,15.87,71.99,54.44,71.0,No,2,Medium,65.56
STU11018,Jimmy Marks,24,Male,82.81,14.58,65.36,47.9,49.34,No,0,Low,48.86
STU11019,Lisa Mills,21,Female,79.57,29.12,82.1,62.83,74.04,No,0,Medium,62.27
STU11020,Jason Hernandez,23,Other,77.07,9.3,71.09,28.89,46.12,Yes,2,High,57.94
STU11021,Olivia Ayers,17,Female,63.66,10.12,65.84,37.38,37.97,No,2,Medium,38.7
STU11022,Kristine Garcia,18,Female,95.41,10.33,73.51,37.21,60.36,No,2,Low,50.39
STU11023,Joseph Cooper,18,Male,99.69,17.52,68.64,47.22,60.51,Yes,2,High,68.49
STU11024,James Washington,24,Male,57.81,21.02,75.81,45.27,46.38,Yes,3,Medium,50.95
STU11025,Amanda Hill,22,Male,65.71,23.18,92.32,52.91,52.55,Yes,0,Medium,57.75
STU11026,Lee Steele,18,Female,74.64,36.0,93.64,56.49,66.47,No,2,Medium,64.09
STU11027,Steve Rivera,19,Other,66.43,2.25,64.93,39.57,55.79,Yes,2,Medium,45.34
STU11028,Patrick Mccall,21,Male,84.07,22.26,86.81,54.08,69.5,Yes,0,Medium,69.65
STU11029,Alicia Roth,21,Female,69.26,14.1,73.7,45.54,55.71,Yes,2,,55.53
STU11030,Douglas Vasquez,23,Male,100.0,13.9,88.57,50.96,72.28,No,2,High,59.57
STU11031,Annette Melton,24,Female,92.29,13.66,81.39,40.08,61.36,No,2,,55.11
STU11032,William Ramos,17,Male,80.55,11.64,70.0,32.0,43.76,No,2,High,48.6
STU11033,Debra Butler,22,Other,90.32,29.79,84.08,54.63,58.4,Yes,5,Medium,62.74
STU11034,Chelsea Lewis,17,Female,91.27,23.9,84.07,51.89,64.98,Yes,3,High,72.9
STU11035,Natalie Malone,18,Male,71.23,18.16,76.97,51.73,58.04,Yes,2,Medium,53.75
STU11036,Samantha Robertson,24,Male,68.21,27.46,78.31,51.63,63.72,No,0,Medium,78.2
STU11037,Eric Hunter,23,Male,78.94,7.41,71.07,50.14,63.15,Yes,0,Medium,67.68
STU11038,Samuel Suarez,17,Male,88.34,8.69,76.38,48.51,65.61,Yes,1,Medium,70.6
STU11039,Corey Whitaker,19,Male,79.67,2.75,71.75,40.15,53.81,No,1,Low,40.96
STU11040,Danielle Bryant,21,Female,59.08,13.1,76.42,44.04,44.82,Yes,4,High,39.91
STU11041,Michele Hill,18,Female,68.37,19.13,74.86,59.59,62.88,No,1,Low,53.36
STU11042,Kathy Reid,23,Female,77.11,18.72,66.5,43.38,57.56,Yes,2,Low,54.8
STU11043,Andre Watson,17,Male,77.09,19.05,74.46,48.52,44.26,No,4,Medium,51.95
STU11044,Cassandra Harrell,22,Female,100.0,8.12,76.85,42.27,57.84,Yes,1,High,58.79
STU11045,Hannah Martin,19,Female,61.37,23.62,60.69,51.12,47.3,Yes,2,Low,36.75
STU11046,Nicole Barker,19,Male,84.07,19.68,91.27,61.27,70.56,Yes,5,High,67.01
STU11047,James Martin,17,Female,,23.13,88.2,,64.81,No,1,High,66.96
STU11048,Traci Vincent,21,Female,100.0,4.75,76.85,34.65,59.96,No,2,Medium,52.53
STU11049,Megan Adams,17,Male,,20.18,87.67,60.08,64.35,Yes,0,Medium,61.13
STU11050,Alejandro Deleon,18,Male,83.9,9.69,67.07,42.94,55.17,No,1,High,50.24
STU11051,Alexa Buck,17,Female,84.84,15.22,81.46,46.08,57.48,No,0,Medium,69.47
STU11052,Lindsay Smith,19,Male,80.35,21.74,79.63,42.12,54.88,No,1,Medium,61.34
STU11053,Robert Torres,23,Female,76.81,18.64,75.32,47.35,51.89,No,1,High,64.52
STU11054,Maria Coleman,17,Female,83.23,12.04,67.58,44.41,58.91,Yes,0,High,61.33
STU11055,Gregory King,21,Female,47.61,18.04,79.42,62.81,61.14,No,2,High,50.24
STU11056,Michael Holloway,24,Male,86.18,7.28,67.98,28.03,47.13,Yes,1,Medium,55.17
STU11057,Brian Hunt,23,Male,79.51,26.05,89.27,58.03,76.09,Yes,1,Medium,78.75
STU11058,Sarah Brooks,22,Female,75.33,16.56,59.62,37.35,47.9,Yes,2,Medium,60.61
STU11059,Lisa Evans,20,Female,100.0,25.83,95.0,72.9,88.2,No,0,Medium,81.87
STU11060,Arthur Mcneil,17,Male,69.9,14.31,79.33,46.91,53.84,No,1,Medium,54.35
STU11061,Shannon Green,21,Female,73.16,14.33,72.85,37.9,41.25,No,1,Medium,48.58
STU11062,Stephanie Evans,23,Female,100.0,12.65,78.31,49.27,68.15,No,2,Medium,66.08
STU11063,Ralph Yoder,21,Male,68.02,24.13,81.31,53.06,61.46,No,2,High,50.58
STU11064,Rebekah Greene,22,Male,71.4,13.03,88.73,41.78,59.3,Yes,3,High,66.06
STU11065,Melanie Griffith,19,Female,76.24,22.51,65.59,41.27,49.33,Yes,3,High,53.12
STU11066,Yolanda Green,21,Male,88.09,,84.35,62.35,68.94,Yes,0,Low,79.55
STU11067,James Johnson,23,Male,80.49,4.17,59.21,32.67,46.25,Yes,2,Low,42.54
STU11068,Laura Lee,21,Male,62.49,14.01,67.92,42.52,49.07,Yes,0,High,55.19
STU11069,Courtney Nichols,21,Male,71.61,9.75,,35.69,55.21,Yes,0,Medium,52.33
STU11070,Susan Powers,21,Female,70.71,18.24,70.91,48.55,57.05,No,2,Medium,49.65
STU11071,Sarah Pittman,18,Female,77.07,9.67,69.63,41.03,58.18,No,1,Low,52.89
STU11072,Catherine Davis,18,Male,83.11,24.48,74.6,55.2,61.09,No,1,Medium,62.77
STU11073,David Stokes,19,Female,,17.36,86.18,53.47,63.27,No,1,Medium,68.97
STU11074,Catherine Frazier,17,Female,56.69,16.76,53.89,43.74,38.73,Yes,3,High,53.27
STU11075,Brandon Kelly,21,Female,90.77,22.59,89.16,58.36,67.64,No,3,High,70.73
STU11076,Elizabeth French,22,Male,81.03,24.75,80.55,49.2,41.71,Yes,2,Medium,51.51
STU11077,David Carter,17,Male,94.61,17.86,73.04,42.87,57.03,Yes,0,Medium,53.78
STU11078,Julie Delacruz,22,Other,83.33,12.6,75.87,30.37,53.73,No,3,High,66.67
STU11079,Terry Jones,17,Female,91.22,5.58,58.94,45.17,59.68,Yes,1,Medium,55.87
STU11080,Kathryn Dillon,19,Male,83.6,13.2,75.14,50.41,59.47,Yes,3,Medium,74.03
STU11081,Edwin Brown,21,Male,94.15,13.68,67.51,35.51,58.31,Yes,5,High,53.63
STU11082,Brenda Gonzalez,21,Male,84.27,18.75,83.18,50.46,50.6,No,1,High,76.19
STU11083,Keith Knox,20,Female,76.83,15.58,66.96,38.14,52.3,No,3,High,47.35
STU11084,Eugene Baldwin,22,Female,100.0,22.82,84.64,67.14,63.82,Yes,4,Medium,66.66
STU11085,Katherine Welch,17,Female,88.67,13.71,79.35,,51.58,No,1,Medium,57.56
STU11086,Mark Smith,17,Male,84.88,17.6,72.61,47.56,58.53,Yes,2,High,69.02
STU11087,Philip Jackson,24,Female,62.68,,77.51,55.15,65.88,Yes,2,Low,63.09
STU11088,Katherine Gallagher,24,Female,62.54,20.39,61.09,49.59,53.55,Yes,0,High,42.57
STU11089,Lucas Schultz,18,Male,81.51,17.58,82.64,50.52,62.96,No,5,Medium,56.23
STU11090,Vincent Reyes,20,Female,79.75,13.79,88.06,38.35,59.66,Yes,1,High,54.21
STU11091,Curtis Watson,23,Other,70.63,13.57,92.91,50.91,59.07,No,3,Medium,49.49
STU11092,Frank Whitaker,24,Male,79.69,12.05,73.26,35.8,51.17,Yes,4,Medium,53.25
STU11093,Michael Sims,23,Female,97.06,14.21,86.65,50.92,70.65,Yes,0,Medium,52.09
STU11094,Michael Cooper,18,Male,86.34,23.29,69.61,59.99,55.15,No,1,Medium,66.15
STU11095,James Chapman,18,Female,64.31,16.45,82.69,38.19,57.81,Yes,2,Medium,60.95
STU11096,Rodney Evans,18,Female,76.66,8.55,74.88,34.94,51.53,Yes,1,Medium,63.96
STU11097,Nicholas Carlson,22,Female,68.34,30.38,79.35,56.14,65.49,Yes,1,High,58.81
STU11098,Stephen Cowan,22,Female,73.35,,86.76,52.56,68.53,No,3,Medium,55.26
STU11099,Steven Howard,19,Male,73.04,8.15,65.05,40.97,42.08,No,3,Medium,54.27
STU11100,Travis Hull,19,Female,72.27,14.91,68.56,,49.69,Yes,2,Low,57.42
STU11101,Darryl Acosta,18,Female,62.94,18.78,75.85,52.07,51.58,Yes,1,High,68.18
STU11102,Nicholas Lawrence,20,Male,76.47,29.93,77.2,54.31,50.41,Yes,1,Medium,67.94
STU11103,Jacob Santos,17,Female,71.27,10.24,76.31,44.14,49.97,Yes,4,Medium,55.34
STU11104,Shawn Scott,22,Female,42.85,24.83,61.41,52.95,62.31,No,3,High,51.38
STU11105,Amber Vang,20,Male,100.0,27.8,83.84,54.84,73.0,No,2,Medium,73.3
STU11106,Martha Smith,21,M,91.07,13.6,70.47,,72.23,No,1,Medium,57.37
STU11107,Jennifer James,22,Female,73.48,,79.64,49.05,64.41,Yes,1,Medium,61.01
STU11108,Kara Hernandez,22,Male,78.23,10.75,66.04,45.63,50.89,No,5,High,51.73
STU11109,Lorraine Turner,19,Other,63.94,16.58,59.86,38.79,45.23,No,2,Medium,47.98
STU11110,Mary Nelson,17,Male,98.35,17.74,78.77,52.31,70.06,No,2,High,75.84
STU11111,Breanna Rivas,17,Male,100.0,22.62,87.84,57.34,74.04,No,2,High,69.49
STU11112,Nathan Wilson,24,Male,79.88,25.63,74.02,53.14,57.31,No,2,Medium,55.08
STU11113,Brian Gonzalez,23,Female,90.28,12.76,67.6,42.44,48.64,No,4,High,54.88
STU11114,Dennis Mills,23,Female,80.1,4.23,83.31,44.63,80.37,Yes,1,Medium,55.08
STU11115,Michael Phillips,23,Male,61.96,17.85,64.08,34.37,45.9,No,0,Medium,50.79
STU11116,Jon Clark,23,Male,73.06,20.05,74.03,59.39,59.31,Yes,0,Medium,61.29
STU11117,Erin Smith,21,Female,79.58,,75.71,36.85,56.19,No,1,High,57.21
STU11118,Susan Conley,21,Male,72.55,15.71,69.59,39.09,51.24,No,3,Medium,53.09
STU11119,Brittany Davis,22,Female,75.38,18.87,81.45,51.09,61.9,No,1,Medium,48.8
STU11120,Misty Garcia,18,Female,76.9,28.61,92.39,67.35,78.24,Yes,2,Medium,82.14
STU11121,David Hinton,19,Female,77.03,20.67,76.05,61.79,62.95,Yes,2,Medium,59.32
STU11122,John Garcia,19,Other,78.63,15.39,64.94,28.52,42.14,Yes,3,Low,42.71
STU11123,Andrew Roberts,23,Male,65.27,14.5,79.64,43.88,54.6,No,1,Medium,59.38
STU11124,Emily Rodgers,22,Other,69.4,16.81,71.97,30.95,46.99,No,4,,52.54
STU11125,Peter Williams,24,Female,62.58,29.46,94.31,66.23,75.66,No,1,Medium,81.82
STU11126,Mary Jackson,20,Female,89.73,16.72,61.82,43.09,63.09,Yes,4,Medium,50.96
STU11127,Jeffrey Howell,18,Male,52.73,17.86,69.31,56.61,54.44,No,2,Medium,45.82
STU11128,Anna Briggs,22,Female,91.84,14.62,94.19,54.93,62.77,No,5,High,59.12
STU11129,James Rivers,18,Male,94.64,25.69,85.85,66.5,65.33,Yes,3,High,73.79
STU11130,James Jefferson,18,Male,74.37,31.72,84.6,67.53,67.7,No,1,Medium,64.37
STU11131,Mariah Robles,18,Male,46.76,21.15,70.65,45.67,50.89,No,1,Low,41.31
STU11132,Michael Brown,22,Female,73.66,18.58,71.18,37.03,50.48,No,1,High,53.64
STU11133,Caitlin Perry,23,Female,77.23,18.26,,49.89,56.13,No,2,High,51.94
STU11134,Rebekah Gregory,19,Female,65.87,2.0,56.95,20.0,37.0,Yes,0,Medium,50.64
STU11135,James Howard,19,Female,71.82,23.22,73.69,60.8,61.2,No,0,Low,51.56
STU11136,Michael Roberson,23,Male,96.36,18.94,93.71,56.19,57.57,No,2,Low,57.67
STU11137,Bianca Knapp,18,Female,85.98,21.0,85.58,63.68,62.85,No,1,Medium,47.9
STU11138,Jason Williams,20,Male,66.91,13.02,70.84,38.93,47.84,No,5,Low,34.38
STU11139,Ernest Bush,17,Female,58.83,15.31,74.31,47.57,60.89,No,1,High,52.6
STU11140,Patricia Ray,22,Female,74.08,15.12,70.91,45.47,50.82,Yes,1,Medium,52.22
STU11141,Vanessa Santiago,17,Female,75.44,25.15,75.33,53.7,61.34,No,2,Medium,64.27
STU11142,Joseph Haynes,24,Female,83.95,15.35,71.84,41.58,58.45,Yes,0,High,49.72
STU11143,Matthew Wright,23,Male,71.58,32.58,86.13,67.57,75.17,Yes,1,High,76.32
STU11144,Michael Cruz,20,Male,84.14,21.02,72.79,43.08,65.53,Yes,1,High,67.7
STU11145,Kristin Huerta,22,Female,100.0,9.07,73.25,31.75,57.75,No,2,High,62.54
STU11146,Mason Moore,23,Male,87.79,17.1,75.28,56.25,61.37,No,2,Medium,67.63
STU11147,Sarah Booth,18,Male,77.42,13.44,89.85,56.27,62.02,Yes,1,High,58.22
STU11148,John Allen,19,Female,75.8,2.64,41.45,21.23,37.37,Yes,0,High,45.43
STU11149,Amber Walker,17,Female,73.72,29.2,82.72,72.24,65.93,No,1,Low,75.27
STU11150,Jennifer Young,21,Male,92.17,22.92,95.0,59.21,75.59,No,3,Medium,79.81
STU11151,Robert West,21,Male,70.47,21.73,78.03,61.76,65.16,No,2,Medium,74.32
STU11152,Jillian Wilson,20,Female,78.54,19.16,83.84,54.28,67.34,Yes,2,High,68.8
STU11153,Matthew Garcia MD,18,Female,78.61,8.33,69.97,30.98,59.04,Yes,3,Medium,48.85
STU11154,April Davis,24,Male,71.98,14.61,66.55,54.57,68.24,Yes,2,Medium,41.56
STU11155,Lisa Torres,17,Male,61.53,23.89,57.71,52.02,51.65,Yes,1,Low,40.97
STU11156,Christine Powers,18,Male,81.88,10.64,73.81,40.88,63.52,Yes,3,Medium,54.02
STU11157,Heidi Brown,17,Male,77.27,2.0,57.44,32.54,45.83,Yes,1,Low,40.93
STU11158,Jesse Castro,20,Male,84.0,16.41,71.13,42.31,64.26,Yes,2,Medium,53.27
STU11159,Kara Sandoval,20,Female,,17.01,69.67,50.76,62.94,Yes,0,High,63.49
STU11160,Ashley Malone,24,Female,92.65,18.95,95.0,41.17,72.12,No,0,Medium,66.37
STU11161,Glenn Gallegos,21,Female,67.48,,95.0,54.09,64.87,Yes,5,Medium,64.91
STU11162,Dorothy Boyd,18,Male,98.54,22.46,89.2,64.96,70.12,Yes,1,Medium,77.01
STU11163,Amber Martin,22,Female,57.03,19.81,67.09,44.29,41.52,No,3,Low,40.9
STU11164,Mitchell Griffith,21,Male,83.22,26.37,75.8,56.66,63.14,No,4,Medium,69.39
STU11165,Levi Lopez,18,Other,83.71,7.37,73.94,29.74,62.71,No,1,Low,41.65
STU11166,Jenna Bryant,21,Female,68.45,21.53,90.45,70.86,67.19,No,0,Medium,63.43
STU11167,Michelle Rodriguez,22,Male,83.09,22.39,80.01,62.25,71.27,No,1,Low,64.32
STU11168,Timothy Monroe,19,Female,,9.32,56.1,31.3,56.19,No,3,Low,33.5
STU11169,Patricia Hayes,19,Male,51.4,7.48,64.33,32.1,41.68,No,0,Medium,38.01
STU11170,Tina Taylor,24,Female,84.03,12.78,82.52,54.56,72.76,No,1,Medium,68.11
STU11171,Mr. Anthony Mcconnell PhD,19,Male,48.08,13.37,49.84,47.0,25.97,Yes,0,Low,34.09
STU11172,Mr. Thomas Thompson,19,Male,66.41,23.27,78.28,60.52,53.93,Yes,2,Medium,46.94
STU11173,Monica Anderson,23,Female,97.55,13.7,83.71,63.83,66.35,No,1,High,62.57
STU11174,Kyle Andrade,17,Male,71.02,12.01,68.88,34.14,45.45,Yes,2,High,43.0
STU11175,Janice Petty,23,Female,63.91,13.72,62.02,33.15,48.2,No,0,Low,46.2
STU11176,Pamela Hill,23,Male,75.62,25.83,90.26,52.96,66.26,Yes,1,Medium,66.25
STU11177,Tracy Chavez,24,Female,100.0,18.09,81.25,54.13,70.68,Yes,1,Medium,56.53
STU11178,Jason Graves,23,Female,120.0,16.75,56.12,39.88,48.38,No,1,Low,30.74
STU11179,Elizabeth Miles,19,Female,65.38,17.23,55.27,37.59,,Yes,1,High,43.99
STU11180,Michelle Walls,22,Male,95.97,27.04,95.0,70.05,69.7,No,1,High,75.11
STU11181,Christina Weber,24,Male,100.0,12.76,85.14,57.14,72.92,No,0,High,64.9
STU11182,Gregory Chambers,24,Male,76.76,27.21,84.34,49.04,57.87,No,2,High,65.19
STU11183,Miss Tina Gordon,20,Male,63.13,19.47,69.15,42.52,41.99,No,2,High,53.43
STU11184,Erica Wilson,24,Female,100.0,16.88,79.27,54.91,73.83,No,2,Medium,69.55
STU11185,John Duncan,20,Female,97.13,35.51,88.8,65.09,82.07,No,1,Medium,64.3
STU11186,Jennifer Adkins,24,Female,86.15,10.61,70.19,34.49,64.01,No,5,High,55.52
STU11187,Donna Boone,17,Female,68.25,15.52,54.35,44.01,,No,5,Medium,55.24
STU11188,Kelly Johnson,19,Female,77.41,9.37,63.7,27.14,51.72,No,0,Medium,42.41
STU11189,Michael Gonzalez,24,Female,76.08,24.67,78.87,53.12,69.49,No,0,Medium,56.19
STU11190,Candace Mitchell,19,Male,81.97,29.82,92.43,67.75,68.09,No,2,High,68.41
STU11191,Ryan Vaughn,19,Female,95.41,29.69,91.83,61.06,,Yes,2,Low,67.61
STU11192,Paul Johnson,21,Female,88.55,26.57,93.61,68.86,75.97,Yes,3,Medium,74.61
STU11193,Ashley Parrish,24,Female,65.07,16.62,81.86,46.15,62.46,Yes,2,High,57.4
STU11194,Sharon Newton,18,Male,94.52,15.44,88.9,62.22,73.19,Yes,0,High,58.88
STU11195,Cynthia Mueller,21,Male,81.76,6.3,72.42,36.75,62.81,No,1,High,65.04
STU11196,Donna Beck,18,Male,86.24,32.25,91.08,71.49,75.25,Yes,1,Medium,77.64
STU11197,Jasmine Frye,19,Female,95.6,21.28,77.64,57.19,58.3,No,5,Low,60.12
STU11198,Emily Arnold,19,Female,64.66,14.56,75.2,41.09,61.82,Yes,1,High,57.93
STU11199,David Oliver,21,Male,77.57,27.3,95.0,50.21,59.78,Yes,3,Medium,62.46
STU11200,Sheila Greer,21,Other,71.62,11.19,71.76,43.77,62.27,Yes,2,Medium,50.49
STU11201,Michele Holland,18,Male,,20.85,87.73,56.66,60.41,No,4,Medium,45.84
STU11202,Kimberly Morrison,20,Male,,16.79,64.98,46.57,63.39,Yes,1,Medium,69.39
STU11203,Tracey Phillips,18,Male,100.0,22.47,78.74,51.83,73.57,Yes,2,Medium,68.02
STU11204,Michael Lopez,21,Female,55.92,17.55,75.46,44.99,54.94,No,0,Medium,40.57
STU11205,Jose Bennett,22,Female,77.61,7.84,70.55,52.08,61.85,Yes,0,Medium,50.63
STU11206,Justin Anderson,21,Male,85.69,18.53,90.32,45.16,66.86,Yes,1,High,69.58
STU11207,Dawn Rivera,22,Female,79.48,25.34,82.97,62.75,54.64,No,2,Medium,63.52
STU11208,Brittney Hernandez,17,Male,76.64,17.8,69.12,41.32,55.07,Yes,2,Medium,49.79
STU11209,Anthony Randolph,21,Female,62.41,23.43,73.88,49.63,48.44,Yes,3,Medium,47.14
STU11210,Mary Henry,17,Female,80.79,10.68,59.56,33.13,50.69,Yes,3,Medium,45.93
STU11211,Heather Bowers,20,Female,68.92,17.82,64.35,37.58,42.83,Yes,3,High,38.6
STU11212,Daniel White,18,Male,51.72,13.63,71.78,47.2,43.88,No,1,Low,41.24
STU11213,Jonathan Perry,22,Other,92.34,23.23,92.88,70.11,85.12,Yes,1,High,75.96
STU11214,Anna Walker,18,Female,89.5,18.22,83.81,55.58,,No,0,Medium,76.07
STU11215,Gary Ward,17,Male,78.62,22.83,67.01,49.14,56.93,No,1,Medium,52.53
STU11216,Paul Moreno,22,Female,80.75,25.61,80.89,49.98,63.06,Yes,5,Low,61.66
STU11217,Samantha Zavala MD,18,Male,90.89,,75.29,55.77,63.34,No,1,Medium,73.29
STU11218,Jill Conway,21,Female,80.69,19.91,88.58,70.89,74.98,Yes,2,Medium,63.26
STU11219,Lisa Haley,19,Male,88.85,11.01,70.24,37.75,52.44,Yes,0,Medium,50.31
STU11220,Erica Moon,17,Female,74.43,17.98,66.75,41.79,59.22,Yes,1,Medium,51.6
STU11221,Janice Fernandez,18,Female,93.74,14.27,79.46,43.25,60.89,Yes,2,High,52.24
STU11222,Thomas Short,17,Male,81.85,15.59,71.0,41.0,53.59,No,1,High,54.58
STU11223,Robert Griffin,23,Male,80.33,,87.29,32.36,57.73,Yes,2,Medium,65.86
STU11224,Steven Lee,17,Male,62.76,11.14,60.0,38.75,43.7,No,1,Medium,50.68
STU11225,Tiffany Jackson,22,Male,81.44,4.3,55.75,22.61,46.97,No,0,Medium,51.55
STU11226,Kimberly Smith,23,Male,68.02,13.32,52.24,22.89,37.47,Yes,3,High,40.16
STU11227,Michael Ayala,24,Female,70.34,19.35,74.86,54.44,61.91,No,0,Medium,49.89
STU11228,Jessica Garcia,22,Male,68.22,8.56,61.23,26.83,52.11,No,2,Medium,60.95
STU11229,Michele Cherry,19,Male,65.21,18.11,60.88,39.51,44.08,Yes,3,Medium,50.1
STU11230,Maria Case,23,Female,100.0,31.3,95.0,,80.04,Yes,5,Medium,68.03
STU11231,Brittany Stevens,24,Male,93.98,25.16,93.36,52.28,72.57,Yes,4,Medium,88.06
STU11232,Brandon Brown,21,Female,100.0,29.5,93.38,54.9,69.61,Yes,3,Low,67.85
STU11233,Kristin Andrews,17,Female,110.0,20.74,84.67,56.58,63.82,Yes,1,High,44.18
STU11234,David Hughes,18,Female,78.86,26.17,88.84,68.96,73.83,Yes,1,High,83.95
STU11235,Jessica Smith,20,Female,62.48,12.93,,26.61,49.62,No,1,Medium,27.99
STU11236,Kimberly May,17,Female,69.65,13.49,61.86,41.48,,No,0,Low,46.87
STU11237,Nicole Richards,24,Male,66.98,2.0,66.59,35.63,43.54,No,1,Medium,50.57
STU11238,Angel Reilly,17,Male,92.88,26.3,91.72,47.9,65.65,Yes,3,High,74.98
STU11239,Richard Turner,19,Male,73.25,28.78,85.02,66.87,61.42,Yes,3,High,79.93
STU11240,Preston Kim,21,Female,90.82,14.13,71.32,49.53,64.82,Yes,0,Medium,68.24
STU11241,Matthew Wells,20,Male,85.25,16.22,82.68,48.0,55.95,Yes,1,Medium,73.34
STU11242,Brandy Myers,23,Female,100.0,12.72,74.13,52.31,79.55,No,2,Medium,64.43
STU11243,Kimberly Choi,23,Other,60.25,20.68,71.81,56.81,64.27,Yes,4,Medium,56.04
STU11244,Michael Sloan,23,Female,93.11,25.87,95.0,64.17,74.31,Yes,2,Medium,70.83
STU11245,Monica Brooks,24,Female,91.76,5.8,66.47,31.39,59.07,Yes,1,High,66.59
STU11246,Kristen Peters,22,Male,66.32,20.87,62.32,37.93,38.73,No,1,Medium,41.33
STU11247,Aaron Carlson,22,Female,90.09,16.06,70.96,44.52,74.53,No,2,Low,63.58
STU11248,Theresa Torres,18,Female,82.03,18.79,86.7,58.04,63.29,Yes,1,High,61.88
STU11249,Stephanie Cooper,20,Male,75.27,21.21,80.35,50.86,60.0,Yes,4,Low,51.82
STU11250,Matthew Hunt,23,Male,68.11,16.68,71.15,29.98,37.73,Yes,1,High,58.67
STU11251,Daniel Davenport,22,Female,69.37,17.27,69.03,53.76,59.79,No,1,Medium,58.56
STU11252,Christopher Marsh,24,Female,100.0,16.5,87.09,53.72,63.29,No,1,High,52.34
STU11253,Sarah Randolph,18,Female,78.01,24.79,75.34,51.08,60.59,No,2,Medium,52.88
STU11254,Julia Dunn MD,21,Female,87.39,20.93,84.78,60.89,65.33,No,1,Low,43.72
STU11255,Brett Swanson,18,Female,68.51,19.54,68.76,57.25,51.33,Yes,2,Medium,53.61
STU11256,Mr. Carl Rios,22,Female,68.64,9.1,59.13,20.0,37.07,Yes,2,Medium,39.84
STU11257,Manuel Mccullough,19,Male,90.98,15.35,74.02,48.63,63.33,No,1,Medium,56.0
STU11258,Jerry Jensen,24,Male,61.81,24.29,73.06,42.32,44.49,Yes,0,High,63.56
STU11259,Kevin Cunningham,19,Male,73.02,18.26,74.78,51.75,54.31,No,1,High,61.47
STU11260,Eugene Patterson,23,Female,78.41,22.62,82.42,56.08,67.93,Yes,1,Medium,82.1
STU11261,David Walker,19,Female,79.34,30.37,57.55,54.64,71.84,Yes,3,Medium,65.59
STU11262,Jessica Larsen,23,Female,75.85,25.27,75.3,50.61,62.13,No,0,High,65.75
STU11263,Nicholas Humphrey,23,Male,82.75,,75.75,,50.47,Yes,2,High,60.06
STU11264,Ian Torres,22,Female,,14.42,88.79,48.34,62.93,Yes,1,Medium,61.39
STU11265,Casey Obrien,19,Female,86.82,2.0,58.35,30.7,50.14,Yes,1,High,47.12
STU11266,Shannon Taylor,23,Female,66.17,16.82,72.92,53.38,55.0,No,4,Medium,52.81
STU11267,Deborah Mercado,20,Female,74.59,15.72,85.64,42.91,64.78,Yes,5,Medium,59.13
STU11268,Bernard Smith,21,Male,92.34,20.73,73.4,56.81,66.29,Yes,0,Low,60.91
STU11269,Amanda Perkins,18,Female,88.74,16.92,82.75,46.24,68.64,No,1,High,69.26
STU11270,Kevin Escobar,18,Male,61.53,15.76,62.72,43.37,47.49,Yes,0,Medium,51.78
STU11271,Kimberly Lutz,22,Male,82.22,,64.17,29.74,58.17,No,2,Medium,45.87
STU11272,Reginald Diaz,19,Female,54.26,11.42,56.7,35.93,42.15,Yes,1,Medium,38.75
STU11273,Raymond Quinn,19,Female,78.56,21.34,73.71,,55.7,No,0,Low,56.52
STU11274,John Dixon,23,Female,100.0,30.01,95.0,58.17,86.92,Yes,1,Medium,70.38
STU11275,Jonathan Bates,24,Female,66.63,17.32,78.93,44.61,45.0,No,3,Medium,48.56
STU11276,Renee Mendez,17,Female,67.99,20.29,83.85,55.26,57.06,No,1,Medium,54.61
STU11277,Jose Griffin,23,Female,87.17,24.67,89.18,76.68,71.62,No,1,Medium,87.83
STU11278,Travis Hopkins,21,Female,59.49,12.32,52.83,27.59,,Yes,1,High,39.79
STU11279,Nancy Webb,20,Male,70.41,20.57,79.26,66.4,75.46,Yes,2,Medium,61.09
STU11280,Daniel Freeman,18,Male,85.16,12.82,83.64,61.92,77.02,No,3,High,65.17
STU11281,Jacob Williams,23,Male,70.39,24.05,72.05,50.99,55.07,Yes,1,Low,51.38
STU11282,Terry Ward,17,Male,75.17,19.06,84.28,51.09,76.51,Yes,1,Medium,72.33
STU11283,Jesse Williams,17,Male,,20.09,87.13,50.44,67.73,No,1,,61.72
STU11284,Mrs. Michele Boyd,23,Male,83.06,12.52,88.9,49.55,70.64,Yes,2,Medium,55.42
STU11285,Sandy Baker,22,Male,81.2,22.95,78.44,43.81,60.24,No,1,Low,65.15
STU11286,Carrie Valdez,18,Other,73.93,32.59,78.17,60.72,62.89,Yes,2,High,69.32
STU11287,Matthew Houston,22,Male,82.44,10.94,69.72,50.61,57.73,No,1,High,61.45
STU11288,Jamie Solomon,20,Female,76.52,15.62,85.76,46.81,59.98,No,0,Low,59.89
STU11289,Heather Parrish,17,Male,83.49,19.62,65.29,43.39,59.3,Yes,1,Medium,48.41
STU11290,Mr. Larry Shaw,17,Female,72.04,23.5,62.47,35.01,51.21,No,0,High,52.58
STU11291,Christopher Jones,21,Male,75.81,14.08,73.51,46.97,57.26,Yes,1,Low,59.64
STU11292,Christine Lopez,20,Male,66.12,2.0,56.2,28.74,52.51,No,3,Medium,38.85
STU11293,Mitchell Wilson,17,Female,77.58,27.51,84.23,60.36,47.99,No,2,High,64.82
STU11294,Robert Cortez,20,Male,68.27,23.32,85.12,55.44,65.07,Yes,3,High,69.92
STU11295,Mr. Daniel Martin,18,Male,64.63,5.8,57.84,28.62,47.83,No,2,,32.59
STU11296,Alison Williams,19,Male,81.1,13.75,59.4,41.24,59.41,Yes,2,Medium,46.98
STU11297,Candace Soto,17,Male,80.55,28.98,95.0,65.73,71.25,No,2,Medium,53.4
STU11298,Kenneth Brown,21,Male,87.39,28.13,80.12,60.77,68.4,Yes,2,High,72.19
STU11299,Christopher Mullen,18,Male,72.83,24.57,71.67,53.41,64.32,No,0,High,74.9
STU11300,Kristy Smith,23,Female,82.9,16.77,86.26,60.09,76.58,No,0,Medium,61.52
STU11301,Mary Campbell,20,Female,84.61,18.58,,53.98,61.16,Yes,2,High,63.5
STU11302,Jerry Haney,23,Female,83.34,17.08,77.33,49.81,63.07,No,1,High,69.35
STU11303,Carolyn Greer,22,Male,68.09,25.9,83.41,68.88,76.23,Yes,0,Medium,70.48
STU11304,Rebecca Hoover,18,Female,79.79,11.87,81.09,48.93,48.66,Yes,1,High,53.1
STU11305,Matthew Baker,23,Male,82.37,12.36,71.05,50.99,55.62,Yes,1,Medium,68.21
STU11306,Grace Chavez,24,Male,78.09,25.07,94.55,66.85,80.08,Yes,2,Medium,74.15
STU11307,Crystal Cruz,24,Female,52.96,17.69,50.6,24.03,43.39,Yes,3,Medium,39.75
STU11308,Dale Heath,17,Male,79.93,27.65,91.17,72.28,75.77,Yes,3,High,74.72
STU11309,Jennifer Hernandez,20,Male,100.0,13.3,73.92,44.85,60.18,Yes,3,Medium,64.93
STU11310,John Mendez,19,Female,73.68,17.62,85.86,52.37,57.21,Yes,0,Medium,56.35
STU11311,Richard Gordon,18,Female,69.26,11.54,69.61,42.53,49.54,Yes,1,High,65.94
STU11312,John Anderson,17,Female,82.48,18.05,72.93,44.84,67.48,No,3,Medium,67.31
STU11313,Samantha Prince,21,Female,81.75,,75.03,41.48,53.69,No,2,High,56.19
STU11314,Marie Boyd,22,Other,92.31,60.0,86.12,46.28,65.72,Yes,0,Medium,64.38
STU11315,Andrew Moreno,20,Male,62.91,7.95,68.51,46.11,47.89,No,2,Medium,42.6
STU11316,Robert Clarke,18,Male,86.78,22.86,75.42,51.43,67.38,No,2,Medium,57.2
STU11317,Kevin Figueroa,24,Male,85.09,,79.32,51.43,59.84,No,1,High,55.38
STU11318,Melissa Davis,18,Male,76.29,5.89,66.38,28.11,48.24,Yes,2,Low,43.86
STU11319,John Hall,19,Male,82.06,27.34,85.26,62.12,57.74,Yes,2,Medium,65.76
STU11320,Diane Mcdowell,24,Female,90.35,35.48,95.0,72.45,66.76,No,0,High,63.92
STU11321,Colin Fletcher,19,Female,88.47,18.32,64.5,46.4,57.75,No,0,Medium,60.46
STU11322,Laura Wilson,21,Female,64.28,13.51,70.98,35.56,41.86,Yes,3,High,45.35
STU11323,Matthew Watts,22,Male,87.84,37.77,93.64,61.15,84.08,Yes,3,High,81.7
STU11324,Jack Moore,21,Female,77.22,8.77,62.33,39.44,39.44,No,2,Medium,51.77
STU11325,Dawn Wyatt,17,Female,78.87,18.14,71.18,56.94,56.2,No,0,Low,63.37
STU11326,Jacob Hill,17,Female,78.88,19.26,76.3,42.56,57.6,No,0,Medium,63.57
STU11327,Nicole Gutierrez,21,Male,76.2,27.42,54.79,57.72,53.5,Yes,1,Medium,68.01
STU11328,Karen Wood,22,Female,92.3,60.0,78.11,53.55,58.63,Yes,1,High,71.62
STU11329,Dawn Parker,21,Male,77.0,14.51,66.55,41.51,47.99,Yes,2,High,56.51
STU11330,Michael Fitzgerald,22,Male,64.57,11.34,70.93,38.21,44.85,Yes,0,Low,43.12
STU11331,Mary Adkins,22,Male,73.28,15.61,66.69,32.8,48.09,Yes,0,Medium,49.42
STU11332,Michael Martin,23,Female,80.14,10.95,70.09,47.22,69.3,No,2,Medium,68.86
STU11333,James Morgan,24,Female,92.75,18.33,94.47,51.75,70.11,Yes,3,Low,64.05
STU11334,Melissa Mann,20,Male,85.24,14.05,84.03,43.59,68.87,No,1,Medium,60.6
STU11335,Vincent Smith,22,Male,67.79,7.54,71.98,45.37,57.46,Yes,3,Medium,64.47
STU11336,Charles Frost,19,Male,100.0,26.79,87.43,47.59,74.57,Yes,3,Medium,68.03
STU11337,Austin Walker,22,Male,81.18,14.52,79.37,36.66,40.14,Yes,2,Medium,47.03
STU11338,Andrew Cruz,22,Male,93.3,9.12,73.08,40.06,57.45,Yes,3,High,68.29
STU11339,Miss Kelly Dawson,22,Male,76.18,16.82,,48.61,65.97,No,1,Low,49.08
STU11340,Theresa Wilkins,23,Female,84.4,18.48,82.6,55.35,61.82,Yes,3,High,69.3
STU11341,Jessica Harris,24,Male,-5.0,5.77,65.67,32.06,63.51,Yes,4,Medium,56.1
STU11342,Regina Mitchell,23,Male,92.62,20.32,95.0,76.72,87.41,Yes,2,High,83.35
STU11343,Kyle Black,17,Male,90.69,10.67,74.0,40.24,56.14,Yes,3,Medium,40.15
STU11344,Christopher Johnson,23,Female,88.47,29.98,94.89,65.07,70.34,No,1,High,78.81
STU11345,Aaron Moore,19,Female,74.22,21.67,89.96,52.24,57.74,Yes,2,High,64.84
STU11346,Penny Gomez MD,19,Female,71.14,15.2,,49.17,55.31,No,1,Medium,59.99
STU11347,Kelly Mclaughlin,23,Male,81.99,12.78,62.65,42.73,46.85,No,0,Medium,53.51
STU11348,Brandon Mitchell,24,Female,89.2,17.27,83.59,59.85,70.9,Yes,0,High,72.59
STU11349,Suzanne Bailey,21,Male,75.33,22.29,86.0,46.11,52.03,Yes,2,High,59.29
STU11350,Destiny Obrien,20,Female,90.78,17.82,88.17,52.21,71.04,No,0,High,65.42
STU11351,Timothy Andrews,24,Female,95.43,16.48,72.68,49.02,66.59,No,2,,63.39
STU11352,Jason Rodriguez,23,Female,67.0,18.41,67.92,49.4,44.45,Yes,1,Medium,53.59
STU11353,Edward Arroyo,22,Female,67.96,13.77,77.76,46.06,65.74,Yes,1,Low,52.49
STU11354,Tina Walter,18,Female,76.32,15.6,68.09,46.92,59.01,Yes,2,Medium,63.14
STU11355,Laura Benson,20,Male,81.69,3.4,63.91,25.82,53.13,Yes,0,High,49.7
STU11356,Kristine Carrillo,20,Female,71.71,24.82,92.56,72.41,66.48,Yes,3,Medium,62.23
STU11357,Tonya Ellis,19,Male,94.23,20.09,83.67,60.67,73.63,Yes,2,Low,70.59
STU11358,Kevin Johnson,20,Female,83.09,12.59,68.34,31.41,59.02,Yes,3,High,70.22
STU11359,Austin Schultz,23,Male,78.47,31.29,80.48,53.72,61.97,Yes,1,High,58.62
STU11360,Megan Hall MD,22,Male,60.77,18.61,73.82,40.78,63.62,Yes,1,Medium,54.85
STU11361,Kelli Smith,22,Male,62.21,10.75,54.71,37.96,45.52,No,2,Medium,51.3
STU11362,Danielle Davis,17,Male,81.37,24.0,80.7,46.52,67.68,No,0,Medium,65.16
STU11363,Samantha Jones,22,Female,52.41,20.79,72.64,47.0,53.1,No,2,Low,52.53
STU11364,Karen Gomez,24,Female,90.15,20.76,93.56,61.89,75.78,Yes,0,High,74.89
STU11365,Debra Valentine,22,Male,76.1,15.02,78.99,47.1,49.18,No,0,Medium,35.58
STU11366,Susan Porter,19,Male,100.0,21.15,81.21,55.28,70.94,Yes,1,High,73.01
STU11367,Nicolas Salas,22,Female,100.0,16.17,92.36,47.04,64.76,No,1,High,70.11
STU11368,Dale Wright,17,Male,75.82,21.89,76.66,56.17,56.53,Yes,0,Medium,68.24
STU11369,Brittney Rodriguez,18,Female,76.72,4.67,55.7,24.5,54.93,Yes,0,Medium,41.73
STU11370,Megan Alvarado,23,Female,89.95,14.96,77.08,44.38,59.86,No,1,Medium,69.77
STU11371,Pamela Weaver,19,Female,98.44,30.06,95.0,68.46,71.05,No,1,Medium,70.56
STU11372,John Oliver,24,Female,58.34,12.63,66.85,40.91,46.8,No,2,Medium,43.52
STU11373,William Prince PhD,18,Male,56.56,13.77,65.92,40.85,40.41,Yes,3,High,44.96
STU11374,William Moon IV,19,Female,-5.0,14.86,84.68,44.74,67.3,Yes,1,Medium,67.84
STU11375,Kenneth Brown,21,Male,84.99,9.5,60.89,32.9,46.86,Yes,3,High,44.98
STU11376,Karen Fernandez,20,Male,83.96,2.54,56.14,27.31,50.57,No,2,Low,46.73
STU11377,Jennifer Parks,21,Female,90.84,16.39,66.97,33.62,62.71,No,1,Low,46.23
STU11378,William Wolfe,22,Male,63.6,18.95,75.4,45.85,51.57,No,2,High,55.22
STU11379,Michael Smith,18,Female,50.21,17.63,68.01,47.42,52.75,Yes,1,Medium,40.78
STU11380,Kevin Nguyen,22,Female,88.3,16.99,91.83,45.97,,No,0,Medium,66.73
STU11381,Debbie Dunn,20,Female,68.06,18.3,75.41,56.67,74.15,Yes,0,Medium,61.86
STU11382,John Austin,19,Female,53.78,25.16,70.72,60.84,61.57,Yes,2,Medium,62.45
STU11383,Jonathan Clark,20,Male,79.74,16.67,,38.93,55.28,Yes,1,High,58.07
STU11384,Jacqueline Dickerson,17,Male,87.52,13.98,77.76,55.68,60.06,Yes,1,Low,62.62
STU11385,Christopher Anderson,20,Female,76.54,16.03,61.24,39.38,50.6,Yes,1,Medium,51.34
STU11386,Crystal Garcia,17,Male,72.51,22.06,95.0,63.32,66.75,Yes,3,Medium,72.72
STU11387,David Reynolds,20,Female,76.09,27.88,88.1,58.47,77.63,Yes,2,High,76.06
STU11388,Charles Haley,23,Female,73.55,13.6,73.31,50.33,50.64,Yes,0,Medium,56.84
STU11389,Robert Thompson,17,Female,61.82,18.69,76.51,52.23,57.5,Yes,0,Low,47.9
STU11390,Dr. Samuel Holmes DDS,18,Male,69.42,20.37,81.27,47.17,58.13,Yes,3,,55.63
STU11391,Elizabeth Hart,22,Male,84.26,11.05,72.21,,53.63,Yes,2,Low,45.38
STU11392,Jennifer Vaughn,24,Male,81.86,18.14,73.12,37.19,54.77,No,2,Medium,63.75
STU11393,Robert Woods,22,Male,80.02,7.74,73.99,40.8,55.79,No,2,Low,55.53
STU11394,Joanna Cook,21,Female,66.06,5.62,65.7,38.07,54.79,Yes,1,Medium,50.46
STU11395,Justin Frederick,22,Male,75.82,20.57,71.51,53.19,,No,3,Low,51.13
STU11396,Alejandro Martinez,19,Male,51.88,15.31,76.76,45.97,,No,1,Medium,45.74
STU11397,Tracey Gonzalez,23,Male,80.14,19.42,80.93,43.85,41.46,Yes,1,High,59.11
STU11398,Mariah Thompson,20,Female,95.15,17.87,88.44,49.32,69.38,Yes,0,High,82.75
STU11399,Heather Nunez,21,Female,60.31,11.17,76.18,51.28,,No,1,Low,47.74
STU11400,Dr. Steve James,19,Male,70.97,17.68,74.16,44.13,59.31,No,4,Medium,63.2
STU11401,Mark Thomas,19,Male,81.95,9.37,73.71,41.67,66.03,No,2,Medium,58.21
STU11402,Robert Rogers,17,Male,93.03,27.74,95.0,57.41,66.29,No,1,High,75.11
STU11403,Laura Sweeney,22,Male,72.62,8.51,61.43,36.8,47.89,Yes,0,Low,42.46
STU11404,Christopher Perez,18,Female,69.69,16.63,73.13,43.01,50.82,Yes,0,High,55.5
STU11405,Eddie Adams,24,Female,54.37,10.7,63.6,44.51,55.66,Yes,4,Medium,44.48
STU11406,Denise Wallace,18,Male,79.24,21.99,72.68,55.72,61.68,Yes,2,Medium,63.42
STU11407,Heidi Matthews,21,Male,100.0,15.68,95.0,51.82,82.01,Yes,1,High,73.51
STU11408,Jennifer White,23,Other,81.33,14.37,63.7,39.27,55.67,Yes,0,High,59.39
STU11409,Nicholas Stanley,18,Male,77.73,23.97,71.0,47.27,58.73,Yes,3,High,54.7
STU11410,Mercedes Miller,20,Female,81.86,18.21,88.73,44.56,63.09,Yes,2,Medium,65.63
STU11411,Brian Brown,18,Male,77.87,21.62,85.25,49.65,67.33,Yes,3,Medium,64.92
STU11412,Kimberly Johnson,21,Female,68.24,,59.58,37.1,37.5,Yes,3,Medium,46.58
STU11413,Phillip Miller,24,Male,87.88,8.17,77.15,43.53,60.86,Yes,4,Medium,61.48
STU11414,Christopher Pena,18,Female,80.71,18.75,89.99,56.54,66.54,Yes,1,Medium,64.2
STU11415,Ellen Wright,20,Other,78.21,15.77,74.75,44.14,61.78,No,1,Medium,82.97
STU11416,Mark Anderson,17,Male,66.3,22.39,95.0,67.19,67.46,No,1,Low,65.89
STU11417,Alyssa Alvarado,23,Male,93.64,17.44,67.93,44.97,53.3,Yes,1,Medium,58.3
STU11418,Erika Alvarez,21,Male,85.98,19.44,86.19,59.26,68.14,Yes,0,High,75.13
STU11419,Kimberly Nelson,17,Male,71.36,,74.62,26.47,42.99,No,1,High,45.02
STU11420,Wayne Wolfe,17,Male,90.02,31.22,95.0,40.27,53.55,Yes,0,Medium,59.75
STU11421,Kyle Welch,17,Male,72.03,16.85,72.06,47.89,60.75,No,3,Medium,61.11
STU11422,Kristy Mills,19,Female,68.62,22.88,75.0,42.08,57.86,Yes,1,Low,59.83
STU11423,Emily Reed,23,Male,68.88,12.15,72.38,40.8,56.02,No,2,High,63.14
STU11424,Regina Ramos,24,Male,56.75,20.16,77.51,48.89,62.37,No,0,Medium,45.43
STU11425,David Torres,22,Female,83.66,8.88,76.2,52.51,58.16,No,0,High,59.28
STU11426,Robert Charles,23,Male,,21.16,79.86,55.67,48.86,Yes,1,High,61.21
STU11427,John Smith,19,Female,63.26,15.51,61.4,41.2,48.23,No,1,Medium,52.43
STU11428,Theresa Woods,22,Male,53.09,18.2,66.32,50.27,48.68,No,1,,52.87
STU11429,Jeffrey Carter,23,Female,76.97,22.89,72.73,53.62,54.77,No,1,High,53.98
STU11430,Adam Brooks,17,Female,76.2,9.37,66.08,34.03,50.3,Yes,2,Low,51.04
STU11431,Justin Foster,21,Female,74.08,13.21,79.62,53.89,57.6,No,5,Medium,59.44
STU11432,Omar Price,22,Other,65.49,21.2,75.75,43.28,43.23,Yes,0,High,57.84
STU11433,Dennis Henderson,20,Male,63.93,32.69,95.0,71.16,66.74,Yes,2,Medium,61.74
STU11434,Phillip Kent,20,Other,83.57,17.03,79.42,,51.39,No,1,High,50.99
STU11435,Melinda Mitchell,18,Male,,22.14,78.18,54.32,61.7,Yes,3,High,76.64
STU11436,Rhonda Gutierrez,22,Male,81.8,17.25,78.28,50.38,57.63,No,1,High,67.9
STU11437,Catherine Roberts,21,Male,67.38,31.6,78.76,72.45,72.5,No,1,Medium,65.77
STU11438,Lisa Nelson,24,Female,-5.0,5.77,67.21,23.91,,Yes,2,Medium,50.34
STU11439,Chelsea Smith,19,Male,93.64,18.66,91.73,52.0,73.2,No,2,Low,79.45
STU11440,Joseph Lopez,17,Female,85.03,6.62,70.97,42.99,48.29,No,2,High,54.93
STU11441,Derrick Espinoza,18,Female,73.05,2.0,55.82,29.07,54.21,Yes,1,High,48.97
STU11442,Crystal Hernandez,20,Female,81.09,20.08,72.05,49.75,68.75,No,3,Medium,54.17
STU11443,Glenn Collins DDS,19,Female,75.11,18.98,72.87,41.28,55.2,Yes,4,Medium,54.11
STU11444,Mrs. Raven Rivera DVM,19,Male,78.09,16.01,75.73,42.75,65.14,Yes,1,Low,44.32
STU11445,Amy Rowe,17,Male,74.09,17.26,84.29,60.45,61.66,Yes,4,High,69.71
STU11446,John Lee,24,Male,76.03,39.69,82.64,68.58,56.6,Yes,1,High,78.57
STU11447,Ruth Clayton,24,Male,80.55,16.19,73.59,48.7,54.69,Yes,0,High,69.53
STU11448,Randy Wright,22,Male,66.08,21.57,76.54,50.89,67.67,No,3,,56.63
STU11449,Jessica Rojas,20,Male,65.81,13.45,54.13,26.84,33.14,No,2,High,26.3
STU11450,Joel Wise,24,Male,61.34,20.07,65.85,52.22,53.37,Yes,1,High,59.54
STU11451,Vickie Kennedy,21,Other,58.8,16.33,63.21,45.03,49.63,Yes,5,Medium,59.55
STU11452,Emily Morris,24,Female,63.39,15.13,62.92,56.55,51.44,Yes,1,Medium,42.3
STU11453,Amanda Pineda,19,Male,79.91,30.73,89.09,57.57,64.19,Yes,1,High,67.36
STU11454,Dawn Little,17,Female,67.29,26.24,78.26,61.97,62.42,Yes,0,Medium,65.18
STU11455,Stephen Boyer,21,Male,84.16,18.96,75.18,39.82,54.16,Yes,1,Medium,51.12
STU11456,Brian Chen,22,Male,78.42,2.0,67.47,33.06,42.88,Yes,3,Low,32.79
STU11457,Christopher Hill,20,Female,54.38,15.47,80.2,55.3,58.3,Yes,1,Medium,51.95
STU11458,Richard Smith,22,Female,85.86,36.92,95.0,57.78,76.63,No,2,Medium,67.15
STU11459,Richard Alvarez,19,Male,87.73,16.39,63.43,40.22,60.26,No,0,Medium,41.21
STU11460,Jacqueline Davis,21,Other,66.07,25.72,83.32,54.13,55.6,Yes,0,Medium,67.66
STU11461,Brandon Montgomery,21,Female,83.04,28.09,85.12,55.86,,Yes,0,Medium,75.33
STU11462,Yolanda Garrett,21,Female,67.72,19.53,75.57,52.33,56.21,Yes,0,Medium,57.93
STU11463,Matthew Miles,19,Female,79.17,12.11,69.21,48.67,67.0,No,3,High,65.12
STU11464,Beth Hall,19,Female,62.83,2.0,59.53,27.46,47.05,No,3,Medium,31.53
STU11465,Dr. Nicole Trujillo,22,Male,56.48,22.79,74.21,53.06,59.18,No,2,Medium,54.15
STU11466,Corey Norris,18,Male,73.41,12.3,65.9,40.29,57.56,No,0,Low,44.43
STU11467,Chad Roach,22,Male,76.52,19.23,70.0,46.9,59.07,Yes,2,Medium,60.39
STU11468,Mr. Edward Terry,20,Male,73.23,9.25,64.44,28.77,48.43,No,3,Medium,27.24
STU11469,Cody Bailey,17,Female,63.79,16.14,72.12,53.13,60.15,Yes,1,High,57.95
STU11470,Denise Guerra,21,Male,73.2,,80.0,52.66,57.45,Yes,2,High,67.01
STU11471,Kristen Jones,18,Other,81.23,19.88,86.16,57.44,57.77,No,5,Medium,63.0
STU11472,Edward Baker,17,Female,77.46,10.2,66.31,32.35,54.92,Yes,3,Medium,57.09
STU11473,Aaron Little,18,Female,80.19,26.38,86.44,56.79,73.28,No,4,Medium,61.76
STU11474,Cody Smith,24,Female,69.96,13.82,,45.03,50.01,Yes,0,High,37.96
STU11475,Patty Allen,24,Female,92.06,6.28,81.57,30.99,63.26,No,3,High,66.77
STU11476,Mary Ryan,23,Male,63.89,17.24,70.68,33.78,59.08,Yes,0,Medium,58.14
STU11477,Joseph Jimenez,24,Female,83.85,18.24,77.17,,59.89,Yes,1,Medium,70.73
STU11478,Lisa Morris,22,Male,92.18,19.12,84.09,56.8,63.24,No,0,High,67.21
STU11479,Ashley Mills,24,Female,83.77,27.53,77.15,52.17,63.09,No,0,High,67.25
STU11480,Russell Anderson,19,Male,75.57,16.34,72.98,38.78,51.06,No,2,Medium,68.21
STU11481,Christina Washington,21,Female,71.66,17.16,79.77,43.92,53.52,No,3,High,44.48
STU11482,Kenneth Huff,22,Female,90.43,10.28,80.01,41.04,63.57,No,1,Medium,61.32
STU11483,Kelly Miles,17,Male,,23.74,73.16,49.44,44.86,No,0,Medium,59.96
STU11484,Jacob Obrien,23,Male,66.36,19.29,75.4,64.52,53.13,Yes,2,High,63.6
STU11485,Timothy Clark,23,Other,73.23,15.06,66.08,49.17,55.46,Yes,1,Medium,55.62
STU11486,Steve Miller PhD,23,Female,92.85,4.67,76.86,45.49,,Yes,0,High,52.23
STU11487,Justin Hurley,17,Female,82.56,28.11,85.76,69.26,72.67,No,2,Medium,79.04
STU11488,Jacob Erickson,17,Female,66.38,9.41,63.55,29.13,57.11,Yes,0,Medium,56.66
STU11489,Deborah Williams,17,Male,74.28,13.86,69.19,33.67,51.74,No,1,Low,55.71
STU11490,Eric Blackburn,17,Male,70.63,20.51,75.62,42.69,58.87,Yes,1,Medium,56.9
STU11491,Anne Hardy,23,Male,69.48,9.62,63.44,45.59,46.5,No,3,Medium,46.05
STU11492,Chelsey Fox,23,Female,89.75,7.55,77.71,37.18,63.37,Yes,3,High,61.37
STU11493,Mario White,18,Male,61.54,3.13,55.88,20.0,35.99,Yes,4,Medium,50.77
STU11494,Jennifer Garcia,22,Female,97.31,23.05,95.0,58.17,73.61,No,1,High,71.27
STU11495,Heather Ellis,21,Female,87.94,14.18,88.85,49.66,65.37,Yes,0,Medium,74.73
STU11496,Sonya Jackson,24,Female,91.09,38.49,90.54,73.42,81.83,Yes,2,High,79.66
STU11497,James Morgan,24,Female,72.44,11.04,69.74,41.97,45.87,Yes,1,Medium,45.33
STU11498,Zachary Ramos,19,Other,76.2,11.55,65.7,33.01,36.62,Yes,4,Medium,32.52
STU11499,Ethan Frey,23,Male,60.8,14.04,64.9,45.24,49.22,Yes,3,Medium,54.58
STU11500,Jacob Duran,19,Female,71.7,19.7,91.88,52.63,66.72,No,1,Medium,67.67
STU11501,Nicholas Franklin,22,Female,83.92,14.71,73.68,43.83,59.34,Yes,4,Medium,50.08
STU11502,Cindy Cannon,22,Female,,22.29,88.45,62.44,79.17,No,1,Medium,80.69
STU11503,Dawn Nixon,19,Female,64.71,11.15,70.9,36.33,52.79,Yes,2,High,44.35
STU11504,James Barber,23,Male,73.61,8.33,59.42,29.42,43.14,No,3,High,51.8
STU11505,Ms. Kelly Holder,19,Male,76.18,5.41,59.15,35.09,35.12,No,0,High,51.17
STU11506,Eric Walker,24,Female,61.25,2.43,48.74,20.0,35.51,Yes,3,Medium,44.69
STU11507,Alison Short,18,Male,85.1,14.37,69.19,39.94,62.18,Yes,2,High,46.5
STU11508,Desiree Spencer,24,Female,69.31,15.89,49.17,38.73,43.28,Yes,0,High,56.65
STU11509,Tammy Moore,20,Female,75.66,13.58,76.7,59.76,63.01,No,2,Medium,58.42
STU11510,Henry Taylor,23,Male,72.58,26.7,95.0,68.35,73.1,No,0,Medium,66.45
STU11511,Kevin Hall,23,Female,68.53,26.6,81.44,61.24,56.91,No,0,Medium,65.81
STU11512,Anna Ross,21,Male,77.92,15.66,63.47,,57.94,Yes,1,Low,58.9
STU11513,Morgan Cummings,17,Female,,5.44,60.61,24.11,55.3,Yes,1,Medium,33.98
STU11514,Carrie Petersen,20,Female,73.54,14.03,68.29,42.77,52.8,Yes,1,Low,41.52
STU11515,Laura Velez,22,Female,,13.8,62.14,38.8,42.76,Yes,3,High,59.73
STU11516,Elizabeth Cross,23,Male,81.83,13.4,81.24,49.53,61.77,Yes,1,Medium,64.21
STU11517,Angela Brown,19,Male,97.84,13.12,86.22,50.11,54.52,Yes,2,Medium,63.81
STU11518,Hannah Montoya,20,Female,79.68,13.43,64.38,42.37,56.09,No,2,High,48.44
STU11519,Sean Kane,21,Female,89.95,15.29,84.52,48.09,67.39,Yes,1,High,70.23
STU11520,Matthew Guzman,22,Female,61.32,13.55,79.52,47.03,65.7,No,3,High,67.5
STU11521,Richard Reyes,17,Male,79.89,19.46,93.75,49.16,64.14,Yes,0,,80.74
STU11522,Andrew Fernandez,17,Male,64.83,20.52,95.0,56.93,67.08,No,2,Medium,60.48
STU11523,Jonathan Walker,21,Male,60.28,11.63,58.18,45.22,43.18,No,3,Medium,51.4
STU11524,Nicholas Long,21,Female,69.13,26.9,95.0,66.5,66.92,No,0,Medium,79.42
STU11525,Kurt Wagner,19,Male,92.3,11.14,73.38,41.79,50.57,No,3,Medium,44.05
STU11526,Dylan Foster,23,Male,89.4,6.68,66.89,48.71,58.3,No,2,Medium,67.7
STU11527,Bradley Duncan,17,Female,80.92,20.67,82.47,44.12,58.58,No,0,High,62.6
STU11528,James Miller,22,Male,59.61,12.28,61.03,29.52,45.34,Yes,0,Low,42.75
STU11529,Patricia Anderson,20,Other,75.64,20.25,80.87,64.58,62.03,No,1,Medium,58.19
STU11530,Justin Freeman,22,Female,81.62,2.0,54.61,26.49,46.56,No,4,Medium,40.86
STU11531,Christina Gilbert,18,Female,80.11,27.75,83.32,58.0,63.32,No,1,High,61.06
STU11532,Danielle Jones,18,Male,55.87,22.71,83.01,47.12,53.37,Yes,1,Medium,49.49
STU11533,Erica Glass,21,Male,67.32,7.5,64.1,37.98,49.83,Yes,2,Medium,52.24
STU11534,Michael Henderson,19,Female,77.23,7.65,69.28,41.11,54.72,No,1,Low,56.28
STU11535,Frank Wheeler,18,Female,84.44,29.71,92.12,57.56,73.46,No,2,Medium,61.09
STU11536,Eric Huerta,17,Female,51.65,12.84,72.71,42.01,48.7,Yes,1,Low,41.93
STU11537,Wanda Ramos,22,Male,76.05,12.16,58.11,33.53,46.08,Yes,4,Medium,49.87
STU11538,Andrew Meyers,22,Female,79.72,2.14,69.29,34.68,51.77,Yes,1,Low,40.21
STU11539,James Todd,21,Female,88.2,15.54,76.16,38.87,54.21,Yes,3,High,61.83
STU11540,Ashley Brown,23,Female,86.31,16.41,79.67,57.74,63.53,Yes,2,Medium,61.88
STU11541,Tammy Melton,23,Female,84.99,23.01,91.63,66.05,84.04,Yes,1,High,65.28
STU11542,Alexis Benson,20,Female,68.4,8.21,55.95,29.2,38.63,No,1,Medium,44.48
STU11543,Jerry Johnson,21,Female,55.1,7.36,52.07,27.8,37.46,Yes,3,Medium,35.78
STU11544,Joshua Harris,24,Male,73.28,21.16,62.09,43.91,49.99,Yes,0,Low,57.04
STU11545,Deanna Webb,20,Female,90.02,25.05,82.15,51.56,63.71,No,1,Medium,61.56
STU11546,Brenda Hale,24,Male,94.72,7.0,84.4,40.48,61.18,No,1,Medium,53.55
STU11547,Kevin Alvarado,23,Male,86.53,25.57,84.78,56.71,68.59,No,2,Medium,65.03
STU11548,Christopher Campbell,21,Male,83.15,18.26,67.99,56.5,50.7,Yes,3,High,69.48
STU11549,Lisa Brown,24,Male,82.56,25.64,80.52,63.38,73.2,No,3,High,82.2
STU11550,Alejandra Price,21,Male,71.33,17.51,62.07,48.48,57.22,Yes,3,High,61.89
STU11551,Samuel Keller,21,Male,76.44,2.0,54.35,28.65,37.99,No,2,Low,33.74
STU11552,Alicia Dillon,23,Female,98.03,16.94,85.97,44.41,52.23,No,1,Medium,59.61
STU11553,Crystal James,20,Female,66.69,25.42,69.29,51.23,49.52,Yes,0,Low,51.61
STU11554,Ariana Stewart,20,Male,97.38,11.74,87.38,55.51,68.53,Yes,2,Medium,66.03
STU11555,Kim Lopez,21,Female,74.14,15.28,72.61,36.09,68.43,Yes,4,Medium,55.48
STU11556,Judith House,18,Female,93.91,16.77,81.97,54.75,70.49,No,1,Low,54.81
STU11557,David Moreno,19,Male,61.12,2.0,55.76,42.95,36.2,Yes,1,High,53.09
STU11558,James Moore,23,Male,85.03,29.7,94.7,73.81,71.36,No,2,Medium,77.78
STU11559,Harold Garrett,19,Female,69.16,11.69,74.82,52.92,57.94,Yes,2,Medium,57.32
STU11560,William Mason,19,Female,61.02,21.54,76.27,53.08,58.24,Yes,1,Low,63.62
STU11561,Lori Johns,20,Female,80.62,17.39,81.65,57.43,56.86,No,2,Medium,63.87
STU11562,Robin Johnson,20,Male,90.11,26.8,86.29,55.25,66.94,No,5,High,60.76
STU11563,Diana Hernandez,18,Male,67.86,20.84,79.76,58.14,56.94,No,2,Medium,55.64
STU11564,Mary Miller,19,Male,60.01,16.36,66.39,47.54,44.93,Yes,1,High,63.84
STU11565,Tyler Salazar,19,Male,76.9,11.75,71.33,43.52,57.41,Yes,0,Low,50.1
STU11566,Crystal Allen,21,Male,76.95,23.58,78.6,63.45,69.67,Yes,0,,61.06
STU11567,Wesley Browning,20,Male,84.58,4.89,64.85,29.32,55.91,Yes,0,High,59.29
STU11568,Joshua Clark,19,Female,89.4,22.52,78.79,52.16,67.69,Yes,4,Medium,62.94
STU11569,Joshua Mcbride,22,Female,77.29,10.31,74.04,42.23,53.33,No,2,Low,53.65
STU11570,Ellen Thornton,18,Male,100.0,26.77,95.0,56.96,77.72,Yes,0,Medium,73.58
STU11571,Brandy Forbes,24,Female,80.69,19.13,87.91,56.45,68.16,Yes,1,Medium,60.31
STU11572,Brianna Fitzpatrick,22,Male,73.84,22.51,68.8,36.93,52.83,Yes,1,High,51.96
STU11573,Emily Grant,22,Male,58.66,18.57,80.7,58.5,55.68,No,1,High,47.55
STU11574,Bailey Stewart,24,Male,74.85,5.73,63.24,,46.38,No,2,High,41.27
STU11575,Monica Cannon,23,Female,73.96,11.97,75.27,39.81,55.45,Yes,3,Medium,59.17
STU11576,Jennifer Jenkins,23,Other,,22.71,77.25,47.09,76.68,Yes,1,Medium,74.31
STU11577,Timothy Shannon,18,Female,83.55,19.17,80.71,50.01,64.41,Yes,1,Medium,58.38
STU11578,Denise Maxwell,22,Male,63.85,26.27,80.87,62.22,58.33,No,2,High,53.09
STU11579,Cody Farmer,19,Female,80.07,20.82,67.8,51.0,53.22,No,2,High,66.16
STU11580,Debra Bradley,20,Male,86.06,11.23,78.97,39.59,56.11,No,2,Low,60.51
STU11581,David Mcdaniel,18,Female,96.34,12.43,89.43,44.26,79.47,Yes,2,Medium,72.98
STU11582,Michael Woods,21,Female,88.65,18.72,79.61,,63.04,Yes,3,Medium,53.71
STU11583,Lisa Joseph,24,Male,87.13,2.0,77.98,31.63,61.69,No,1,Medium,57.32
STU11584,Samuel Henry,22,Female,78.72,29.71,84.81,62.35,64.69,No,1,Medium,68.73
STU11585,Corey Johnson,18,Female,82.66,21.09,87.6,57.16,68.52,No,1,Medium,70.95
STU11586,Alexis Nelson,17,Male,92.99,26.59,71.07,55.44,68.72,No,2,Low,61.48
STU11587,Patrick Mcneil,17,Female,62.01,6.94,81.6,48.28,53.45,Yes,2,High,52.43
STU11588,Andrea Ho,23,Male,105.0,26.71,94.17,54.9,62.07,No,1,High,63.58
STU11589,Dr. Katherine Nguyen,24,Female,68.73,33.62,83.67,51.17,70.15,No,1,High,74.1
STU11590,David Sullivan,20,Female,82.55,8.75,55.12,27.83,52.82,No,2,Medium,49.15
STU11591,Nicolas James,19,Female,92.76,23.4,88.49,71.15,79.39,Yes,1,Medium,65.04
STU11592,Logan Newton,20,Female,70.84,18.01,62.65,56.75,61.09,Yes,1,Medium,69.42
STU11593,Kelly Liu,20,Female,49.32,7.19,61.57,46.28,49.75,Yes,2,Medium,55.57
STU11594,Kelly Hayes,20,Male,73.05,21.45,81.02,52.27,72.97,Yes,2,Medium,75.71
STU11595,Amanda Forbes,24,Female,88.96,23.84,77.67,41.55,60.35,Yes,2,High,71.79
STU11596,Jennifer Moss,20,Male,84.45,13.79,84.56,32.68,61.38,No,3,Low,47.03
STU11597,Kelli Mccoy,21,Female,83.14,26.16,91.47,,59.75,Yes,5,High,71.5
STU11598,Eddie Sanders,24,Male,74.64,6.33,74.0,36.98,48.85,Yes,0,High,58.78
STU11599,Ronald Murray,21,Male,62.65,7.54,63.03,43.5,42.59,Yes,1,High,41.07
STU11600,Louis Brown,24,Female,84.18,18.96,68.3,51.98,,Yes,1,High,56.16
STU11601,Brenda Gallegos,23,Male,67.99,18.18,81.16,52.66,44.46,No,1,Medium,59.01
STU11602,Nathan Wilson,18,Female,100.0,12.98,78.22,39.36,59.83,Yes,3,High,69.18
STU11603,Teresa Horton,17,Male,84.85,23.67,72.51,44.84,40.7,Yes,3,Medium,71.5
STU11604,Jason Hayes,20,Male,71.03,21.72,88.05,58.77,59.76,No,2,High,62.39
STU11605,Kevin Marquez,23,Female,70.66,24.01,95.0,66.83,66.61,No,1,Medium,54.44
STU11606,Jesse Wright,18,Male,76.88,17.14,75.29,50.33,67.73,Yes,0,Medium,60.1
STU11607,Susan Hogan,17,Male,75.13,22.22,95.0,53.28,68.31,No,2,Medium,70.24
STU11608,Becky Wilson,22,Female,91.4,14.88,79.63,52.29,60.04,No,3,Medium,57.79
STU11609,Jack Mills,19,Male,80.24,32.38,85.94,67.56,75.88,No,0,Medium,70.27
STU11610,Richard Hunt,21,Female,69.22,12.31,64.03,31.17,47.53,Yes,0,Medium,43.66
STU11611,Jamie James,22,Male,100.0,32.74,95.0,63.45,75.93,No,2,High,84.94
STU11612,Susan Cunningham,24,Male,78.59,18.24,70.86,51.3,51.65,Yes,2,Medium,62.08
STU11613,Brittany Melton,17,Female,87.23,8.37,78.11,40.2,53.37,Yes,1,Medium,50.6
STU11614,Michael Barnes,22,Male,70.7,27.58,77.33,67.99,59.72,Yes,1,Medium,60.08
STU11615,Randy Griffin,19,Male,82.36,18.88,75.25,52.47,61.81,Yes,3,Medium,56.43
STU11616,Autumn Anderson,23,Male,81.73,23.96,91.01,56.72,68.06,No,1,Medium,52.4
STU11617,Marcus King,17,Male,55.32,26.57,72.58,53.84,63.71,No,3,High,54.16
STU11618,Scott Stephens,22,Female,100.0,20.37,83.05,54.11,71.17,Yes,3,Low,52.87
STU11619,Stephen Young,21,Male,93.49,13.85,87.87,45.52,49.42,Yes,2,Medium,66.67
STU11620,Karen Ortiz,21,Female,73.23,24.83,93.27,55.45,67.27,Yes,2,Medium,73.36
STU11621,Kyle Sanchez,18,Female,64.77,18.01,77.23,54.07,49.59,No,2,Medium,51.98
STU11622,Lisa Grant,22,Male,82.17,22.8,76.76,58.7,58.32,No,0,Medium,61.85
STU11623,Amber Hernandez,20,Female,79.04,2.92,60.92,33.98,45.06,No,2,High,56.03
STU11624,Amanda Nash,22,Male,82.27,21.13,81.34,64.11,63.43,No,4,Medium,68.94
STU11625,Sara Evans,23,Other,80.3,13.53,76.5,41.45,49.28,No,0,Medium,67.02
STU11626,Amber Butler,17,Male,84.07,,80.18,71.46,71.31,No,1,Medium,70.02
STU11627,Michael Carr,17,Female,95.37,22.36,92.05,53.01,61.55,Yes,2,Medium,77.23
STU11628,Linda Cobb,23,Female,84.82,19.68,81.11,45.16,63.48,No,3,High,63.46
STU11629,Jesse Riley,22,Male,65.4,21.4,61.29,32.38,59.49,No,1,Medium,48.79
STU11630,Anna Evans,23,Female,94.35,11.01,69.4,36.92,49.35,No,0,Medium,57.16
STU11631,James Jones,19,Female,97.69,29.36,88.65,59.86,70.26,No,2,High,76.19
STU11632,Joshua Carter,24,Male,100.0,31.94,94.97,71.97,63.54,No,2,Medium,67.81
STU11633,Michael Hill,23,Male,64.52,20.75,89.3,58.49,61.58,No,2,High,57.98
STU11634,Kelly Dominguez,21,Female,80.91,29.13,88.53,54.79,69.82,No,1,Medium,66.15
STU11635,Ashley Blair,23,Female,53.01,14.02,58.04,34.58,47.09,Yes,1,Medium,32.12
STU11636,Victoria Webb,17,Other,84.64,12.42,76.32,41.68,59.11,Yes,1,High,58.78
STU11637,Taylor Andersen,21,Female,71.42,18.29,71.81,34.51,,No,1,High,48.05
STU11638,Lee Stewart,17,Female,100.0,21.04,,50.21,84.68,Yes,1,Medium,68.22
STU11639,Whitney Gomez,18,Female,68.7,15.24,75.88,,,No,1,High,52.64
STU11640,Justin Stone,20,Male,57.73,21.76,82.29,64.48,58.55,No,1,Medium,64.29
STU11641,Katherine White,17,Male,72.34,20.14,76.24,51.76,50.37,No,1,Medium,58.19
STU11642,Michelle Krause,21,Female,54.29,11.01,75.92,47.61,50.58,No,2,Low,47.52
STU11643,Alexander Garrett,18,Female,87.01,21.63,90.02,47.33,59.64,Yes,0,Low,57.99
STU11644,Ryan Marsh,17,Male,53.22,24.04,67.2,57.84,56.42,No,4,High,63.94
STU11645,Mrs. Felicia Castro DDS,19,Male,78.34,19.2,95.0,67.22,64.52,No,3,Low,69.51
STU11646,Curtis Campbell,23,Female,53.07,26.07,77.04,41.54,50.48,Yes,2,Medium,52.43
STU11647,Elizabeth Hunter,20,Female,74.16,9.48,61.86,30.48,52.79,Yes,0,High,61.69
STU11648,Aaron Jennings,17,Male,97.72,21.28,95.0,63.24,74.46,No,2,,66.79
STU11649,Nathaniel Gilbert,18,Male,82.33,9.81,88.28,52.08,59.62,No,1,Medium,61.23
STU11650,Christopher Rivera,19,Male,67.64,10.2,66.57,33.37,55.61,No,0,Medium,44.55
STU11651,Michael Hendricks,22,Male,77.63,13.58,69.01,39.78,42.76,Yes,2,Medium,48.38
STU11652,Maria Olson,18,Male,78.22,11.41,70.12,36.5,51.4,Yes,0,High,51.23
STU11653,Stephanie Herrera,23,Male,83.67,14.16,81.33,48.7,62.11,Yes,1,Medium,66.02
STU11654,Richard Gutierrez,18,Female,61.6,16.5,79.98,57.57,59.64,Yes,2,Medium,61.77
STU11655,Sandy Evans,19,Male,85.11,23.86,88.44,53.49,67.61,No,1,High,60.27
STU11656,Emily Herrera,18,Female,45.55,15.75,64.36,48.57,51.36,Yes,3,Medium,53.58
STU11657,Michael Marsh,19,Female,70.44,6.9,77.16,34.77,52.72,No,1,Medium,62.72
STU11658,Heather Montes,17,Male,72.14,25.98,78.53,50.19,56.95,No,2,High,56.08
STU11659,Andre Terrell,24,Female,85.6,12.14,82.92,52.76,62.3,No,0,Medium,55.35
STU11660,Sarah Duncan,19,Male,78.27,17.59,74.16,53.9,57.01,Yes,1,Medium,59.3
STU11661,Kurt Hancock,19,Female,61.13,21.13,76.75,57.4,63.12,No,1,Low,64.59
STU11662,Michele Edwards,20,Male,66.18,19.4,72.77,39.05,48.17,Yes,1,Medium,49.18
STU11663,Jason Crawford,19,Female,80.38,25.66,83.22,54.71,69.29,Yes,1,Low,75.71
STU11664,Jesse Sampson,19,Female,77.05,21.35,76.03,57.06,62.16,Yes,1,Medium,54.52
STU11665,Eric Rodriguez,22,Male,71.05,11.97,80.2,45.96,54.78,No,2,High,58.7
STU11666,Paula Gentry,24,Male,72.23,33.25,81.02,55.54,65.51,Yes,1,Medium,52.6
STU11667,Alexander Webb,17,Female,86.35,19.36,74.79,52.35,57.98,Yes,2,Medium,54.23
STU11668,Cheryl Mclean,23,Female,71.79,,90.67,49.37,66.26,Yes,4,High,64.39
STU11669,Kelly Rowe,20,Male,76.94,24.75,89.55,72.66,72.81,Yes,1,Medium,72.79
STU11670,Shane Short,22,Female,100.0,19.75,66.72,56.63,61.26,Yes,2,High,74.63
STU11671,Megan Anderson,21,Male,60.92,20.79,68.43,51.66,57.01,No,2,Medium,48.63
STU11672,Julia Reeves,24,Female,55.78,35.45,68.38,68.66,61.77,No,0,Medium,62.48
STU11673,April Randolph,17,Male,87.4,16.07,70.84,45.19,65.87,No,1,High,51.82
STU11674,Linda Miller,17,Female,105.0,15.78,46.96,39.11,51.04,No,0,Medium,52.89
STU11675,Angel Meyer,21,Male,74.18,18.82,74.92,59.11,64.66,No,1,High,72.09
STU11676,Emily Lane,23,Male,68.63,25.5,70.28,53.75,50.29,Yes,2,Low,60.76
STU11677,Steven Flores,19,Male,74.88,7.45,67.65,34.62,65.82,No,2,Medium,59.51
STU11678,Donald Flores,22,Male,97.18,4.24,59.41,20.0,40.7,No,0,Medium,43.63
STU11679,Bruce Hernandez,18,Female,87.63,13.89,77.44,45.38,66.72,Yes,2,Low,60.41
STU11680,Adrian Dean,20,Male,88.35,6.56,67.85,41.55,59.57,No,0,High,56.33
STU11681,Christine Bell,18,Female,61.01,15.03,80.39,54.82,,No,1,Medium,54.0
STU11682,Charles Bush,21,Male,64.19,21.52,85.97,59.43,61.89,No,1,High,58.2
STU11683,David Jones,17,Male,43.93,11.76,66.07,35.35,42.71,No,0,Medium,44.29
STU11684,Gina Wallace,23,Male,68.29,8.01,62.7,20.79,50.99,Yes,2,Medium,48.81
STU11685,John Lowe,17,Male,89.48,18.49,95.0,54.07,65.52,No,2,Medium,72.29
STU11686,Anthony Simmons,20,Male,84.2,24.04,71.28,49.17,58.07,Yes,1,Medium,62.59
STU11687,Kyle Watkins,17,Male,75.34,6.14,55.05,27.49,30.96,No,0,Medium,45.64
STU11688,Melissa Jensen,17,Female,77.73,23.74,80.53,59.56,74.85,No,2,Medium,59.74
STU11689,Robert Marquez,20,Male,69.73,,95.0,75.63,65.98,No,0,Low,74.6
STU11690,Kim Beltran,22,Female,80.46,24.68,81.28,57.19,66.48,Yes,1,High,66.39
STU11691,Julie Anderson,22,Female,87.19,26.53,85.27,58.08,67.1,Yes,0,High,56.16
STU11692,Tamara Mcdonald,20,Male,58.61,33.41,70.71,56.74,55.13,Yes,0,Medium,55.35
STU11693,Michael Mckinney,23,Male,81.6,15.51,83.53,50.87,68.12,Yes,2,Medium,67.51
STU11694,David Walker,21,Other,89.19,18.77,88.86,49.2,76.2,No,1,Medium,66.43
STU11695,Lisa Durham,24,Female,73.02,15.08,78.94,48.43,60.4,No,4,Medium,43.19
STU11696,Michael Ortega,17,Female,,18.01,74.62,51.15,65.82,No,1,Medium,61.78
STU11697,Sonya Chavez,23,Male,100.0,28.73,87.33,63.75,75.49,No,2,Medium,72.28
STU11698,John Bell,17,Female,76.75,8.58,58.38,36.34,55.53,Yes,1,High,46.83
STU11699,Christopher Tate,24,Female,82.72,11.97,74.2,46.0,56.26,Yes,1,Medium,61.26
STU11700,Bethany Garcia,21,Female,69.14,27.64,72.67,42.41,60.38,Yes,1,Medium,56.69
STU11701,Rebecca Nguyen,22,Other,80.18,25.14,73.75,57.76,69.05,No,0,Medium,48.7
STU11702,Rebecca Patel,23,Male,83.52,15.46,73.21,40.61,63.55,No,1,High,64.37
STU11703,Jason Oliver,19,Male,80.34,23.98,78.39,46.79,56.02,No,0,Medium,58.91
STU11704,Valerie Reyes,19,Female,65.76,20.39,70.02,40.09,50.47,Yes,1,High,66.16
STU11705,Robert Garza,24,Female,80.48,28.5,89.7,66.2,71.64,Yes,0,High,67.38
STU11706,Jessica Cobb,19,Male,95.55,18.52,83.89,51.01,,No,2,High,63.13
STU11707,Cynthia Bates,22,Male,83.38,25.18,82.02,45.28,70.87,Yes,0,High,74.92
STU11708,Timothy Andrews,24,Male,89.54,36.49,95.0,75.29,77.16,No,2,Medium,68.85
STU11709,Mr. Joel Peters,22,Male,75.16,22.19,71.12,39.68,55.72,Yes,0,Medium,62.91
STU11710,Casey Blanchard,21,Female,87.0,,80.97,52.09,60.81,Yes,1,Medium,70.01
STU11711,Brian Cervantes,17,Female,81.35,23.06,83.12,57.52,57.45,No,3,Medium,63.35
STU11712,Jamie Snyder,21,Male,66.59,15.44,58.64,44.94,46.34,Yes,2,Low,45.45
STU11713,Ann Montoya,21,Male,81.82,34.72,95.0,82.99,79.32,No,2,Medium,71.38
STU11714,Stephanie Fields,22,Male,66.1,19.26,66.49,35.78,53.03,No,2,Medium,44.47
STU11715,Charles Hernandez,24,Male,70.41,16.09,73.24,45.46,56.45,Yes,2,High,61.0
STU11716,Jean Lane,24,Female,80.27,12.15,82.13,44.74,62.45,No,2,Medium,37.71
STU11717,Michael Stewart,19,Other,81.57,25.68,91.5,64.75,68.48,No,2,Medium,63.56
STU11718,Susan Torres,18,Female,63.73,24.07,76.84,55.34,61.33,Yes,1,High,58.07
STU11719,Jessica Haas,17,Male,90.65,14.52,75.44,43.1,69.27,No,3,Medium,52.88
STU11720,Brandon Smith,22,Female,84.86,22.04,89.91,55.0,71.67,No,3,High,70.23
STU11721,Mrs. Bethany Phillips,19,Female,69.54,7.44,70.69,29.95,53.93,Yes,2,High,42.87
STU11722,Joshua Brown,23,Female,59.55,19.29,66.33,,54.82,No,2,Medium,60.66
STU11723,Samantha Howard,18,Male,76.26,21.17,72.27,52.67,50.16,Yes,1,Medium,63.54
STU11724,Sharon Young,18,Male,72.65,29.95,67.81,60.9,53.55,No,1,Medium,67.04
STU11725,Jennifer Flores,22,Male,79.36,12.6,74.09,41.25,59.23,No,1,High,53.98
STU11726,James Gardner,20,Male,73.64,9.05,67.35,32.95,50.08,Yes,3,Medium,51.44
STU11727,Karen Lopez,17,Male,53.91,11.73,72.34,34.39,49.86,Yes,2,Medium,54.42
STU11728,Tim Larsen,18,Male,73.34,60.0,70.46,41.13,63.93,Yes,0,High,57.68
STU11729,Zachary Santiago,22,Female,74.33,27.36,93.58,56.72,70.86,Yes,2,Medium,64.06
STU11730,Benjamin Smith,22,Female,85.6,28.84,82.45,73.12,79.28,No,0,High,74.94
STU11731,Katelyn Kim,19,Male,69.62,20.24,84.67,45.14,59.17,No,0,High,58.8
STU11732,Angela May MD,23,Male,98.14,26.55,86.36,,67.31,Yes,1,High,65.71
STU11733,Richard Munoz,20,Female,55.06,18.94,75.64,60.16,57.17,No,0,High,41.89
STU11734,Christopher Hicks,17,Female,93.73,17.33,70.0,49.56,56.95,No,2,Medium,51.35
STU11735,Joanna Kelly,24,Female,75.31,15.67,75.77,47.86,67.66,No,1,High,44.77
STU11736,Larry Lane,21,Other,88.32,15.83,62.69,34.09,57.56,No,5,Medium,46.28
STU11737,Cynthia Shaw,23,Female,78.96,7.17,66.23,25.86,,No,1,Medium,57.22
STU11738,Joshua Richardson,23,Other,91.67,19.85,86.49,60.19,77.35,Yes,4,Medium,57.46
STU11739,Laura Bush,19,Male,73.35,17.72,70.68,56.52,47.2,Yes,1,High,62.04
STU11740,John Vaughn,24,Male,64.82,23.22,67.86,46.04,,No,3,High,64.59
STU11741,Nicholas Terrell,18,Male,95.05,18.65,89.96,47.43,59.49,Yes,3,High,56.4
STU11742,Dr. Julie Miller,18,Male,76.64,16.86,74.48,29.8,51.89,No,2,Low,60.41
STU11743,Ann Kennedy,19,Male,,11.9,68.84,33.63,50.72,No,2,High,52.52
STU11744,Toni Miller,22,Female,92.82,,82.63,51.19,69.88,No,3,High,76.44
STU11745,Rebecca Edwards,18,Female,65.62,23.17,95.0,72.48,71.64,Yes,2,Medium,71.62
STU11746,Greg Osborne,20,Female,,10.0,82.03,49.62,71.33,Yes,3,,60.21
STU11747,Jose Harrison,17,Male,70.92,18.61,84.01,54.83,58.51,Yes,0,Medium,40.48
STU11748,Jennifer Yu,23,Female,76.41,19.63,80.93,49.32,64.9,Yes,2,Low,50.88
STU11749,Donna Johnson,23,Female,78.87,12.97,74.31,39.74,56.89,Yes,3,Medium,60.57
STU11750,Nicole Acosta,20,Male,60.0,13.89,47.94,42.52,34.45,No,0,Medium,51.55
STU11751,Amy Kennedy,24,Female,68.65,19.61,69.29,48.28,49.34,Yes,1,Medium,44.25
STU11752,Anthony Mooney,18,Male,,10.07,72.18,25.82,53.34,Yes,3,Medium,53.16
STU11753,Lori Mitchell,23,Male,88.63,20.45,67.38,41.97,63.74,Yes,1,Medium,56.04
STU11754,Jonathan York,21,Female,77.25,11.73,62.16,31.35,51.72,Yes,2,Low,49.9
STU11755,Casey Campbell,24,Male,80.92,25.44,67.83,47.05,50.04,Yes,4,High,60.06
STU11756,Alexis Rodriguez,17,Male,74.47,34.36,88.25,71.14,69.15,Yes,2,Medium,67.89
STU11757,Kevin Hernandez,17,Female,94.28,11.97,84.13,46.69,77.25,No,2,Medium,68.89
STU11758,Robert Green,23,Female,75.6,21.74,87.7,56.32,65.59,Yes,0,Medium,59.96
STU11759,Kari Lloyd,19,female,80.78,12.91,76.92,54.14,60.26,No,0,Medium,58.41
STU11760,Grace Miller,24,Male,91.75,25.29,79.64,51.19,67.7,No,1,High,72.04
STU11761,Timothy Moore,23,Male,68.67,9.14,50.89,43.27,52.16,Yes,0,Medium,43.46
STU11762,Wyatt Townsend II,19,Female,96.71,21.36,71.88,44.74,58.66,No,3,Medium,56.19
STU11763,Mark Clark,23,Male,59.63,11.89,55.23,34.99,46.74,Yes,3,High,44.55
STU11764,Haley May,21,Male,97.56,16.55,75.27,45.15,60.8,Yes,1,Medium,64.57
STU11765,Audrey Jackson,24,Female,73.53,10.78,68.08,40.13,57.17,Yes,1,Low,53.03
STU11766,Eric Reese,22,Female,75.09,23.76,72.17,54.59,60.55,Yes,2,Low,53.69
STU11767,Kim James,17,Male,55.32,12.14,66.79,42.8,51.74,Yes,3,Low,49.36
STU11768,Karen Thomas,23,Female,72.54,21.86,76.02,46.43,52.64,Yes,4,,40.13
STU11769,Alexandra Ho,21,Female,65.52,15.59,70.49,36.33,45.32,No,1,Medium,53.71
STU11770,Michael Nixon,19,Male,70.71,17.2,82.63,68.46,72.1,No,1,,73.7
STU11771,Amanda Hardin,19,Male,76.35,19.03,67.51,42.22,53.64,Yes,3,High,54.12
STU11772,Tina Reynolds,17,Female,89.49,12.67,79.81,50.94,65.85,Yes,2,Medium,58.0
STU11773,Shannon Rogers,20,Male,80.49,19.47,78.64,39.71,55.78,Yes,0,Low,54.21
STU11774,Brett Pena,23,Female,81.69,28.71,83.89,58.76,71.55,Yes,1,Low,58.61
STU11775,Raymond Curry,24,Male,64.85,12.55,74.82,,50.0,No,1,Medium,45.36
STU11776,Leah Lee,18,Male,67.43,26.2,86.6,63.24,64.16,Yes,2,Medium,67.21
STU11777,Michael White,19,M,99.58,28.49,85.07,42.01,69.84,Yes,0,Medium,72.75
STU11778,Megan Decker,24,Male,69.18,12.29,67.58,41.41,59.1,No,1,Medium,54.02
STU11779,Brent Garcia,24,Male,97.87,7.81,77.76,33.19,56.27,No,0,High,78.32
STU11780,Daniel Campbell,22,Male,75.08,20.11,75.19,52.2,71.35,Yes,2,Medium,71.33
STU11781,Alexander Davis,24,Female,78.03,14.17,78.32,39.33,58.65,No,1,Medium,60.17
STU11782,Mary Houston,24,Other,90.84,,93.91,61.13,66.02,Yes,1,High,78.7
STU11783,Margaret Erickson,22,Female,93.26,18.24,95.0,,73.43,Yes,1,Low,67.78
STU11784,Scott Anderson,19,Female,76.67,12.38,,29.32,44.98,Yes,1,Medium,50.9
STU11785,Stephanie Knight,24,Male,73.34,9.97,67.67,35.1,53.52,Yes,2,Low,49.81
STU11786,Stephanie Dominguez,20,Other,77.33,25.63,75.3,46.04,57.78,No,2,Low,61.51
STU11787,John Mayer,20,Male,82.06,14.0,79.75,34.26,56.88,Yes,5,Medium,54.48
STU11788,Tammy Hill,21,Female,88.7,18.31,67.75,,55.32,Yes,1,Medium,56.55
STU11789,Steven Carrillo,22,Other,78.05,24.69,84.84,48.86,,Yes,0,Medium,72.4
STU11790,Christopher Jones,21,Female,85.43,14.61,71.55,42.63,50.81,Yes,2,High,55.32
STU11791,Janet Cook,22,Other,97.66,17.68,77.45,54.27,59.99,No,2,,55.03
STU11792,Tyler Baker,23,Female,82.58,17.88,66.64,39.99,,Yes,1,Medium,50.37
STU11793,John Mcfarland,23,Male,81.74,22.78,78.11,47.6,70.15,Yes,2,Low,65.6
STU11794,Cassandra Vasquez,24,Male,59.77,22.14,82.3,56.33,57.23,No,0,Medium,76.02
STU11795,Randy Robinson,18,Female,46.43,16.46,64.22,,52.54,Yes,2,Medium,44.18
STU11796,Susan Baldwin,23,Male,82.66,18.45,83.71,44.24,67.7,Yes,0,High,70.2
STU11797,Benjamin Duncan,18,Female,76.86,15.4,87.54,50.66,68.1,Yes,3,Medium,64.58
STU11798,Jeremy Mosley,23,Other,71.82,7.66,68.37,24.77,45.27,Yes,0,Low,51.76
STU11799,Martin Fitzpatrick,17,Male,,19.8,74.69,46.7,52.44,Yes,1,Medium,61.95
STU11800,Deborah Graves,23,Female,77.28,31.25,90.78,66.09,56.44,Yes,1,Low,72.09
STU11801,Laura Robertson,21,Female,91.53,11.81,72.13,35.93,55.52,No,3,Medium,56.04
STU11802,Katherine Graham,19,Female,79.03,12.59,68.7,37.79,60.66,No,1,Medium,47.36
STU11803,Priscilla Floyd,24,Other,69.04,11.9,56.53,25.1,36.26,No,3,Low,32.77
STU11804,April Finley,21,Female,89.88,23.07,92.33,60.54,75.56,No,3,Medium,70.89
STU11805,Karen Bradley,19,Other,75.39,21.14,75.21,58.15,56.06,Yes,1,Medium,63.44
STU11806,Heather Maldonado,20,Female,84.32,16.89,79.48,41.6,60.12,No,2,Medium,54.74
STU11807,Mark Benjamin,21,Male,72.27,11.57,61.27,32.47,52.06,Yes,0,Low,60.44
STU11808,Joseph Woodward,20,Male,70.2,18.65,77.98,53.52,55.72,Yes,1,High,68.15
STU11809,Joe Miranda,18,Female,79.01,7.05,62.2,,54.17,Yes,0,Medium,37.73
STU11810,Cassandra Williams,18,Male,78.15,19.0,76.42,39.14,53.67,Yes,2,High,58.24
STU11811,Connor Dominguez,17,Female,83.76,24.1,90.62,58.88,72.96,No,3,Medium,60.11
STU11812,Lydia Howard,23,Female,74.78,9.24,74.89,43.08,57.65,Yes,1,Medium,68.95
STU11813,Mark Moss,21,Male,,7.27,60.23,32.21,43.67,Yes,1,Medium,28.35
STU11814,Corey Cortez,20,Female,72.81,29.06,69.58,37.22,61.45,Yes,0,Medium,59.93
STU11815,Katherine Brown,19,Female,87.53,13.72,95.0,57.23,74.39,Yes,1,Low,67.09
STU11816,Elizabeth Ferguson,18,Female,74.43,25.95,95.0,74.15,68.92,Yes,2,Medium,76.81
STU11817,Joann Forbes,23,Male,75.04,16.92,80.58,50.62,60.14,Yes,0,High,65.33
STU11818,Anthony French,18,Male,89.84,16.87,73.91,39.53,58.01,Yes,4,Medium,72.68
STU11819,Bruce Roman,19,Male,69.46,21.07,75.26,47.13,56.92,No,0,Low,58.71
STU11820,Judy Gregory,23,Female,59.49,11.81,60.92,49.25,65.53,Yes,1,Medium,41.25
STU11821,Brittany Riley,23,Male,76.07,18.93,86.88,60.61,68.52,Yes,2,High,78.71
STU11822,Amanda Thomas,20,Female,72.19,15.33,74.63,50.33,45.84,No,5,High,57.0
STU11823,Kaitlin Hardin,20,Male,66.41,8.76,58.97,36.04,43.65,No,1,Low,51.03
STU11824,Michael Anderson,21,Male,75.9,20.36,74.09,45.0,45.36,Yes,1,High,55.38
STU11825,Anthony Parker,21,Female,83.9,16.16,86.26,50.34,62.49,Yes,0,Medium,55.51
STU11826,Joy Jackson,22,Female,77.89,16.9,88.58,52.84,52.62,No,1,Medium,49.9
STU11827,Sabrina Rodriguez,24,Male,81.68,9.53,83.44,49.02,57.38,Yes,2,Medium,66.95
STU11828,Robert Walker PhD,22,Male,99.76,29.14,95.0,76.62,71.13,Yes,1,High,85.02
STU11829,Robert Hendrix,17,Male,73.89,24.14,78.15,62.3,66.03,Yes,5,High,63.16
STU11830,Erika Daugherty,18,Female,81.34,24.75,57.34,35.66,50.02,No,2,High,34.33
STU11831,Brenda Copeland,21,Female,71.89,15.86,75.23,48.11,59.2,No,2,Low,60.33
STU11832,Pamela Watkins,20,Male,67.84,5.9,63.45,38.43,48.82,No,3,High,35.38
STU11833,Bryan Thomas,19,Male,70.98,31.67,86.3,68.5,59.25,Yes,5,Low,78.39
STU11834,Michael Tran,20,Male,72.25,17.57,74.78,43.3,58.73,Yes,0,Medium,46.66
STU11835,Timothy Williams,18,Female,82.31,12.76,63.41,59.14,,Yes,2,Medium,61.83
STU11836,Ryan Salazar,22,Other,100.0,20.92,91.19,48.83,71.9,No,2,Medium,68.73
STU11837,Alexis Tucker,20,Male,69.41,26.17,85.29,51.73,58.49,No,1,Medium,61.92
STU11838,Christopher Davis,24,Female,73.0,17.84,80.28,52.03,51.98,Yes,0,Medium,60.35
STU11839,Stacie Butler,17,Male,77.24,26.95,91.17,77.4,68.3,No,2,High,73.33
STU11840,Patricia Schwartz,18,Male,82.75,25.58,89.26,54.78,69.36,Yes,1,,64.36
STU11841,Mark Mills,22,Female,81.16,10.47,68.5,37.34,60.35,Yes,0,Medium,53.43
STU11842,Todd Bishop,24,Female,93.41,13.28,77.75,53.16,66.85,No,0,High,60.34
STU11843,Christopher Porter,19,Female,48.88,24.7,,52.31,57.11,Yes,0,Low,53.11
STU11844,Lori Patton,22,Female,49.36,2.0,54.74,23.89,41.37,Yes,0,Medium,26.49
STU11845,Aaron Young,23,Male,72.05,16.95,81.77,54.32,64.59,Yes,2,Medium,63.92
STU11846,Joseph Davis,24,Female,91.17,7.98,78.45,43.6,57.63,No,0,Medium,56.0
STU11847,Philip Fernandez,24,Male,59.21,14.66,84.07,56.78,60.94,No,2,Medium,63.38
STU11848,Randy Hopkins,17,Female,41.91,15.91,80.05,57.79,49.63,No,0,Medium,49.52
STU11849,Cory Hogan,18,Male,84.85,15.49,77.73,,61.97,No,2,High,66.21
STU11850,Tracy Wells,19,Female,80.92,14.13,43.94,33.12,46.99,Yes,2,Low,47.28
STU11851,Michael Williams,17,Male,64.92,10.32,75.87,43.9,64.43,Yes,3,Medium,55.37
STU11852,Dominique Hamilton,22,Male,66.17,34.04,81.07,67.14,56.51,No,1,Low,61.27
STU11853,Robert Chang,17,Female,66.36,31.07,76.67,59.75,63.39,No,2,Medium,51.35
STU11854,Patrick Buckley,24,Male,79.33,9.87,67.47,38.25,62.35,No,2,Medium,62.5
STU11855,Richard Washington,18,Female,70.48,29.07,79.36,67.35,69.55,No,2,High,63.84
STU11856,Steven Griffith,21,Male,83.93,15.2,81.44,59.42,71.21,No,4,High,65.6
STU11857,Erika Gonzalez,17,Male,43.74,18.9,,28.4,40.29,Yes,2,Medium,33.37
STU11858,Erika Maxwell,23,Male,67.72,17.56,,42.97,59.0,Yes,1,High,51.58
STU11859,Brent Rojas,17,Male,64.49,13.38,71.02,37.84,44.15,No,2,Medium,59.0
STU11860,Jaime Walker,22,Female,74.92,24.89,86.12,56.49,56.02,No,1,Medium,61.46
STU11861,John Zamora,22,Male,71.54,18.88,80.28,54.05,60.85,No,2,,56.56
STU11862,Timothy Gibson,19,Female,87.57,14.66,,,47.19,Yes,0,Medium,53.92
STU11863,Chad Cortez,22,Female,55.69,8.87,53.76,30.5,48.11,Yes,0,High,46.58
STU11864,Vanessa Harris,20,Male,78.55,11.74,67.83,26.53,56.6,No,0,Medium,54.62
STU11865,Michael Brown,18,Female,84.7,6.51,71.77,30.75,,No,1,Medium,51.26
STU11866,Samuel Ellis,18,Female,100.0,18.09,95.0,63.49,73.5,No,3,High,75.29
STU11867,Greg Tanner,21,Female,72.22,9.62,51.6,20.0,40.1,Yes,4,High,38.16
STU11868,Rachel Little,21,Male,81.89,16.14,74.81,54.89,62.44,No,0,High,60.2
STU11869,Carolyn Cordova,18,Male,56.35,27.59,66.13,,54.11,No,3,Medium,54.54
STU11870,Angelica Vincent,23,Female,49.3,26.4,60.15,57.4,53.81,No,1,Medium,51.1
STU11871,Zachary Vargas PhD,21,Female,88.14,17.77,87.8,52.34,65.66,Yes,1,Medium,62.42
STU11872,Nicholas Fitzgerald,19,Female,77.93,17.39,80.55,35.73,61.81,Yes,0,Medium,54.45
STU11873,Garrett Riley,22,Male,92.14,31.16,95.0,70.69,78.95,No,5,High,80.42
STU11874,Leslie Hernandez,18,Female,61.52,21.65,81.22,62.79,58.08,Yes,4,High,67.02
STU11875,Abigail Baird,24,Male,84.24,15.71,73.21,51.98,69.23,Yes,0,High,72.26
STU11876,John Mack,21,Female,100.0,8.02,72.95,34.6,50.85,Yes,0,Low,53.8
STU11877,Joseph Mendoza,18,Male,83.04,20.76,95.0,59.96,69.69,No,3,High,55.45
STU11878,Samantha Chavez,20,Female,81.32,23.81,80.53,51.55,68.34,Yes,1,High,83.78
STU11879,Justin Smith,17,Male,78.1,13.58,79.08,40.71,53.16,Yes,1,Medium,55.94
STU11880,Tiffany Anderson,22,Male,59.15,20.04,71.78,55.02,57.44,No,1,Medium,51.73
STU11881,Matthew Davis,18,Female,94.27,15.45,65.57,33.49,58.22,No,3,High,56.42
STU11882,Eric Warner,17,Male,70.67,16.71,56.75,32.65,40.96,Yes,1,Medium,43.45
STU11883,Nicole Johnson,21,Male,84.05,2.0,61.39,21.5,46.52,Yes,2,,43.38
STU11884,Raymond Sawyer,17,Male,59.24,16.45,77.34,37.53,50.21,No,1,Medium,54.18
STU11885,Richard Wood,22,Female,63.85,24.79,83.48,58.42,58.14,Yes,0,High,63.17
STU11886,Mark Dalton,18,Female,,13.58,86.5,57.92,83.84,No,2,High,71.54
STU11887,Steven Cook,20,Male,73.83,18.37,67.64,43.84,49.51,Yes,1,Medium,35.98
STU11888,Jeffery Nelson,23,Female,95.44,12.71,91.5,40.8,71.62,No,0,High,65.0
STU11889,Kimberly Norton,21,Female,77.06,20.52,70.67,54.1,57.04,No,2,Medium,49.32
STU11890,Angela Gilmore,18,Male,55.9,16.48,69.45,56.24,47.98,No,2,Medium,47.33
STU11891,Amy Dougherty,22,Female,88.7,11.43,75.1,38.41,58.77,Yes,2,Low,56.07
STU11892,Stacy Rodriguez,21,Female,70.92,27.33,80.29,54.64,64.84,No,3,Medium,56.64
STU11893,Manuel Diaz,19,Female,86.38,24.5,95.0,65.96,78.71,Yes,0,High,73.17
STU11894,Justin Jones,17,Male,78.3,13.77,67.78,52.87,67.79,No,1,High,61.56
STU11895,Christine Zavala,23,Female,59.48,21.48,62.21,41.54,65.75,Yes,3,Medium,50.79
STU11896,Brian Mendoza,22,Female,79.97,21.76,80.56,44.33,61.18,No,1,Medium,51.15
STU11897,Lauren Haley,19,Male,100.0,22.5,84.8,60.58,67.66,Yes,0,Medium,57.31
STU11898,Patrick Perez,24,Male,83.92,6.14,95.0,53.26,70.84,No,1,Medium,66.22
STU11899,Derek Frazier,18,Male,77.31,25.05,87.51,59.46,64.79,Yes,2,High,65.33
STU11900,Arthur Reed,20,Male,90.9,14.01,74.75,40.94,,Yes,1,Medium,48.48
STU11901,Mr. Bryan Mckinney,21,Female,,15.5,67.13,49.57,49.84,Yes,0,Medium,63.92
STU11902,Kim Carter,17,Male,80.51,36.47,77.31,67.66,81.21,Yes,2,Medium,74.21
STU11903,Rebecca Dougherty,21,Male,64.9,20.11,65.6,40.23,55.12,Yes,3,Low,41.38
STU11904,Teresa Jones,23,Female,80.81,15.3,76.44,46.98,49.47,Yes,3,High,54.53
STU11905,Judith Miller,18,Male,90.43,2.56,80.12,28.64,52.41,No,0,Medium,59.13
STU11906,Donna Frye,21,Other,67.97,27.73,89.94,67.46,72.48,Yes,2,Medium,67.73
STU11907,Donald Terry,17,Male,120.0,8.58,76.98,39.67,,No,3,High,58.91
STU11908,Shaun Meyer DDS,18,Male,76.9,10.98,68.11,36.38,44.76,Yes,3,High,58.52
STU11909,Wayne Weaver,21,Male,67.35,15.68,73.27,45.28,58.94,No,1,,55.73
STU11910,Gregory Wallace,20,Male,89.97,27.91,84.67,60.72,57.46,Yes,3,High,77.73
STU11911,Dorothy Brown,22,Male,74.56,23.41,93.57,67.1,69.66,No,0,High,67.36
STU11912,Crystal Meza,18,Female,87.11,,77.49,52.53,70.08,No,1,Medium,58.13
STU11913,Jennifer Cooper,22,Other,74.5,20.16,76.51,49.46,55.58,Yes,0,Low,55.4
STU11914,Erin Watkins,24,Male,77.28,13.8,55.36,,41.34,No,3,Medium,53.08
STU11915,Sarah Wallace,18,Female,83.92,18.98,77.99,53.08,63.83,Yes,0,High,67.36
STU11916,Carlos Clarke,20,Female,81.49,18.51,85.02,50.09,59.78,No,1,Low,57.69
STU11917,David Washington,22,Female,54.05,24.78,65.2,48.29,53.75,Yes,1,Low,44.31
STU11918,Patricia Williams,19,Male,64.55,24.77,71.4,50.91,,Yes,2,Low,45.69
STU11919,Jesus Jackson,17,Male,89.15,21.46,89.71,61.07,65.94,Yes,0,High,77.99
STU11920,Michelle Mitchell,19,Male,76.41,15.46,62.3,37.84,38.91,No,1,Medium,54.03
STU11921,Sara Schwartz,21,Female,,23.19,87.12,55.02,64.34,Yes,0,Medium,71.02
STU11922,Brittany Young,20,Female,61.7,17.36,66.22,57.47,54.44,No,3,Low,55.74
STU11923,Eugene Martinez,19,Male,65.04,10.43,63.0,43.27,43.17,Yes,0,High,54.49
STU11924,Cody Hart,18,Male,53.74,15.18,56.96,32.45,43.04,Yes,1,Medium,47.0
STU11925,Evan Cooper,21,Female,76.78,,79.77,54.77,68.46,No,2,Medium,62.26
STU11926,Joshua Martin,21,Female,70.82,80.0,95.0,63.08,66.99,No,0,,69.58
STU11927,Thomas Sullivan,19,Other,66.4,16.72,77.86,51.15,59.47,No,1,Medium,55.85
STU11928,Mr. Jimmy Flores Jr.,24,Female,77.18,9.54,62.73,36.82,52.64,No,1,Medium,52.99
STU11929,Vanessa Rivera,19,Male,82.37,18.4,87.63,62.48,61.52,No,0,Medium,69.94
STU11930,Kara Roberts,24,Female,100.0,18.79,82.5,54.58,81.19,No,2,Medium,59.73
STU11931,Veronica Berry,20,Female,59.86,19.3,82.39,52.08,55.08,Yes,2,High,68.21
STU11932,Keith Meadows,17,Male,91.91,24.44,93.17,68.77,78.94,Yes,0,Medium,74.17
STU11933,Michael Dennis,19,Female,89.68,25.13,62.95,50.07,,Yes,4,Medium,70.89
STU11934,Brenda Pierce,23,Female,68.65,13.84,62.07,39.85,48.89,Yes,1,High,61.87
STU11935,James Randall,24,Male,80.44,13.69,81.66,49.89,65.71,Yes,2,High,57.64
STU11936,Brandon Brown,19,Female,72.51,10.72,70.17,39.49,54.47,No,0,Medium,51.04
STU11937,Lauren Walker,22,Female,80.23,22.89,73.2,51.32,51.47,Yes,2,Low,42.18
STU11938,Diana Johnson,18,Female,96.11,28.14,86.08,57.14,67.86,No,1,High,67.55
STU11939,Jill Powers,23,Male,85.27,15.79,62.23,35.38,48.69,No,3,High,55.34
STU11940,Jorge Lee,23,Male,84.1,16.31,76.78,40.61,55.5,Yes,3,Medium,63.34
STU11941,Larry Harding,24,Female,72.84,28.27,95.0,55.62,58.35,Yes,0,Medium,65.36
STU11942,Heather Hernandez,22,Male,60.19,21.54,,46.96,,Yes,1,Low,58.24
STU11943,Jaclyn Watson,22,Female,75.5,21.05,95.0,58.37,77.42,No,3,Medium,62.59
STU11944,Gregory Madden,21,Female,92.48,9.66,82.16,45.42,69.53,No,1,Low,58.09
STU11945,Anita Luna,24,Male,59.67,,82.31,53.34,65.9,Yes,0,Medium,56.84
STU11946,Willie Lara,17,Female,65.34,11.5,82.86,29.99,49.62,No,1,Low,48.48
STU11947,Robert Waller,18,Female,79.52,10.06,,52.33,56.54,Yes,3,Medium,67.55
STU11948,Steven Taylor,20,Male,66.18,15.57,69.12,51.17,50.52,No,5,Medium,51.55
STU11949,Angelica Clark,23,Female,68.49,13.9,78.35,49.5,61.82,No,4,Medium,46.79
STU11950,Sean Hatfield,20,Female,72.92,,85.31,64.9,67.9,Yes,0,Low,63.8
STU11951,Tyler Avila,19,Female,61.61,7.91,59.06,26.06,41.78,Yes,1,Medium,47.84
STU11952,Jason Rocha,19,Female,66.31,24.71,72.21,65.48,68.93,Yes,1,High,59.99
STU11953,Justin Page,20,Male,86.44,25.89,87.08,53.14,68.76,Yes,2,Medium,75.78
STU11954,Breanna Lopez,19,Female,62.31,4.37,66.96,35.3,42.99,No,0,High,43.02
STU11955,Julian Williams,17,Female,58.83,24.85,81.85,47.8,51.91,Yes,1,Medium,51.14
STU11956,Sandra Torres,22,Female,70.44,12.33,58.12,36.12,51.78,No,1,Medium,34.74
STU11957,Julie Johnson,19,Female,86.78,24.0,95.0,64.65,79.07,Yes,1,Medium,75.2
STU11958,Dennis Blanchard,21,Male,75.64,17.52,70.36,44.6,58.94,No,3,High,70.41
STU11959,Kaitlyn Valdez,19,Female,72.43,18.2,72.79,52.31,69.63,No,1,Low,58.59
STU11960,Jennifer Vasquez,18,Male,78.53,16.7,68.63,44.94,65.76,No,1,Low,48.3
STU11961,Danielle Wilson,17,Male,57.05,26.48,95.0,60.28,66.51,Yes,1,Medium,68.81
STU11962,Zachary Jones,18,Male,83.94,,73.77,36.69,50.93,Yes,3,High,62.41
STU11963,Lauren Cunningham,18,Other,82.6,22.25,74.91,57.19,55.28,No,1,High,70.09
STU11964,Lori Alvarez,21,Female,73.09,,88.06,55.62,61.83,Yes,0,Medium,55.37
STU11965,Barbara Hunt,17,Female,90.07,23.01,91.09,65.81,77.4,Yes,3,Medium,83.56
STU11966,Sarah Martin,17,Female,64.47,34.27,83.48,73.54,77.86,Yes,4,Medium,72.18
STU11967,Francisco Johns,24,Female,91.53,14.3,85.2,38.1,64.28,No,1,Medium,71.88
STU11968,Christopher Nelson,17,Female,79.85,24.7,76.11,61.94,71.49,No,2,Medium,65.25
STU11969,Thomas Kelly,17,Female,,17.26,70.75,60.07,59.27,No,0,High,64.7
STU11970,Joseph Mayer,17,Male,,26.63,67.44,53.42,62.11,Yes,0,High,56.72
STU11971,Pamela White,21,Male,76.71,17.95,65.61,48.08,60.63,Yes,1,Medium,63.99
STU11972,Paul Stephens,19,Female,92.64,15.28,94.11,61.84,61.16,No,1,Medium,58.13
STU11973,Samantha Cohen,24,Female,65.08,27.14,92.62,61.47,63.09,Yes,3,Medium,67.31
STU11974,Michael Barker,18,Male,68.85,14.56,71.27,45.0,60.04,Yes,3,Medium,52.76
STU11975,Kevin Morrow,17,Male,90.44,8.11,86.44,36.19,62.86,No,0,Medium,57.41
STU11976,Joseph Watson,23,Female,70.85,14.38,70.02,43.99,46.94,Yes,1,Low,56.92
STU11977,Mr. Thomas Garcia,19,Male,88.81,22.33,82.0,58.25,52.61,Yes,0,Medium,60.39
STU11978,Daniel Lopez,19,Female,98.39,27.74,92.09,67.25,73.57,Yes,3,Medium,81.92
STU11979,Lisa Guerra,18,Other,73.18,18.78,74.64,56.07,59.88,Yes,2,High,60.05
STU11980,Kim Arnold,21,Male,86.18,27.23,85.22,54.71,60.96,Yes,1,Medium,66.15
STU11981,Ashley Stevens,20,Male,64.16,8.49,,36.09,51.55,No,1,,63.73
STU11982,Robert Mclean,20,Female,87.06,14.9,78.59,60.55,69.57,Yes,2,Medium,66.37
STU11983,Eric Cox,19,Female,80.39,15.98,81.62,48.46,65.57,Yes,0,Low,58.33
STU11984,Stacy Harper,22,Female,83.68,17.2,86.3,53.99,51.57,No,1,High,63.06
STU11985,Gloria Mckinney,22,Other,70.25,18.59,,49.31,50.2,No,3,High,54.94
STU11986,Robert Walker,18,Male,58.07,22.84,65.83,42.14,47.19,Yes,5,Low,40.52
STU11987,Brenda Perez,20,Female,84.04,14.89,65.5,52.75,62.55,No,4,High,74.54
STU11988,Carlos Miller,19,Female,53.24,18.97,70.0,42.99,52.29,No,2,Medium,46.66
STU11989,Rachel Jones,21,Female,74.19,17.68,73.74,39.44,57.31,Yes,1,High,48.09
STU11990,Nicole Williams,20,Male,89.29,11.52,,40.34,56.99,Yes,3,Medium,56.58
STU11991,Ricky Palmer,19,Female,80.3,17.2,76.74,34.28,53.13,Yes,1,Medium,57.61
STU11992,Bryan King,19,Female,100.0,16.99,95.0,51.79,67.26,No,1,Medium,65.27
STU11993,Michael Webster,17,Male,90.3,16.84,69.44,37.95,61.3,Yes,0,High,60.53
STU11994,Tamara Harris,21,Male,70.15,18.22,58.21,45.1,45.26,Yes,1,Medium,49.09
STU11995,Cathy Bell,17,Female,78.33,18.53,79.9,46.06,64.77,No,1,,64.89
STU11996,Ryan Mcmahon,18,Male,77.43,14.97,71.07,50.17,59.49,Yes,1,Low,60.71
STU11997,Hannah Martin,17,Male,59.01,26.91,79.71,67.19,61.91,No,2,High,62.4
STU11998,Monica Allen,23,Male,66.72,9.81,70.87,45.21,49.82,No,4,Low,65.28
STU11999,Annette Lane,17,Female,71.27,12.95,80.58,45.12,49.65,Yes,4,High,65.47
STU11860,Jaime Walker,22,Female,74.92,24.89,86.12,56.49,56.02,No,1,Medium,61.46
STU10353,Michael Farrell,24,Female,90.28,22.05,73.04,54.97,71.36,No,2,High,58.69
STU11333,James Morgan,24,Female,92.75,18.33,94.47,51.75,70.11,Yes,3,Low,64.05
STU10905,Johnathan Brown,18,Male,79.78,10.06,85.53,43.21,64.45,No,2,High,60.36
STU11289,Heather Parrish,17,Male,83.49,19.62,65.29,43.39,59.3,Yes,1,Medium,48.41
STU11273,Raymond Quinn,19,Female,78.56,21.34,73.71,,55.7,No,0,Low,56.52
STU10938,Amy Ramirez,22,Female,70.47,13.76,77.58,46.06,52.3,No,3,Medium,51.56
STU11731,Katelyn Kim,19,Male,69.62,20.24,84.67,45.14,59.17,No,0,High,58.8
STU10065,Amber Kidd,18,Female,81.26,22.26,75.81,53.99,,No,3,Low,45.82
STU11323,Matthew Watts,22,Male,87.84,37.77,93.64,61.15,84.08,Yes,3,High,81.7
