StudentID,Name,Age,Gender,AttendancePct,StudyHoursPerWeek,PreviousGrade,AssignmentMarks,InternalAssessmentMarks,OnlineClasses,ExtracurricularActivities,ParentalSupport,FinalExamMarks
STU10001,Allison Hill,23,Male,88.6,7.78,85.35,53.76,67.11,Yes,1,Medium,68.2
STU10002,Noah Rhodes,20,Female,84.17,20.28,65.6,59.41,52.96,Yes,0,Low,52.83
STU10003,Angie Henderson,21,Female,84.84,18.51,62.42,62.05,59.86,No,2,Medium,65.05
STU10004,Daniel Wagner,23,Female,64.34,9.96,62.85,54.59,49.67,No,1,Medium,48.23
STU10005,Cristian Santos,19,Female,90.12,22.43,62.21,76.58,70.07,No,0,Medium,68.26
STU10006,Connie Lawrence,24,Female,80.61,24.3,72.61,75.6,80.86,Yes,4,High,72.99
STU10007,Abigail Shaffer,21,Female,74.31,21.36,84.7,72.9,72.52,Yes,0,Medium,69.32
STU10008,Gina Moore,21,Female,79.43,18.06,58.6,51.08,44.32,Yes,2,Low,55.05
STU10009,Gabrielle Davis,23,Male,60.24,23.55,51.71,52.27,46.63,Yes,0,Medium,36.99
STU10010,Ryan Munoz,18,Female,82.09,24.08,64.2,61.63,61.07,No,2,Low,60.91
STU10011,Monica Herrera,19,Male,67.71,21.84,73.66,70.87,64.56,Yes,2,Medium,68.36
STU10012,Jamie Arnold,23,Other,64.47,15.05,69.2,59.59,54.32,No,2,Medium,51.78
STU10013,Lisa Hensley,19,Female,62.78,21.66,61.69,51.76,53.49,No,2,Medium,52.13
STU10014,Michele Williams,19,Male,89.13,27.17,84.45,77.2,68.19,Yes,0,High,67.52
STU10015,Dylan Miller,24,Female,71.71,16.42,74.91,68.41,59.78,No,0,High,57.2
STU10016,Brian Ramirez,21,Female,93.34,32.59,95.0,93.02,87.7,No,2,High,86.8
STU10017,Holly Wood,20,Male,72.64,16.85,64.13,61.11,53.28,No,2,Medium,71.36
STU10018,Derek Zuniga,24,Female,60.93,20.19,47.39,52.63,49.88,Yes,2,Medium,53.61
STU10019,Lisa Jackson,24,Female,66.83,15.97,57.16,62.25,48.31,No,1,High,48.41
STU10020,Carla Gray,19,Male,90.36,21.34,73.09,69.86,76.93,Yes,2,Medium,75.51
STU10021,Margaret Hawkins DDS,22,Female,76.44,9.55,60.45,47.17,49.08,Yes,1,High,57.15
STU10022,Patty Perez,21,Male,72.52,16.72,64.4,52.23,54.21,No,1,Low,40.28
STU10023,Ethan Adams,18,Female,79.6,13.45,74.09,62.31,65.31,No,0,Low,56.26
STU10024,Tommy Walter,24,Other,83.02,20.81,81.7,57.32,62.43,Yes,1,High,65.21
STU10025,Matthew Foster,20,Female,89.17,25.97,77.65,73.89,71.59,No,1,High,71.97
STU10026,Judy Baker,22,Male,92.48,23.88,86.4,77.02,78.57,No,0,High,75.33
STU10027,Justin Baker,22,Female,74.4,5.77,61.3,38.16,54.49,Yes,2,High,54.36
STU10028,Stephanie Ross,18,Female,64.74,32.25,73.92,70.59,67.48,No,1,Low,54.97
STU10029,Zachary Hicks,24,Male,73.87,21.77,76.13,73.71,66.36,No,1,Medium,62.68
STU10030,Anthony Rodriguez,20,Female,80.6,15.34,68.48,60.91,60.67,No,1,High,59.61
STU10031,Rebecca Henderson,21,Male,68.36,20.94,81.41,71.07,78.79,Yes,0,Medium,75.94
STU10032,James Ferrell,17,Female,68.43,21.06,57.05,59.01,59.06,Yes,0,Medium,51.62
STU10033,Tricia Valencia,20,Male,81.44,16.0,65.17,58.94,55.12,No,3,Medium,56.21
STU10034,Nathan Maldonado,18,Male,77.51,21.19,69.95,72.75,65.95,Yes,1,Low,59.93
STU10035,Debra Davidson,22,Male,78.33,16.36,70.86,62.27,60.59,Yes,1,Medium,70.71
STU10036,Jeffrey Chavez,21,Female,70.42,17.57,74.34,54.99,58.67,No,3,Medium,62.28
STU10037,Sherri Baker,20,Male,75.7,15.88,66.23,68.07,56.0,Yes,1,High,56.0
STU10038,Cassandra Gaines,17,Female,68.76,11.4,50.53,47.15,45.88,No,2,High,51.14
STU10039,Elizabeth Fowler,17,Male,86.9,20.88,80.27,68.09,78.36,No,5,Medium,64.73
STU10040,Brittany Farmer,19,Male,88.35,23.51,82.08,67.62,72.96,No,0,Medium,69.99
STU10041,Paula Moreno,19,Female,59.54,23.09,51.39,57.37,37.52,No,3,Medium,54.94
STU10042,Fred Smith,23,Female,68.7,24.92,69.9,67.04,67.75,Yes,2,Low,49.27
STU10043,Sherry Decker,18,Male,63.03,21.95,54.45,65.45,60.02,Yes,3,Medium,51.59
STU10044,Anthony Humphrey,24,Female,71.5,16.8,60.71,53.59,52.51,No,1,Low,50.45
STU10045,Angelica Tucker,20,Female,77.17,25.04,67.08,62.12,64.24,Yes,1,Medium,59.82
STU10046,Philip Cannon,20,Female,63.5,11.85,64.36,57.79,51.16,No,4,Medium,54.27
STU10047,John Pierce,24,Male,68.78,14.6,63.55,60.52,54.83,No,3,Medium,55.04
STU10048,Shane Henderson,23,Male,67.96,14.21,53.13,49.82,57.12,Yes,1,Low,39.26
STU10049,Joshua Blair,22,Female,80.07,26.48,81.72,80.84,71.55,No,1,Medium,73.87
STU10050,Eric Carney,22,Male,78.69,25.66,64.4,66.16,52.09,Yes,1,Medium,51.1
STU10051,Jessica Holmes,23,Female,70.78,22.92,71.67,68.53,62.91,Yes,0,Low,60.56
STU10052,Danny Morgan,22,Female,79.77,26.43,69.71,77.09,66.94,No,2,High,65.32
STU10053,Crystal Robinson,19,Female,72.53,14.72,61.76,58.22,62.49,No,0,Low,67.5
STU10054,Mark Perez,20,Female,75.28,22.09,74.1,67.15,64.57,Yes,2,High,65.9
STU10055,Shannon Jones,23,Other,94.73,19.25,80.02,78.92,72.47,Yes,2,Low,72.27
STU10056,Michael Lewis,20,Male,91.4,25.08,88.47,66.18,77.63,Yes,3,High,79.76
STU10057,Timothy Duncan,24,Female,65.0,19.31,63.94,71.36,60.96,Yes,3,Low,60.05
STU10058,Richard Aguirre,17,Male,86.3,17.69,74.05,55.04,58.69,Yes,2,High,63.48
STU10059,Brent Jordan,19,Male,86.11,23.25,72.65,65.73,71.43,Yes,2,Medium,61.9
STU10060,John Daniel,21,Female,66.52,25.26,70.56,67.95,62.75,No,2,High,62.36
STU10061,Victoria Garcia,19,Female,86.19,15.99,73.75,62.69,65.01,No,3,Medium,52.62
STU10062,Gerald Hensley,23,Other,93.38,19.63,75.4,74.51,72.03,Yes,3,Low,71.49
STU10063,Connor West,21,Female,66.77,13.65,48.64,39.37,38.8,Yes,2,High,63.65
STU10064,Donald Wright,17,Male,68.82,5.01,58.36,45.05,47.32,No,3,Low,46.26
STU10065,Jessica Callahan,23,Male,88.18,21.2,77.66,67.14,68.33,No,1,High,70.34
STU10066,Amber Kidd,18,Female,80.71,23.65,69.08,69.12,63.54,No,3,Low,51.36
STU10067,Tracy House,20,Male,83.51,21.57,64.51,62.86,67.64,Yes,2,Medium,59.05
STU10068,Carol Tucker,17,Male,81.41,8.3,73.71,56.71,63.02,Yes,0,High,67.9
STU10069,James Brown,20,Male,81.91,17.89,73.73,61.54,68.0,Yes,1,Medium,55.85
STU10070,William Baker,22,Male,64.74,6.69,53.98,39.12,45.58,No,0,Medium,39.31
STU10071,Jordan Henderson,18,Male,88.47,28.22,72.18,75.67,74.72,Yes,5,High,77.49
STU10072,Whitney Peters,18,Male,89.7,13.48,64.56,62.27,64.32,No,0,High,67.32
STU10073,Brittney Phillips,17,Male,75.71,27.53,83.67,74.78,70.67,Yes,0,High,70.85
STU10074,Lauren Daniels,18,Male,77.57,25.68,74.97,66.89,65.1,Yes,0,Medium,65.34
STU10075,Amy Silva,21,Other,62.69,14.6,56.44,54.13,46.47,No,1,Medium,49.14
STU10076,Sarah Moore,18,Male,83.14,13.2,71.06,59.08,64.71,Yes,1,Medium,54.83
STU10077,Angela Lopez,20,Male,83.72,22.1,68.26,70.79,65.21,No,1,Medium,63.2
STU10078,Megan Young,20,Female,77.38,14.93,76.91,58.04,60.2,Yes,1,High,64.6
STU10079,Steve Sanchez,23,Male,89.24,20.61,84.59,63.32,75.15,Yes,5,Medium,71.04
STU10080,Lisa Barnes,20,Female,74.66,17.1,63.57,54.62,50.05,Yes,3,Medium,44.01
STU10081,Kelly Donovan,23,Female,83.65,9.31,60.58,45.46,51.73,Yes,2,Medium,62.92
STU10082,Mike Allen,20,Male,67.8,6.62,38.43,33.4,43.84,Yes,1,High,36.79
STU10083,Michael Evans,21,Male,77.76,21.36,60.68,56.55,58.16,No,1,High,58.63
STU10084,Paul Jones,24,Female,76.26,16.63,57.77,58.81,55.82,No,1,Medium,56.59
STU10085,Zachary Ferrell,23,Female,80.25,16.68,69.72,59.65,62.58,Yes,0,Medium,58.12
STU10086,Daniel Baker,19,Male,74.3,24.18,69.36,68.24,63.92,Yes,1,High,66.73
STU10087,Shirley Suarez,22,Female,76.69,27.04,65.19,68.81,54.65,No,0,Medium,53.75
STU10088,Christopher Bass,17,Male,86.26,18.36,70.39,65.03,62.9,Yes,3,Low,74.61
STU10089,Lisa Archer,20,Other,73.63,17.96,70.56,62.19,69.27,Yes,4,Low,59.61
STU10090,Aimee Montoya,18,Male,61.93,23.0,69.57,68.22,57.32,Yes,1,Low,61.74
STU10091,Matthew Mcmillan,24,Female,95.5,11.86,58.2,47.46,54.49,No,0,Medium,47.43
STU10092,Brian Rodriguez,20,Female,91.81,21.34,75.76,78.45,69.63,Yes,1,High,76.96
STU10093,Denise Jacobs,18,Female,65.08,23.31,57.67,57.79,52.99,No,0,Medium,47.78
STU10094,Christina Walters,22,Female,84.9,24.08,82.13,67.46,66.42,Yes,1,Medium,59.63
STU10095,John Whitehead,22,Male,72.97,8.38,65.54,52.01,58.17,Yes,2,High,51.85
STU10096,Anna Henderson,22,Male,80.63,15.43,61.77,50.82,56.52,Yes,0,High,52.52
STU10097,Aaron Wise,18,Male,80.94,14.73,62.32,59.62,62.73,No,0,Medium,58.49
STU10098,Deborah Figueroa,20,Male,75.66,20.6,66.46,75.92,59.71,No,0,Medium,78.05
STU10099,Jessica Smith,22,Female,70.16,22.88,53.31,52.21,49.26,Yes,0,Low,64.61
STU10100,Stephen Mckee,21,Male,71.09,28.98,76.07,77.02,66.67,Yes,0,Low,61.75
STU10101,Sandra Aguilar,23,Male,68.84,17.03,62.55,46.08,54.07,No,1,Low,54.23
STU10102,Cameron Parker,18,Other,69.68,17.01,71.57,64.36,57.55,No,4,Medium,51.58
STU10103,Rebecca Valencia,18,Female,77.33,26.9,67.07,63.52,65.75,Yes,2,Medium,51.01
STU10104,Christine Wright,20,Female,70.84,21.78,64.25,58.27,62.98,No,2,Low,55.39
STU10105,Richard Henson,18,Other,84.82,27.61,67.71,63.96,58.1,Yes,3,Low,63.53
STU10106,Marc Moore,18,Male,92.87,21.73,70.33,71.92,65.91,Yes,2,Medium,72.53
STU10107,Sharon Cherry,22,Male,72.2,13.06,54.75,55.13,50.24,Yes,2,Medium,59.16
STU10108,Sierra Johnson,20,Female,80.39,12.0,72.53,58.87,75.23,No,3,Medium,62.62
STU10109,Evelyn Galvan,22,Female,83.0,10.69,60.8,46.17,51.89,Yes,1,Medium,53.91
STU10110,Sharon Cochran,23,Male,82.72,23.97,75.74,81.04,79.81,No,1,Medium,76.53
STU10111,Richard Rodriguez,24,Female,78.76,27.13,72.83,67.85,58.66,No,2,Medium,69.42
STU10112,Shannon Walker,23,Male,85.43,31.1,72.06,63.19,59.48,No,0,Low,53.38
STU10113,Julia Torres,24,Male,82.82,25.06,74.49,74.56,65.3,Yes,0,Medium,68.09
STU10114,Crystal Johnson,22,Female,65.62,26.98,74.33,65.1,57.7,Yes,3,High,67.63
STU10115,Garrett Lin,23,Female,86.69,16.52,62.79,64.0,60.38,No,1,High,62.51
STU10116,Diana May,20,Female,86.87,13.06,74.55,59.16,60.63,No,0,Medium,56.54
STU10117,William Herrera,17,Male,70.37,25.1,64.77,68.87,56.75,No,2,High,60.84
STU10118,Ashley Waller,22,Female,78.38,22.51,68.73,74.31,71.53,Yes,3,Medium,71.25
STU10119,Victor Baker,24,Male,84.83,20.64,77.09,62.21,71.84,Yes,4,Low,60.64
STU10120,Jeffrey Chandler,21,Male,75.91,22.32,66.34,60.77,64.42,No,1,High,54.68
STU10121,Larry Dixon,24,Female,88.73,21.94,76.11,70.03,71.51,Yes,2,Low,79.04
STU10122,Kenneth Scott,21,Female,100.0,27.7,82.19,89.36,80.51,No,0,Medium,78.36
STU10123,April Frost,18,Female,70.14,27.77,73.4,68.43,61.18,Yes,1,Medium,68.65
STU10124,Michelle Harmon,23,Female,64.19,23.27,50.3,51.46,43.69,Yes,2,Medium,50.17
STU10125,Helen Jones,21,Female,81.04,25.07,62.16,67.72,63.48,Yes,5,Medium,69.98
STU10126,Erin Edwards,24,Female,85.22,23.08,79.56,69.59,63.38,Yes,1,Medium,67.41
STU10127,Michelle Evans,18,Male,75.69,17.23,74.6,65.02,59.04,Yes,2,Medium,65.74
STU10128,Jason Powell,17,Male,92.53,24.54,72.82,62.08,71.49,No,2,Medium,60.1
STU10129,Cameron Fisher,20,Male,64.61,11.63,57.28,61.72,64.08,Yes,3,Medium,47.29
STU10130,Megan Orr,20,Male,84.93,26.32,79.46,67.8,70.49,Yes,3,High,69.11
STU10131,Elizabeth Kelley,20,Female,71.94,12.83,67.61,54.0,62.48,No,3,High,51.09
STU10132,Dustin Jordan,21,Female,95.19,21.71,64.08,64.11,62.68,Yes,1,Medium,51.19
STU10133,Mary Marshall,17,Male,97.93,14.93,68.42,72.34,62.16,Yes,0,Medium,67.29
STU10134,Daniel Kennedy,21,Male,70.33,23.32,67.13,56.99,60.57,No,1,High,48.76
STU10135,Rebecca Jackson,23,Female,72.5,19.8,72.78,77.0,69.77,No,2,Medium,71.44
STU10136,Jose Schultz,21,Male,86.6,10.43,84.43,69.03,71.39,Yes,2,Medium,78.29
STU10137,Robert Potter,17,Female,74.13,22.52,68.82,68.03,61.51,Yes,1,Medium,53.54
STU10138,Courtney Gonzalez,17,Female,77.55,16.53,57.74,48.48,57.5,No,1,High,57.01
STU10139,David Alvarez,23,Female,78.25,25.29,76.82,76.26,64.3,Yes,0,Low,74.82
STU10140,Angel Perry,17,Female,58.8,20.01,71.77,59.02,53.67,No,1,Low,48.75
STU10141,Cheyenne Horton,24,Female,77.86,22.37,72.56,75.43,62.33,No,4,Medium,68.38
STU10142,David Douglas Jr.,17,Male,71.1,14.25,57.07,45.5,50.54,No,1,Medium,63.62
STU10143,Patricia Rodriguez,20,Female,73.07,16.46,72.46,61.3,55.99,Yes,1,Medium,49.09
STU10144,Christopher Rubio,24,Female,92.44,17.25,78.7,64.72,65.26,Yes,1,Medium,60.74
STU10145,Amber Wright,24,Male,65.43,25.14,61.59,57.12,51.11,No,0,Medium,55.79
STU10146,Joyce Solis,23,Female,86.13,30.06,83.16,85.85,75.08,Yes,0,Low,84.79
STU10147,Victoria Larson,19,Female,75.21,15.17,72.68,64.36,55.57,Yes,0,Low,52.11
STU10148,Stephanie Salazar,19,Female,75.2,26.46,81.88,83.62,73.4,No,0,High,86.66
STU10149,Kathy Rivas,17,Female,85.9,6.98,63.78,39.27,59.48,Yes,1,High,57.83
STU10150,Stephanie Manning,24,Female,81.4,12.83,64.03,61.29,60.82,Yes,2,Medium,48.5
STU10151,David Wright,19,Female,83.71,14.25,77.05,78.61,78.93,No,2,Low,77.34
STU10152,Pamela Boyd,19,Female,87.68,11.88,59.92,49.71,62.58,Yes,1,Low,52.26
STU10153,Denise Jones,17,Female,74.69,10.5,65.3,64.2,64.15,Yes,0,Medium,62.59
STU10154,Devon Flores,19,Female,71.88,22.48,59.9,58.79,56.29,Yes,2,High,49.2
STU10155,Brenda Hall,21,Female,67.15,18.72,72.42,55.16,58.2,No,0,Medium,51.4
STU10156,Michelle Brown,18,Female,69.75,22.28,66.69,61.87,62.76,Yes,2,Medium,51.75
STU10157,Joshua Perry,23,Male,100.0,24.14,90.78,87.94,80.59,Yes,2,High,73.22
STU10158,Jason Stein,18,Female,90.45,21.59,79.73,67.3,60.14,No,2,High,67.76
STU10159,Melissa Gates,17,Female,64.49,23.95,59.0,56.85,55.91,No,2,Low,54.41
STU10160,Jamie Smith,20,Male,64.78,19.58,74.59,68.69,57.45,Yes,0,Medium,56.79
STU10161,Paul Castaneda,23,Female,82.82,12.88,78.0,62.79,61.03,No,3,Low,51.06
STU10162,Jennifer Adkins,17,Male,83.47,26.35,83.01,81.23,74.18,Yes,4,High,68.6
STU10163,Lindsey Walker,24,Male,83.49,16.47,64.59,60.12,59.87,No,2,High,63.3
STU10164,Jeffrey Johnson,20,Female,75.45,14.39,63.11,58.08,50.45,Yes,1,Medium,55.79
STU10165,Michael Powell,18,Male,76.75,18.93,69.97,60.6,61.88,Yes,3,Low,61.41
STU10166,John Anderson,17,Female,81.28,14.52,62.75,57.1,63.03,No,0,Medium,66.87
STU10167,Alyssa Long,24,Female,78.86,17.5,80.64,62.42,60.2,Yes,2,Medium,67.2
STU10168,Alyssa Day,23,Female,55.81,22.06,63.78,68.24,63.73,Yes,2,Medium,62.05
STU10169,Joel Williams,23,Male,75.7,22.09,51.82,52.15,43.73,Yes,1,Medium,64.69
STU10170,Daniel Murphy,22,Male,69.49,14.61,65.4,62.84,69.37,No,1,Low,55.19
STU10171,Jamie Walton,24,Female,79.75,17.07,66.41,58.46,57.6,Yes,0,High,74.73
STU10172,Darlene Miller,21,Other,100.0,26.45,82.99,80.66,78.01,Yes,2,Medium,85.82
STU10173,Joshua Cooke,19,Female,81.67,22.98,71.17,65.02,54.54,Yes,2,Medium,59.86
STU10174,Matthew Harrington,20,Male,74.86,32.45,83.31,76.42,70.57,Yes,2,Low,72.92
STU10175,Nicole Herring,24,Female,87.22,27.08,86.68,70.3,73.53,Yes,2,High,73.45
STU10176,Alex Hernandez,22,Female,82.83,26.87,78.92,69.54,68.1,Yes,1,Medium,59.62
STU10177,Michael Elliott,19,Female,82.2,11.67,63.67,51.8,54.04,Yes,1,High,57.75
STU10178,Michael Wang,19,Male,84.07,24.58,75.54,73.35,64.19,Yes,1,Medium,58.3
STU10179,Lawrence Adkins,17,Female,98.57,19.68,78.34,76.72,79.64,No,3,High,77.56
STU10180,Robert Oconnell,19,Female,66.69,16.69,57.74,50.77,51.47,No,4,High,58.12
STU10181,Alexander Collins,21,Other,82.74,21.01,76.86,64.16,73.61,No,1,Medium,65.0
STU10182,Tina Sanders,23,Male,68.74,25.67,73.69,61.85,58.55,Yes,1,High,63.94
STU10183,Angela Vaughn,22,Female,83.56,23.0,85.31,78.86,72.0,No,4,Medium,73.05
STU10184,Ashley Barton,19,Female,68.81,14.73,71.62,67.83,66.65,Yes,1,Medium,67.75
STU10185,Lindsay Martinez,17,Male,73.83,24.45,66.85,73.75,55.86,No,1,Low,57.43
STU10186,Dr. Hannah Patterson,21,Female,75.05,16.17,72.08,65.96,57.26,Yes,1,Medium,58.77
STU10187,Jonathan Peterson,18,Female,87.76,21.3,68.36,69.38,71.25,Yes,1,High,74.01
STU10188,Samantha Garcia,23,Male,87.18,18.18,77.47,77.87,65.95,Yes,2,High,72.2
STU10189,Madison Poole,23,Male,65.54,18.69,60.68,58.74,45.81,Yes,0,Low,36.01
STU10190,Jessica Gross,22,Female,78.55,24.6,66.48,70.44,72.97,No,1,Medium,62.92
STU10191,Debra Morton,23,Male,70.9,13.76,64.95,53.27,48.59,No,2,Medium,49.13
STU10192,Karen Graham,19,Female,65.41,31.67,54.61,56.91,53.03,No,0,Medium,53.08
STU10193,Debra Christian,17,Male,75.83,9.07,49.42,38.82,46.4,No,2,Medium,46.09
STU10194,Angelica Keith,23,Female,74.92,16.41,65.21,58.07,44.08,Yes,2,High,44.56
STU10195,John Bishop,23,Male,100.0,22.22,81.13,74.98,73.3,Yes,2,Medium,64.98
STU10196,Allen Rosales,18,Female,82.33,23.51,71.8,80.44,71.99,No,0,Medium,62.03
STU10197,Daniel Salinas,18,Other,64.22,19.4,53.21,53.64,52.01,No,1,High,52.43
STU10198,Spencer Haynes,20,Other,72.35,19.66,61.98,66.09,63.81,No,1,Medium,65.52
STU10199,Adam Vaughan,21,Female,88.21,22.46,78.74,69.73,67.67,Yes,2,Low,56.35
STU10200,Nathan Freeman,19,Male,98.88,18.61,81.65,69.67,76.3,Yes,1,Medium,68.81
STU10201,Melissa Brewer,23,Female,62.14,28.36,69.59,62.04,55.05,No,3,Low,54.21
STU10202,Ricky Davis II,24,Male,59.2,25.04,74.31,64.87,53.5,Yes,1,High,54.68
STU10203,Elizabeth Perkins,23,Male,96.71,25.24,84.13,81.82,70.94,Yes,4,Medium,76.03
STU10204,Joseph Coleman,17,Male,81.9,14.2,62.47,55.37,50.31,Yes,0,Medium,58.71
STU10205,Erin Warner,20,Female,69.32,19.52,64.43,65.59,64.42,No,0,Medium,54.14
STU10206,David Martinez,21,Female,83.35,18.2,61.26,59.5,51.36,Yes,1,Low,55.85
STU10207,Bryan Herrera,24,Female,51.64,13.97,54.68,45.7,46.83,Yes,1,High,47.58
STU10208,Cathy Robinson,20,Male,78.03,22.16,79.51,84.37,71.63,Yes,1,High,66.29
STU10209,Dr. William Warren,22,Male,81.28,16.77,74.05,63.39,63.85,Yes,5,High,65.67
STU10210,Brian Lee,21,Other,87.24,23.93,86.46,84.79,84.2,Yes,0,Medium,80.23
STU10211,Christopher Smith,23,Male,67.86,13.58,59.53,49.34,49.48,Yes,0,Medium,59.14
STU10212,Denise Mccann,23,Male,78.86,30.31,87.18,87.37,79.92,No,1,Low,82.11
STU10213,Melissa Martinez,21,Male,68.75,14.62,61.38,59.36,56.2,No,0,Medium,50.38
STU10214,Katherine Salas,23,Female,80.55,21.32,82.45,73.84,70.05,Yes,3,Medium,66.72
STU10215,Julie Alexander,19,Female,69.05,24.75,69.79,53.44,68.44,No,2,Medium,60.25
STU10216,Anthony Everett,21,Male,73.92,16.58,71.12,61.54,54.01,No,2,High,56.22
STU10217,Rodney Morales,20,Male,68.04,25.11,80.12,80.85,76.39,Yes,1,Medium,78.11
STU10218,Mark Brown,21,Female,84.51,12.62,66.28,59.43,64.18,Yes,0,Low,58.44
STU10219,Justin Torres,24,Female,86.58,28.71,81.26,81.87,72.01,Yes,2,Low,70.92
STU10220,Bailey Duran DDS,23,Male,75.65,20.08,78.34,58.39,71.13,Yes,2,Medium,69.4
STU10221,Courtney Mills,19,Female,78.38,16.42,66.91,55.09,49.14,Yes,0,Low,53.0
STU10222,Jeremy Dalton,19,Male,63.51,18.2,53.9,54.84,48.15,No,0,Medium,50.37
STU10223,Elizabeth Oliver DDS,22,Male,75.0,24.85,87.4,80.4,67.69,Yes,1,Medium,72.18
STU10224,Theresa Clark,20,Female,77.5,16.49,64.25,65.22,62.87,No,3,Medium,59.66
STU10225,Matthew Moore,18,Male,100.0,15.5,76.96,65.41,64.26,Yes,2,High,64.39
STU10226,Benjamin Smith,18,Female,66.88,18.67,72.91,66.03,64.17,Yes,4,Medium,73.49
STU10227,Kirk Carter,21,Male,92.64,12.94,66.85,57.78,61.22,Yes,1,Medium,56.05
STU10228,Michael Warner,22,Male,87.97,30.92,74.78,71.83,66.51,Yes,3,Medium,79.49
STU10229,Michael Bradshaw,17,Other,80.81,16.6,70.72,48.38,59.79,No,2,Medium,59.59
STU10230,Lori Guerrero,21,Male,95.59,24.99,68.18,72.14,66.89,No,0,High,64.36
STU10231,Jessica Stephens,22,Female,81.72,21.26,70.55,67.15,59.1,Yes,0,Low,62.48
STU10232,Susan Serrano,20,Male,81.89,14.09,69.33,55.29,74.0,No,2,Medium,67.53
STU10233,Christopher Parker,20,Male,77.47,19.96,68.07,53.43,55.58,No,2,High,68.9
STU10234,Laura Roberts,20,Male,90.24,24.7,67.58,72.2,55.88,No,2,Medium,54.83
STU10235,Michael Lyons,20,Female,88.96,18.87,84.95,71.01,68.17,Yes,1,Medium,69.03
STU10236,Kathryn Snyder,20,Male,71.74,27.16,73.43,75.35,60.08,No,3,Medium,72.02
STU10237,Andrew Reynolds,22,Female,64.81,26.13,79.23,84.76,74.49,Yes,2,Medium,75.46
STU10238,David Davis,22,Male,75.97,25.51,71.42,56.99,61.75,No,1,High,64.57
STU10239,Sara Johnston,19,Other,70.0,17.24,58.91,50.72,54.36,Yes,4,Low,60.33
STU10240,Yvonne Chambers,24,Male,77.36,13.52,67.29,55.66,56.65,Yes,2,Low,53.96
STU10241,Andrew Avila,18,Female,90.37,16.32,71.06,71.54,66.59,Yes,0,Medium,51.8
STU10242,Matthew Moon,23,Female,73.43,21.18,60.95,50.11,51.7,Yes,1,Medium,51.66
STU10243,Kevin Walters,20,Female,77.57,23.27,82.61,85.75,74.03,No,1,Medium,83.41
STU10244,Brandon Bailey MD,17,Female,78.58,6.97,56.96,46.27,56.02,Yes,2,Medium,55.23
STU10245,Shannon Rivera,23,Female,86.48,19.95,60.68,59.4,61.0,Yes,2,Medium,55.73
STU10246,Donna Landry,22,Female,55.53,20.95,71.17,62.36,60.34,No,1,Low,61.74
STU10247,Krista Gibson,17,Male,71.93,18.33,63.07,55.76,58.47,Yes,1,High,64.0
STU10248,Frank Cordova,17,Male,80.11,27.75,72.21,78.99,73.36,Yes,1,Low,67.92
STU10249,Jose Travis,17,Female,90.0,22.53,64.41,58.29,62.39,No,1,Medium,64.02
STU10250,Kimberly Gutierrez,19,Female,73.08,27.86,85.92,81.71,75.08,Yes,0,Medium,66.19
STU10251,Isaiah Avila,22,Female,59.23,18.7,52.76,49.47,53.57,Yes,2,High,50.6
STU10252,Olivia Harris,17,Female,84.2,25.62,77.02,69.27,64.72,Yes,3,High,69.48
STU10253,Tanya Kim,20,Male,71.65,29.81,80.92,94.02,71.28,No,2,High,80.7
STU10254,Barbara Dudley,21,Male,66.1,27.87,73.9,74.85,59.35,No,0,Low,54.96
STU10255,Cynthia Moore,17,Female,71.76,13.45,62.7,57.45,57.32,Yes,3,High,59.18
STU10256,Kristen Davis,19,Male,76.15,18.48,56.48,62.14,47.48,Yes,2,Medium,63.38
STU10257,Susan Murray MD,23,Male,71.95,17.93,60.66,48.17,54.79,Yes,0,Medium,68.43
STU10258,Kathleen Moran,22,Female,55.94,22.94,64.75,72.37,58.63,No,2,Medium,52.47
STU10259,Denise Davenport,24,Male,86.97,24.12,71.16,54.49,67.04,Yes,0,High,66.04
STU10260,Mrs. Kristen Reyes,19,Female,90.75,14.97,73.2,58.2,60.78,No,2,High,54.58
STU10261,Katie Suarez,17,Male,84.52,20.41,77.87,66.9,66.56,Yes,1,High,68.55
STU10262,Desiree Tyler,22,Female,66.62,7.88,63.9,52.39,59.64,No,2,High,54.19
STU10263,Timothy Romero,21,Male,75.99,28.65,66.87,71.47,70.53,No,2,Medium,72.6
STU10264,Diane Evans,17,Male,77.93,16.93,83.4,67.9,65.14,No,3,Medium,58.65
STU10265,Yvonne Burns,19,Male,83.99,20.34,78.21,69.65,69.46,Yes,1,Low,57.18
STU10266,Joshua Reed,18,Male,84.68,18.14,71.56,58.28,63.85,No,1,High,72.26
STU10267,Kimberly Gibson,20,Male,70.66,26.88,79.71,66.12,67.04,Yes,3,Medium,62.77
STU10268,Colin Terry,24,Male,78.82,5.0,76.59,58.87,61.86,Yes,2,High,64.66
STU10269,Cynthia Rowe,23,Female,82.57,19.9,61.89,64.37,67.11,Yes,2,Medium,65.03
STU10270,Patrick Thornton,19,Male,92.56,19.37,74.01,76.9,61.88,No,0,Medium,60.84
STU10271,Jasmin Alvarado,22,Female,85.05,17.28,54.47,49.28,51.22,No,3,Low,45.38
STU10272,Veronica Simpson,24,Female,85.89,30.36,81.96,85.15,77.91,Yes,1,Medium,82.48
STU10273,Jonathan Lawrence,24,Female,78.84,14.68,69.37,57.55,62.48,No,2,High,65.48
STU10274,Shelly Alexander,24,Male,92.1,24.63,78.81,81.87,81.42,Yes,0,Low,72.25
STU10275,Joyce Bowen,17,Female,82.1,22.14,68.76,72.09,71.71,No,2,Medium,65.39
STU10276,Matthew Moore,20,Male,69.39,27.57,57.71,64.76,55.31,No,1,Low,54.65
STU10277,Wayne Morgan,17,Male,92.03,16.0,75.63,63.16,73.48,No,3,Medium,70.0
STU10278,Marie Christian,22,Other,84.98,15.6,80.1,72.36,66.79,Yes,2,Medium,75.9
STU10279,Shannon James,17,Male,73.57,26.58,68.9,73.06,69.05,No,2,Medium,64.68
STU10280,Nathan Malone,18,Female,73.21,22.55,73.15,63.74,71.61,No,1,High,68.26
STU10281,Amanda Jones,20,Female,80.97,10.73,53.92,39.44,54.94,No,3,Medium,55.18
STU10282,Tammie Bright,20,Female,82.63,16.76,72.98,61.75,64.21,Yes,1,Medium,67.69
STU10283,Jessica Garcia,22,Female,79.97,22.32,69.86,75.6,65.25,No,2,Medium,73.59
STU10284,Shelia Wallace,23,Male,81.11,25.03,69.63,75.81,59.48,No,2,Low,60.53
STU10285,Stephanie Williams,18,Male,95.0,15.92,68.82,55.01,63.89,Yes,2,Medium,59.88
STU10286,Elaine Brooks,19,Female,88.72,5.0,61.23,40.04,47.61,Yes,1,Medium,49.2
STU10287,Joseph Knight,17,Male,79.91,23.14,75.84,78.18,65.92,Yes,1,Medium,71.73
STU10288,Carolyn Miller,21,Male,87.41,12.68,59.65,46.15,48.56,No,1,Medium,50.96
STU10289,Lisa Allen,17,Male,67.67,7.9,54.82,47.08,46.9,Yes,3,Medium,63.11
STU10290,Briana Murray,24,Male,81.98,5.0,61.0,42.55,52.5,Yes,1,High,54.33
STU10291,David Smith,17,Male,96.09,24.88,73.16,81.94,74.87,No,2,High,68.65
STU10292,Stephanie Byrd,19,Male,75.82,20.77,82.44,66.99,64.46,Yes,1,Low,64.61
STU10293,Jeremy Reed,17,Female,69.52,18.65,59.89,63.54,62.45,Yes,2,Medium,68.45
STU10294,Margaret Coleman,18,Female,71.48,28.33,68.74,71.56,62.36,Yes,3,Medium,59.43
STU10295,Ryan Gonzalez,18,Female,67.1,23.82,61.67,63.58,53.32,No,1,Medium,49.93
STU10296,John Young,20,Male,70.15,29.7,86.44,69.47,69.73,No,3,High,68.97
STU10297,Laura Haney,22,Male,74.29,11.64,66.73,41.39,62.52,Yes,1,High,53.81
STU10298,William Barrett,23,Male,63.94,19.79,57.87,54.71,53.87,No,2,Medium,44.15
STU10299,Keith Jennings,21,Female,78.16,10.3,71.22,57.74,58.95,Yes,0,Medium,49.49
STU10300,Amber Obrien,24,Female,87.02,18.62,74.25,59.55,56.6,No,3,Low,59.55
STU10301,Tanner Mitchell DDS,17,Male,68.92,18.51,67.33,54.05,55.17,Yes,2,Medium,60.81
STU10302,Heather Fields,17,Female,93.19,23.76,76.5,76.15,73.24,Yes,3,High,70.65
STU10303,Megan Le,19,Male,83.11,20.27,67.19,66.89,61.61,Yes,0,Medium,61.87
STU10304,Sara Fuller,22,Female,88.31,23.74,79.31,72.99,62.64,Yes,0,Medium,68.48
STU10305,Maria Parker,18,Female,71.42,24.22,66.71,70.31,57.99,Yes,0,Medium,53.8
STU10306,Kevin Oconnor,21,Female,86.55,32.93,95.0,83.5,87.06,No,2,Medium,85.25
STU10307,Edward Burgess,20,Female,67.08,18.11,55.62,51.46,58.06,No,3,Medium,54.48
STU10308,Carlos Ryan,18,Female,86.9,14.35,80.56,75.8,67.67,Yes,1,Medium,72.19
STU10309,Kiara Mcintyre,24,Male,79.72,21.48,71.14,66.84,67.6,Yes,0,Medium,68.56
STU10310,Dawn Summers,22,Female,83.53,15.19,71.14,61.91,57.38,Yes,0,High,76.93
STU10311,Dr. Paul Morgan,24,Male,66.24,28.89,77.55,89.11,78.6,Yes,1,High,68.59
STU10312,Victor Taylor,23,Female,69.05,18.3,61.02,48.54,53.38,No,1,Low,43.26
STU10313,Shannon Ramsey,20,Female,83.97,16.61,76.26,70.07,72.76,Yes,1,High,80.45
STU10314,Tracy Ballard,23,Female,68.52,17.17,45.47,57.3,41.1,No,0,Medium,49.79
STU10315,Richard Smith,19,Male,82.63,24.31,70.03,66.71,67.77,Yes,5,High,68.92
STU10316,Jordan Chambers,24,Female,64.33,19.05,57.6,60.42,54.13,Yes,2,High,54.03
STU10317,Lauren Carson,19,Female,86.48,16.15,62.12,51.46,61.31,Yes,1,Medium,57.3
STU10318,Ashley Hall,17,Female,65.67,29.99,70.76,68.36,66.4,Yes,2,High,64.82
STU10319,Stephen Hoffman,23,Male,83.52,14.86,71.51,63.37,64.24,Yes,1,Medium,54.29
STU10320,Connie Brown,22,Male,84.26,20.21,77.77,74.18,67.03,No,1,Medium,72.5
STU10321,Susan Turner,24,Male,71.03,23.91,71.84,74.86,69.45,Yes,2,Medium,54.66
STU10322,Charles Shah,21,Male,83.82,10.21,61.02,60.55,59.01,Yes,0,High,55.02
STU10323,Johnathan Davis,20,Female,80.6,22.88,75.84,69.96,62.79,No,1,High,63.28
STU10324,Brandy Chavez,18,Male,72.61,13.67,64.48,62.19,54.26,Yes,0,Medium,69.23
STU10325,Natalie Bautista,22,Other,67.91,24.94,76.17,69.08,57.03,No,0,Medium,59.23
STU10326,Patrick Moore,22,Male,58.37,14.22,63.74,59.1,52.12,Yes,2,Medium,55.78
STU10327,Brett Burns,19,Male,81.5,24.16,74.73,72.24,73.25,Yes,1,High,65.75
STU10328,Trevor Johnson,23,Female,62.35,26.63,62.3,67.14,58.66,No,2,Medium,62.71
STU10329,Jeremy Sampson,24,Female,78.95,25.17,69.63,71.39,62.5,No,3,High,83.52
STU10330,Ariana Jennings,24,Female,75.37,21.51,66.36,53.77,61.14,Yes,2,Medium,62.27
STU10331,Vanessa Howard,17,Female,84.79,18.61,69.74,56.84,57.1,Yes,2,Medium,58.51
STU10332,Colton Martinez,17,Female,74.98,16.54,68.45,60.65,60.66,No,0,Medium,45.73
STU10333,Jordan Bates,20,Male,74.71,28.83,80.07,67.33,65.63,Yes,3,High,73.42
STU10334,Linda Smith,19,Other,85.32,15.8,69.83,66.15,68.55,Yes,0,Medium,58.72
STU10335,Dana Martinez,22,Other,81.35,13.78,67.3,62.78,53.91,No,1,High,54.73
STU10336,Andrea Hubbard,24,Female,81.16,23.99,75.26,73.06,63.89,No,1,Low,67.49
STU10337,Daniel Kane,21,Male,82.69,15.22,65.12,51.06,49.01,No,0,Medium,50.02
STU10338,Charles Lester,19,Female,62.64,14.3,53.59,56.89,49.9,No,1,High,50.83
STU10339,Scott Thomas,20,Male,85.57,11.34,54.88,61.17,63.79,No,2,High,64.82
STU10340,David Thompson,20,Male,84.12,17.1,65.75,60.85,58.61,No,0,High,55.99
STU10341,Allison Smith,19,Male,67.83,19.5,69.09,65.4,58.08,No,1,Low,47.21
STU10342,Cynthia Morris,20,Male,75.56,21.46,65.33,64.01,64.74,Yes,4,Low,62.56
STU10343,Anthony Harmon,19,Female,77.61,25.71,72.38,73.89,72.06,Yes,3,Medium,73.61
STU10344,Nichole Alvarez,18,Female,76.66,23.16,75.14,69.12,65.38,No,2,Low,57.82
STU10345,Kayla Rodriguez,19,Female,81.34,18.85,74.38,65.8,68.75,No,2,High,62.98
STU10346,Theresa Williams,23,Male,92.31,18.81,67.53,68.74,60.77,Yes,4,Medium,58.61
STU10347,Sharon Boyd,19,Male,88.82,23.06,83.65,89.72,85.33,Yes,2,Medium,83.68
STU10348,Victor Brown,20,Male,64.88,27.64,78.19,65.97,74.18,No,2,Low,74.1
STU10349,James Parks,24,Other,84.22,20.76,65.31,62.4,64.15,No,1,Medium,66.59
STU10350,Theodore Jones Jr.,23,Male,91.29,17.19,67.78,54.8,50.74,Yes,2,Medium,58.1
STU10351,Ana Hill,20,Female,81.87,14.04,75.91,72.13,65.4,No,1,Low,65.71
STU10352,Kimberly Nguyen,17,Female,88.91,11.33,67.47,52.67,62.9,No,3,Medium,54.88
STU10353,Kerry Chavez DDS,17,Male,98.12,24.0,65.51,58.78,61.02,No,4,Medium,64.99
STU10354,Michael Farrell,24,Female,88.24,23.47,66.93,70.59,72.14,No,2,High,62.22
STU10355,Patricia Le,24,Female,80.49,23.46,71.87,79.16,71.9,Yes,2,Medium,68.96
STU10356,Jesse Perez,23,Female,88.45,19.23,65.7,66.27,60.35,No,0,Medium,67.14
STU10357,Jesse Perry,18,Female,79.45,28.44,73.79,75.35,68.25,Yes,0,High,74.44
STU10358,Jeffery Ortega,24,Male,78.24,17.1,68.49,63.34,57.32,No,0,High,63.42
STU10359,Christian Leblanc,17,Male,74.49,25.73,83.04,84.77,72.72,Yes,3,High,77.62
STU10360,Ronald Davis,19,Female,93.63,19.77,74.26,62.75,63.91,Yes,2,High,63.68
STU10361,Parker Cain,20,Female,69.82,16.35,71.88,60.56,66.19,Yes,2,Medium,62.81
STU10362,Laurie Hoffman,17,Male,93.32,23.56,88.82,76.67,87.17,Yes,0,Medium,82.8
STU10363,Bryan Gomez,17,Female,83.0,22.46,83.96,67.68,62.52,No,4,Low,61.82
STU10364,Nicole Parrish,18,Female,64.01,22.14,68.1,61.81,48.65,No,3,Medium,53.67
STU10365,Tracy Burke,23,Female,81.68,20.49,58.27,65.3,58.36,No,1,High,57.2
STU10366,Kenneth Lewis,23,Male,57.0,19.77,64.86,62.57,48.41,No,2,Medium,50.83
STU10367,Courtney Rodriguez,22,Female,84.26,34.33,90.07,92.73,81.06,Yes,2,High,77.81
STU10368,Holly Farmer,18,Female,86.85,27.11,78.15,76.95,75.4,No,3,High,74.02
STU10369,Renee Bruce,19,Male,72.08,24.34,83.08,77.95,78.25,No,0,Medium,68.01
STU10370,Sabrina Austin,23,Male,79.24,20.67,77.18,64.17,66.33,No,0,High,56.28
STU10371,Allison Hickman,20,Other,97.54,26.04,86.22,78.75,76.28,Yes,1,Medium,91.72
STU10372,Debra White,24,Male,72.94,23.11,77.96,72.12,57.22,No,5,Medium,56.71
STU10373,Ellen Morgan,18,Female,67.41,20.16,68.41,64.18,60.02,No,2,High,59.84
STU10374,Sergio Knight,24,Female,92.82,18.18,57.4,59.14,59.71,Yes,0,Medium,59.83
STU10375,Charles Schultz,17,Male,97.63,19.51,74.22,67.31,72.26,No,2,High,67.37
STU10376,Paul Lewis,20,Female,78.04,5.0,68.1,47.49,52.52,No,3,Medium,53.04
STU10377,Glen Wood,20,Male,88.11,21.26,69.47,85.1,69.55,Yes,0,Medium,64.71
STU10378,Paula Bradley,17,Female,91.41,17.07,71.95,69.52,60.41,No,2,High,70.2
STU10379,Anthony Moore,18,Male,70.58,29.56,66.61,72.78,51.45,No,2,Medium,58.72
STU10380,Megan Nelson,17,Female,73.15,20.12,80.83,68.48,61.35,No,2,Medium,67.56
STU10381,Karla Ramos,24,Male,90.31,12.87,81.9,62.95,60.91,Yes,0,Low,70.4
STU10382,Paul Wilson,22,Male,94.85,19.7,70.54,65.23,68.17,No,5,High,66.62
STU10383,Douglas Gregory,20,Other,83.63,13.72,69.09,60.47,59.48,Yes,2,Low,62.81
STU10384,Mr. Andrew Foster,21,Male,69.2,22.84,63.9,51.34,51.48,Yes,1,High,65.37
STU10385,Aimee Turner,21,Female,97.87,21.75,83.68,65.97,67.03,No,1,Medium,67.65
STU10386,Chad Scott,24,Male,72.69,25.75,75.67,68.24,48.74,No,0,Medium,62.03
STU10387,Adam Burgess,19,Female,74.65,15.25,71.22,61.6,68.96,No,0,High,60.18
STU10388,James Padilla,23,Male,81.42,20.2,74.03,65.6,60.15,Yes,0,Medium,69.89
STU10389,Sandra Drake,17,Other,93.54,11.81,91.23,79.03,76.24,Yes,1,Medium,72.14
STU10390,Scott Williams,17,Male,86.54,24.21,69.37,59.7,55.21,No,1,High,65.5
STU10391,Thomas Atkins,19,Male,82.15,23.11,62.06,58.64,63.53,Yes,3,High,69.8
STU10392,Laura Mckinney,19,Male,82.63,22.97,71.38,77.32,69.29,No,0,Medium,59.14
STU10393,Brian Smith,24,Male,78.44,20.01,59.41,59.32,53.11,No,2,Medium,51.45
STU10394,Robert Montgomery,24,Female,83.58,22.49,63.73,68.96,61.2,No,1,High,58.94
STU10395,Tamara Davis,19,Male,52.7,29.63,59.81,77.14,66.86,Yes,0,High,69.3
STU10396,Dana Chapman,20,Female,75.03,18.29,61.36,53.55,54.86,No,2,High,49.47
STU10397,Jennifer Collins,24,Male,80.41,20.83,65.06,61.98,59.64,No,4,Medium,61.9
STU10398,Gary Jackson,22,Male,66.49,13.48,64.66,52.71,49.67,Yes,2,High,59.56
STU10399,Ashley Hicks,24,Female,81.86,14.79,64.55,45.27,45.34,Yes,2,Medium,53.84
STU10400,Hannah Luna,17,Female,75.96,20.59,68.54,61.96,60.07,Yes,1,Low,65.22
STU10401,Robin Young,24,Male,95.55,26.62,88.11,87.26,82.12,Yes,1,Medium,68.16
STU10402,Craig Morrison,20,Male,93.73,18.46,70.05,67.76,72.48,No,1,Low,67.36
STU10403,Mary Thompson,19,Male,73.34,18.58,65.49,63.79,48.67,No,1,Low,50.73
STU10404,Kathleen Webster,17,Female,76.49,17.56,70.45,59.95,55.31,No,2,Medium,48.87
STU10405,Joann Glass,24,Female,77.26,16.79,54.07,48.64,48.5,No,2,Low,40.87
STU10406,Madison Weber,20,Male,73.48,21.77,52.94,63.67,55.49,No,2,Medium,64.56
STU10407,Lori Hernandez,22,Female,79.95,11.02,67.12,51.85,56.9,Yes,4,Low,58.75
STU10408,Jeremy Turner,24,Female,70.42,27.69,76.0,75.53,66.51,No,1,Medium,69.9
STU10409,Anthony Romero,20,Female,66.69,16.01,77.33,64.59,65.05,No,3,Low,64.76
STU10410,Jesse Brown,22,Female,84.23,24.33,76.83,81.35,67.69,No,4,Low,58.37
STU10411,Angela Lin,19,Male,84.3,12.38,73.12,65.62,70.09,No,2,Medium,66.13
STU10412,Lisa Hunter,24,Male,69.96,24.01,68.42,58.46,60.57,No,1,Medium,64.53
STU10413,Julian Conner,22,Male,86.95,24.03,78.68,66.47,66.59,No,2,High,66.04
STU10414,Joanna Pacheco,17,Male,71.68,22.31,80.96,75.25,77.01,No,1,High,79.0
STU10415,Erica Alvarez,19,Female,80.53,14.03,52.17,48.99,59.29,Yes,2,High,53.33
STU10416,Antonio Garcia,17,Female,86.2,21.5,77.43,67.83,72.75,No,3,Medium,69.21
STU10417,Gwendolyn Klein,21,Male,77.66,12.9,80.04,69.49,52.77,No,0,Medium,62.06
STU10418,Carrie Wright,18,Male,82.55,18.48,72.93,66.12,73.07,Yes,2,Low,68.99
STU10419,Jeffrey Mills,24,Male,72.84,26.18,84.02,77.37,75.03,Yes,4,High,72.6
STU10420,Jake Campbell,22,Female,76.04,24.78,68.36,72.18,74.43,No,1,Low,68.89
STU10421,George Harper,18,Male,75.94,20.09,69.21,61.49,67.12,Yes,2,Medium,65.74
STU10422,Maria Jones,18,Female,70.53,14.15,63.35,64.04,66.58,Yes,1,Medium,50.61
STU10423,Michael Mitchell,22,Male,76.23,23.87,56.68,55.55,58.92,No,5,Medium,67.46
STU10424,Mary Escobar,19,Male,62.51,20.12,55.91,59.05,59.48,No,0,High,49.48
STU10425,Felicia Aguilar,24,Other,73.09,6.08,50.81,49.33,59.64,No,1,High,64.51
STU10426,Gregory Ponce,21,Other,75.15,24.7,78.1,64.44,66.0,Yes,2,High,66.6
STU10427,Jenna Larson,17,Male,75.44,19.85,75.18,64.7,56.18,Yes,2,Medium,59.57
STU10428,Emily Bennett,20,Female,75.59,27.21,76.55,81.0,68.72,Yes,4,High,74.58
STU10429,Robin Santiago,17,Female,77.38,13.43,71.12,65.88,65.38,Yes,0,Medium,58.27
STU10430,Nancy Jennings,20,Female,82.79,5.0,60.47,45.01,53.85,Yes,2,High,44.35
STU10431,Maria Henderson,17,Male,86.75,21.67,83.28,69.57,64.61,No,1,Medium,65.98
STU10432,Jack White,22,Female,71.5,21.75,68.89,70.35,54.88,No,2,Medium,61.46
STU10433,Travis Tucker,21,Female,65.97,9.86,58.7,54.86,49.23,Yes,0,Medium,60.09
STU10434,Chad Jones,24,Female,67.58,14.13,60.06,45.52,54.51,Yes,0,Medium,44.37
STU10435,Ashley Wise,20,Male,73.13,36.53,84.61,79.5,79.97,Yes,1,High,79.92
STU10436,Sophia Johnson,24,Male,74.48,18.17,64.56,60.66,63.31,Yes,3,High,62.4
STU10437,Ralph Anderson,24,Male,70.3,24.39,77.03,75.12,72.6,Yes,3,Medium,69.39
STU10438,Christopher Guerra,24,Female,65.04,16.1,54.36,49.1,48.81,No,0,Medium,53.53
STU10439,Rhonda Martin,23,Male,73.44,7.46,51.91,46.68,40.48,Yes,2,Medium,44.06
STU10440,Jason Rhodes,19,Female,79.81,18.98,75.02,62.06,61.66,Yes,2,High,66.29
STU10441,Jeremy Mitchell,17,Other,83.95,18.41,70.85,51.24,58.23,Yes,1,Medium,65.86
STU10442,Joann Ferguson,24,Male,72.43,17.6,63.11,55.25,53.43,No,2,Low,57.5
STU10443,Robert Harrison,17,Female,73.87,19.31,74.3,66.01,64.16,Yes,3,Medium,57.0
STU10444,Holly Valentine,24,Male,68.73,21.59,63.35,59.49,58.95,Yes,2,Low,51.54
STU10445,Mrs. Diane Reyes,20,Female,77.69,19.1,68.04,55.43,63.02,Yes,1,High,61.3
STU10446,Tracy Montoya,19,Male,69.52,12.42,71.3,46.45,53.73,No,1,Medium,57.72
STU10447,Brenda Wright,19,Female,83.73,22.92,85.31,72.84,62.58,Yes,0,Medium,66.25
STU10448,Shelly Spencer,22,Female,60.14,8.3,65.87,55.1,51.95,Yes,4,High,56.13
STU10449,Ryan Rosales,23,Female,74.4,7.7,58.18,53.91,54.33,Yes,1,Low,58.15
STU10450,Phillip Nelson,22,Female,81.01,24.44,83.13,82.94,80.44,Yes,1,Medium,72.91
STU10451,Brittany Kim,22,Female,79.84,23.04,66.42,60.36,57.5,Yes,2,Medium,69.22
STU10452,Courtney Hayes,22,Female,100.0,19.66,72.41,60.6,69.12,Yes,1,Medium,57.67
STU10453,Alexander Brown,22,Female,81.5,11.63,49.29,48.71,52.05,Yes,1,Medium,49.25
STU10454,Cynthia Vang,22,Female,67.96,15.75,74.92,65.99,63.13,Yes,3,High,56.7
STU10455,Alfred Galvan,21,Male,77.05,18.42,62.67,61.15,63.4,Yes,2,High,63.38
STU10456,Marie Moody,19,Female,60.24,10.42,55.5,33.84,40.01,Yes,5,High,50.45
STU10457,Dustin Gallegos,22,Female,77.19,15.57,60.4,49.75,51.11,Yes,1,High,54.53
STU10458,Brenda Thornton,24,Female,69.67,23.91,74.47,69.27,64.18,No,2,Medium,60.0
STU10459,Aaron Miller,19,Male,87.15,28.56,77.22,79.81,69.19,No,0,Medium,60.93
STU10460,Ruben Dunn,19,Female,72.5,17.48,57.1,58.99,57.67,No,5,Medium,65.73
STU10461,Kelsey Rodriguez,18,Male,76.83,24.54,76.0,72.43,63.75,No,0,High,65.66
STU10462,Eric Williams,21,Female,71.64,8.52,49.58,44.09,48.24,No,1,Medium,43.59
STU10463,Riley Bryant,22,Male,95.39,23.96,74.07,72.35,69.82,No,1,Medium,77.81
STU10464,Taylor Carlson,17,Female,74.79,15.18,50.79,53.19,52.43,No,0,Medium,48.15
STU10465,Jose Allen,20,Other,96.33,21.84,68.85,69.03,65.23,Yes,3,Medium,62.32
STU10466,Jeffrey Mendez,23,Male,86.14,18.51,73.66,66.18,64.48,Yes,3,Medium,61.82
STU10467,Jason Beck,24,Other,82.82,27.92,63.92,66.96,62.85,No,1,High,58.6
STU10468,William Jones,17,Male,81.69,14.75,57.63,53.63,56.29,No,1,Medium,47.97
STU10469,Katie Mcneil,21,Female,81.94,23.77,74.4,73.41,68.1,Yes,0,High,65.0
STU10470,Jeanette Harrison,20,Female,58.72,18.32,57.51,55.6,59.86,No,5,Medium,68.21
STU10471,Veronica King,21,Female,75.21,19.05,82.36,72.25,64.2,Yes,0,High,60.97
STU10472,Richard Cooper,24,Female,86.45,18.9,85.65,80.82,75.23,Yes,1,High,66.77
STU10473,Lori Ingram,19,Female,77.51,14.93,60.38,55.99,48.36,Yes,2,High,58.07
STU10474,Evelyn Williams,20,Male,63.95,19.92,68.42,58.06,58.92,Yes,2,Low,54.6
STU10475,Robin Thompson,19,Male,77.48,19.62,74.97,71.94,61.34,Yes,3,Medium,69.33
STU10476,Julie Dominguez,24,Female,95.04,21.45,73.85,61.23,64.89,No,0,Medium,60.56
STU10477,Robin Brown,17,Female,90.47,20.51,65.08,56.81,58.9,No,1,Medium,53.96
STU10478,Judith Carter,24,Female,77.38,24.79,73.22,72.34,67.83,No,3,Medium,76.09
STU10479,Curtis Williams,17,Female,87.51,25.54,76.67,77.0,68.52,Yes,0,High,61.8
STU10480,Kaylee Hays,20,Male,74.33,13.7,61.27,45.99,49.43,No,2,Low,49.96
STU10481,Dawn Mullins,20,Female,60.96,25.21,70.13,65.06,66.69,Yes,1,Medium,65.85
STU10482,Howard Norman,22,Male,68.76,12.88,56.26,45.77,50.89,Yes,0,Medium,54.71
STU10483,Evelyn Martinez,21,Female,93.63,23.53,70.86,66.59,64.03,No,2,High,65.28
STU10484,Steve Paul,22,Male,75.26,23.72,72.47,74.39,65.2,Yes,5,High,61.1
STU10485,Jasmine Beltran,21,Male,75.57,8.53,63.9,54.62,64.82,Yes,1,Medium,67.34
STU10486,Jonathan Glass MD,22,Male,75.0,20.56,61.16,59.53,56.07,Yes,3,Low,52.59
STU10487,Monica Miller,19,Male,97.04,17.19,82.35,67.19,68.3,No,2,High,79.85
STU10488,Samantha Gardner,20,Female,94.26,15.45,61.13,48.85,53.92,Yes,2,Medium,59.56
STU10489,Bobby Guerrero,17,Male,100.0,28.11,80.63,88.17,76.33,No,2,Medium,73.57
STU10490,Lance Simmons,21,Male,76.41,16.08,65.01,61.42,56.56,No,3,High,62.18
STU10491,Heather Williams,24,Male,80.96,15.16,63.54,52.45,50.39,No,0,High,61.88
STU10492,Heather Bolton,21,Male,62.83,20.45,60.49,62.28,49.91,No,0,Medium,52.49
STU10493,William Gould,17,Male,92.77,24.11,92.08,81.2,75.06,Yes,1,Medium,72.08
STU10494,Mark Cox,22,Male,66.32,19.15,58.98,54.58,55.97,Yes,3,Medium,44.64
STU10495,Meghan Cisneros,21,Female,80.17,27.0,93.06,86.11,76.84,Yes,0,Medium,73.57
STU10496,Lawrence Harrington,23,Female,67.03,23.19,71.1,62.23,59.04,Yes,1,Medium,64.6
STU10497,Austin Osborne,19,Female,72.11,6.93,59.34,44.02,56.95,No,0,Medium,44.2
STU10498,James Bradley,20,Male,69.63,16.82,67.96,60.21,65.26,Yes,4,Low,62.43
STU10499,Meghan Rush,17,Male,71.92,16.63,83.12,64.88,64.77,Yes,1,Medium,64.65
STU10500,Phillip Berry,20,Female,72.61,22.88,63.1,66.57,56.75,No,1,Medium,62.11
STU10501,Jennifer Banks,23,Female,72.52,5.0,49.67,50.28,45.16,No,0,Medium,31.88
STU10502,Brian Fitzgerald,21,Male,86.33,35.29,78.95,79.29,76.11,No,3,Medium,64.94
STU10503,Mr. Justin Green III,21,Male,66.95,23.19,68.24,55.11,55.54,No,3,Medium,53.42
STU10504,Zachary Mitchell,24,Male,80.21,20.89,59.63,47.61,51.64,No,2,Medium,64.26
STU10505,Katherine Martinez,23,Male,90.18,27.09,80.19,76.6,68.84,No,1,Medium,65.22
STU10506,Jodi Roach,17,Male,72.87,34.06,89.84,83.37,71.35,Yes,3,High,75.62
STU10507,Brandon Fleming,24,Female,70.82,25.22,72.04,70.65,65.71,No,2,Medium,76.3
STU10508,Emma Reed,19,Female,75.69,25.69,71.21,70.65,58.21,No,3,High,66.83
STU10509,Joshua Vance,24,Female,89.8,20.78,71.14,57.19,67.85,Yes,2,Medium,70.23
STU10510,Michelle Ho,18,Female,79.94,19.15,76.67,56.51,59.93,Yes,0,Medium,57.17
STU10511,Rebecca Hicks,17,Female,72.69,17.15,60.3,57.64,55.07,No,2,Low,58.8
STU10512,Curtis Taylor,18,Female,82.84,15.04,81.59,67.51,62.07,No,2,Medium,72.36
STU10513,Allison Spencer,23,Female,66.98,15.88,76.44,60.48,61.26,Yes,2,High,65.91
STU10514,Robert Arnold,22,Male,84.81,11.9,69.05,47.23,56.02,Yes,3,High,59.46
STU10515,Angelica Parker,18,Male,82.09,19.54,71.43,67.91,64.94,No,1,High,68.47
STU10516,Dr. Kelly Hammond DVM,19,Male,74.92,9.89,69.11,62.03,68.24,No,1,Medium,50.67
STU10517,William Day,24,Female,69.61,21.15,75.31,69.08,65.35,Yes,1,Medium,70.57
STU10518,Michael Cooper,22,Female,69.13,19.78,60.86,53.1,49.74,Yes,2,Medium,48.47
STU10519,Penny Bowman,24,Male,83.35,20.88,69.27,65.49,60.28,No,2,Medium,59.95
STU10520,Vincent Reynolds,18,Female,90.29,16.87,63.67,51.03,61.18,Yes,1,Medium,67.43
STU10521,Amy Martinez,24,Male,71.63,38.46,83.44,94.02,82.93,No,0,High,84.55
STU10522,Christopher Morris,23,Female,82.58,28.16,82.41,79.42,74.57,Yes,2,High,65.71
STU10523,Hannah Everett,22,Male,57.13,12.53,47.17,32.32,42.69,Yes,0,Medium,35.34
STU10524,Sarah King,23,Male,72.15,21.4,65.65,60.78,61.73,Yes,0,Medium,63.11
STU10525,Krista Martinez,18,Female,77.69,16.35,58.09,57.21,62.99,Yes,2,Low,45.31
STU10526,Joseph Shaw,23,Male,68.9,13.91,56.01,48.22,40.51,Yes,0,Medium,55.74
STU10527,Todd Moore,19,Male,68.63,11.96,64.68,51.55,57.74,Yes,0,Medium,55.27
STU10528,Michelle Jacobs,18,Male,71.32,22.59,64.21,55.43,61.06,No,1,High,67.18
STU10529,Kristy Bryan,18,Female,80.92,15.91,66.4,62.33,54.55,Yes,1,Medium,54.37
STU10530,Angel May,18,Female,76.13,25.81,62.13,61.12,53.94,No,3,Medium,53.4
STU10531,Marilyn Wang,17,Male,55.62,25.96,66.73,52.69,48.67,Yes,0,Medium,58.13
STU10532,Mark Jimenez,24,Female,56.79,28.24,67.17,65.81,54.26,No,3,Low,51.94
STU10533,Donna Frye,17,Female,71.93,14.89,59.09,58.98,53.3,Yes,1,High,49.44
STU10534,Dr. Michael Evans,17,Male,82.58,22.85,72.7,66.49,66.45,Yes,2,Medium,69.31
STU10535,Anthony Gonzales,19,Male,50.52,23.79,63.12,71.61,61.59,No,0,High,48.83
STU10536,Mr. Lawrence Edwards,22,Male,73.0,17.15,60.5,58.58,61.68,No,1,Medium,65.14
STU10537,Morgan Valencia,24,Male,72.74,15.37,54.52,53.13,48.04,No,1,High,53.0
STU10538,Bianca Wood,23,Female,91.88,29.66,95.0,87.36,77.98,No,1,Low,69.78
STU10539,Emma Owens,21,Male,74.15,21.36,65.18,62.08,65.95,No,5,Medium,67.87
STU10540,David Davis,18,Female,81.83,23.82,73.73,68.59,69.41,Yes,2,High,76.42
STU10541,James Gilbert,23,Female,79.41,15.07,74.39,60.6,63.54,No,1,High,63.0
STU10542,Sean Moore,18,Male,56.69,12.68,81.26,64.96,64.88,No,2,High,76.13
STU10543,Kenneth Edwards,19,Female,85.68,16.58,62.17,52.07,56.97,No,4,Medium,70.46
STU10544,Kathleen Robertson,18,Male,80.15,19.26,73.69,59.42,65.24,No,1,High,65.58
STU10545,Mr. Alexander Landry MD,17,Other,83.08,13.61,62.81,48.36,53.85,Yes,1,High,63.6
STU10546,Cindy Gomez,24,Female,100.0,19.94,75.19,81.57,76.21,Yes,2,Low,79.56
STU10547,Johnny Khan,21,Female,57.16,9.87,49.73,45.13,37.08,No,1,High,36.35
STU10548,Julie Herrera,20,Female,95.25,13.28,64.52,58.79,58.77,No,1,Medium,61.13
STU10549,Jessica Khan,18,Male,75.13,24.03,71.58,62.16,58.45,No,1,Medium,55.36
STU10550,Pamela Diaz,23,Female,80.87,23.62,63.56,68.04,60.36,No,0,Medium,54.98
STU10551,Kelly Lee,17,Female,77.54,17.65,75.0,64.19,59.59,Yes,1,High,64.84
STU10552,Angel Gordon,20,Female,73.76,13.89,64.61,56.7,54.54,Yes,1,Low,54.26
STU10553,Diana Hays,21,Female,72.3,13.84,66.57,50.44,47.84,Yes,0,Medium,42.81
STU10554,Barbara Hester,20,Female,81.3,17.76,66.69,61.76,63.96,No,3,Medium,63.41
STU10555,Robert Morgan,17,Male,62.83,23.87,64.27,60.57,55.85,No,2,Medium,54.03
STU10556,Nicole Gonzalez,24,Male,85.51,25.57,79.12,70.49,60.94,Yes,4,Medium,75.98
STU10557,Kathryn Williams,24,Female,73.84,17.02,58.3,59.17,51.71,No,0,Low,56.76
STU10558,Gary Wells,22,Male,66.7,13.08,58.33,41.3,49.89,Yes,0,High,45.57
STU10559,Larry Robertson,24,Female,73.5,21.61,63.51,65.12,57.01,Yes,2,High,69.39
STU10560,Louis Martin,22,Female,90.57,15.06,65.54,62.76,59.53,No,1,High,65.33
STU10561,Nancy Evans MD,20,Male,72.65,16.89,51.11,45.3,47.9,Yes,2,High,50.43
STU10562,Kim Erickson,19,Male,81.58,27.95,86.57,76.0,74.93,No,0,Medium,67.95
STU10563,Robert Richardson,23,Female,70.69,24.96,65.94,64.46,52.6,No,2,Medium,50.07
STU10564,Veronica Silva,23,Male,85.58,20.95,82.04,74.23,74.56,No,0,Medium,62.25
STU10565,Molly Watts,20,Female,84.86,12.37,75.08,60.0,60.25,Yes,2,Low,48.59
STU10566,John Coffey,18,Male,96.49,21.27,69.48,69.61,67.89,Yes,2,High,70.41
STU10567,Paula Lane,18,Female,76.24,26.38,66.34,78.43,65.74,No,1,Low,48.89
STU10568,Lauren Jackson,24,Male,84.69,17.75,89.22,70.47,70.19,No,0,High,65.27
STU10569,Lisa Randall,23,Female,78.98,28.11,88.53,71.6,66.72,No,0,Low,68.64
STU10570,Michael Johnson,23,Male,90.96,27.76,80.6,83.37,74.15,Yes,2,High,85.92
STU10571,Ashley Smith,22,Female,70.81,29.98,76.11,86.02,79.03,Yes,2,Medium,66.36
STU10572,Christian Vaughn,19,Male,85.45,21.83,70.05,69.08,58.98,No,4,Low,63.68
STU10573,Reginald Knapp,17,Female,76.05,23.52,74.91,63.45,72.1,No,1,High,64.7
STU10574,Nancy Brown,18,Female,77.36,28.49,70.87,71.61,64.04,Yes,2,Medium,62.56
STU10575,Daniel Nguyen,23,Male,78.92,22.68,58.22,53.61,55.1,Yes,2,High,59.43
STU10576,Kelly Edwards,22,Male,80.52,16.99,59.85,60.12,52.66,No,0,Medium,50.64
STU10577,Thomas Peterson,21,Male,76.84,17.31,68.0,52.56,53.71,Yes,2,Low,53.48
STU10578,Raymond Le,22,Female,80.15,21.43,64.14,60.78,57.24,Yes,0,High,61.25
STU10579,Melissa Bishop,18,Female,93.78,12.26,70.62,53.23,56.88,Yes,1,Medium,67.09
STU10580,David Grant,18,Female,87.85,19.14,66.02,63.08,61.71,Yes,0,High,72.19
STU10581,William Evans,22,Male,86.69,26.58,72.81,70.44,65.44,No,3,Medium,62.85
STU10582,Daniel Bush,17,Male,73.44,6.85,65.14,50.4,64.38,Yes,2,Medium,56.0
STU10583,Gregory Peck,20,Female,69.11,29.21,74.82,74.49,60.25,Yes,4,Medium,70.05
STU10584,Denise Martinez,18,Female,87.55,26.73,78.66,70.16,70.11,Yes,2,Medium,69.02
STU10585,Jamie Baird,22,Other,86.76,17.24,77.92,70.81,70.65,Yes,1,Medium,72.96
STU10586,Tina Ballard,23,Male,92.73,23.26,81.74,74.87,68.01,No,0,Medium,74.37
STU10587,Dwayne Klein,22,Female,71.96,20.02,77.92,62.14,66.85,Yes,0,Medium,69.48
STU10588,Jeremy Scott,19,Male,75.7,27.38,71.23,84.83,67.77,No,1,Medium,67.66
STU10589,Dale Ryan,20,Male,61.61,25.9,64.77,67.95,46.31,Yes,1,Medium,48.29
STU10590,Melissa Taylor,21,Female,74.08,11.6,53.64,46.43,53.14,Yes,1,Low,47.22
STU10591,Laurie Sanchez,17,Female,87.97,23.52,73.65,78.96,65.42,Yes,4,Medium,66.65
STU10592,Kiara Little,24,Other,73.34,18.77,74.23,76.1,62.04,Yes,0,Medium,68.72
STU10593,Jason Love,21,Male,84.4,20.5,82.21,71.23,74.02,No,2,Low,75.76
STU10594,Randy Smith,20,Male,76.09,15.63,73.1,63.97,61.46,Yes,2,Medium,71.65
STU10595,Tanya Russell,20,Female,81.24,30.49,66.28,66.09,67.17,No,0,Low,65.17
STU10596,Sherry Woods,20,Female,66.52,26.24,77.56,72.04,71.71,Yes,1,High,63.43
STU10597,Victor Morris,21,Male,78.85,15.56,54.56,50.7,49.39,Yes,1,High,62.67
STU10598,Susan Davis,23,Male,48.09,11.99,58.92,49.11,51.39,Yes,0,Low,47.49
STU10599,Kimberly Sharp,20,Male,76.13,17.69,65.26,61.42,55.79,No,1,Low,48.81
STU10600,Susan Thompson,22,Female,61.7,22.61,70.42,68.61,72.17,Yes,2,High,71.64
STU10601,Casey Gillespie,21,Male,90.06,21.44,66.7,66.41,61.14,Yes,1,Medium,62.29
STU10602,Jennifer Simpson DVM,24,Male,85.77,27.52,86.77,73.8,78.48,Yes,2,High,65.08
STU10603,Tammy Mcdowell,20,Male,82.67,24.74,65.13,60.72,64.8,Yes,3,High,59.6
STU10604,Keith Rodriguez,22,Male,93.21,25.82,75.68,70.9,71.53,No,0,Medium,67.95
STU10605,Mrs. Virginia Daniels,23,Male,68.51,21.96,60.79,58.36,52.05,Yes,3,Medium,55.29
STU10606,Todd Rosales MD,19,Female,95.47,11.66,59.07,58.83,59.6,No,0,High,53.56
STU10607,Brian Martin,23,Male,87.32,18.83,73.77,59.27,53.26,No,2,High,66.07
STU10608,David Lopez,24,Female,75.63,26.36,86.35,76.64,73.29,Yes,0,Medium,74.18
STU10609,Rachel Bradley,20,Male,89.36,19.69,93.2,83.64,81.51,Yes,2,Medium,70.08
STU10610,Casey Chase,24,Female,66.94,23.02,68.57,63.33,60.22,No,2,Medium,74.59
STU10611,Samantha Robertson,21,Female,69.75,18.09,73.38,66.38,48.0,Yes,4,Medium,51.34
STU10612,Michael Lopez,18,Female,71.91,13.82,65.06,54.57,49.92,Yes,3,High,54.32
STU10613,Franklin Wright,20,Female,72.71,19.26,71.06,65.23,58.5,No,2,High,63.89
STU10614,David Molina,18,Male,67.43,21.85,64.87,60.72,58.9,No,0,Medium,53.36
STU10615,Elizabeth Sharp,22,Male,90.23,16.07,73.71,68.03,69.1,No,2,High,76.95
STU10616,Matthew Schwartz,19,Female,75.41,18.59,71.94,54.57,58.51,No,3,Medium,57.47
STU10617,Bryan Parker,17,Other,81.53,14.36,63.61,53.88,60.6,Yes,1,Medium,52.81
STU10618,Jonathan Jacobson,24,Female,72.3,26.72,72.08,72.7,60.0,Yes,1,Medium,67.16
STU10619,Emily Wilson,23,Female,59.79,18.23,61.27,59.29,57.21,Yes,2,Medium,38.17
STU10620,Elizabeth Mendez,19,Female,80.7,28.72,83.17,88.62,78.64,No,1,Medium,77.63
STU10621,Casey Hernandez,20,Male,58.88,29.17,61.51,63.63,57.46,No,2,Medium,63.75
STU10622,Lisa Perry,18,Male,77.31,19.51,69.22,72.24,64.06,Yes,0,High,51.72
STU10623,Kaitlin Medina,23,Female,64.32,13.95,73.88,55.67,67.36,Yes,0,High,59.24
STU10624,Colleen Wright,18,Female,97.87,7.48,77.53,67.13,72.67,Yes,1,Medium,59.28
STU10625,Shelley Miller,21,Male,87.11,11.17,77.11,66.08,62.7,No,0,Medium,62.71
STU10626,Michael Miller,18,Female,79.06,11.76,65.03,48.78,56.89,No,1,Medium,67.83
STU10627,Amy Kelley,21,Male,90.64,28.27,83.29,82.16,79.8,Yes,0,High,79.33
STU10628,Laura Hernandez,22,Female,69.54,20.69,74.31,66.14,60.12,No,1,Medium,58.81
STU10629,Joseph Wilson,23,Male,83.43,22.34,84.93,78.91,79.48,No,2,Low,53.41
STU10630,Kevin Davis,23,Male,80.0,6.68,48.01,39.08,48.39,Yes,3,Low,38.97
STU10631,Rhonda Chavez,17,Female,80.64,12.81,57.01,49.11,41.56,No,1,Medium,47.77
STU10632,Joyce Brown,20,Male,90.72,25.32,88.18,88.57,81.5,Yes,3,Medium,80.5
STU10633,Robert Cummings,21,Female,85.32,21.72,72.39,67.3,63.93,Yes,0,High,68.65
STU10634,Robert Reese,17,Female,80.89,19.12,66.04,66.58,65.28,Yes,3,High,70.76
STU10635,Amber Cooper,18,Female,61.45,23.39,57.17,57.29,57.07,No,2,Medium,48.14
STU10636,Zachary Michael,18,Male,68.4,29.81,69.34,81.81,67.56,No,0,Medium,64.98
STU10637,Timothy Johnson,17,Male,76.77,18.67,58.96,52.84,62.81,Yes,1,Medium,54.61
STU10638,Randy Cannon,23,Male,78.93,20.42,85.5,69.61,69.18,No,2,High,64.03
STU10639,Maria Fisher,18,Other,66.7,21.16,66.33,71.34,64.65,Yes,3,Medium,57.82
STU10640,Janet Kane DVM,24,Female,100.0,34.35,88.64,87.0,85.5,No,2,Medium,84.46
STU10641,Michael Stanley,22,Female,93.16,7.4,71.56,64.94,65.92,No,1,Medium,47.9
STU10642,Martha Bailey,22,Female,84.02,24.1,82.21,80.66,77.7,Yes,1,Medium,62.77
STU10643,Joshua Rice,24,Female,78.72,19.31,76.63,66.47,62.86,Yes,1,Medium,83.22
STU10644,Courtney Smith,17,Female,75.88,23.4,79.25,61.36,62.28,No,1,Medium,58.04
STU10645,Edwin Nunez,24,Male,68.48,16.06,59.22,53.76,46.68,Yes,4,Medium,61.29
STU10646,Kim Morrow,21,Female,78.77,19.71,68.22,63.75,63.15,No,1,Medium,60.24
STU10647,Gregory Hill,21,Male,80.58,24.27,79.6,80.68,73.84,Yes,0,Medium,67.85
STU10648,Molly Rodriguez,17,Female,65.58,38.68,74.62,91.94,77.31,No,5,Low,73.65
STU10649,Jennifer Miranda,24,Female,81.34,24.85,74.9,67.58,70.09,Yes,1,Medium,67.69
STU10650,Alexis Harris,21,Female,76.45,14.91,68.81,63.72,60.25,Yes,0,Medium,58.97
STU10651,Andrew Harper,23,Male,58.92,17.46,66.29,62.66,51.03,Yes,2,Medium,54.92
STU10652,Amber Yang,24,Male,69.4,17.28,52.41,57.76,54.6,No,1,High,56.42
STU10653,David Robinson,23,Male,73.86,9.23,66.01,54.99,62.68,Yes,5,Low,51.88
STU10654,Amy Gordon,21,Male,96.88,18.02,74.73,55.35,68.68,Yes,2,Medium,63.56
STU10655,Robert Dennis,22,Male,83.57,24.4,80.46,73.64,76.07,No,1,Medium,64.25
STU10656,Kyle Chambers,21,Female,64.65,12.35,64.94,46.36,50.83,No,3,Medium,43.7
STU10657,Eric Thomas,23,Female,82.86,26.29,87.8,79.02,72.63,Yes,0,Medium,83.81
STU10658,Connie Turner,19,Male,62.53,22.93,75.54,74.32,61.27,No,1,High,58.09
STU10659,Travis Hobbs,20,Male,88.83,15.59,80.87,69.22,70.02,No,2,Medium,73.9
STU10660,Lori Simmons,18,Male,73.29,19.15,77.83,74.26,67.5,Yes,1,Medium,64.44
STU10661,William David DDS,24,Female,77.06,29.59,78.58,79.61,71.81,Yes,4,High,76.94
STU10662,Emma Butler,19,Female,91.26,24.4,78.81,66.64,68.51,No,2,High,69.76
STU10663,James Webster,21,Female,65.13,20.05,71.2,48.59,54.28,No,1,High,44.77
STU10664,Samuel Turner,22,Female,64.03,18.57,68.74,61.82,54.62,Yes,2,High,59.63
STU10665,Renee Melendez,17,Other,72.16,20.46,66.02,60.66,63.48,Yes,2,High,66.38
STU10666,Tracy Grant,21,Female,88.38,16.93,75.04,59.49,65.14,Yes,1,Medium,58.67
STU10667,David Harris,22,Male,62.81,7.37,55.04,32.98,42.5,No,1,Medium,55.94
STU10668,Tammy Boone,20,Female,49.68,32.25,61.47,63.39,49.9,Yes,3,Low,56.49
STU10669,Nathaniel Lee,21,Male,73.49,20.93,78.08,67.96,59.15,Yes,2,High,70.5
STU10670,Michael Morrison,23,Female,83.52,22.39,74.47,73.46,75.02,No,0,High,75.42
STU10671,Chelsea Gill,17,Male,90.0,19.65,89.1,76.82,78.85,No,2,Medium,60.3
STU10672,Kristin Mendoza,22,Female,73.37,15.59,53.88,60.65,46.64,Yes,3,Medium,57.69
STU10673,Felicia Krueger,22,Female,73.89,18.88,63.87,53.3,59.6,Yes,1,High,72.94
STU10674,Timothy Hayden,22,Female,89.54,10.4,68.32,61.18,67.85,Yes,2,High,70.78
STU10675,Zachary Mendoza,20,Female,59.3,33.66,80.24,80.64,68.79,Yes,1,Medium,66.5
STU10676,Larry Harris,21,Male,74.11,12.59,66.25,59.35,66.77,No,1,High,54.33
STU10677,Kristen Rowe,20,Male,79.9,13.81,68.8,55.64,60.62,No,1,Medium,50.67
STU10678,Joseph Howard,24,Male,82.49,17.36,62.26,64.55,53.8,Yes,3,Medium,51.62
STU10679,Jose Crawford,18,Male,72.9,27.73,65.47,70.03,63.83,Yes,1,Medium,60.55
STU10680,William Harrison,18,Female,78.34,20.09,72.66,61.8,63.95,Yes,4,Medium,57.43
STU10681,Suzanne Wood,24,Male,53.12,12.58,45.51,41.59,38.09,No,1,Low,35.66
STU10682,Justin Walker,21,Other,71.42,27.53,69.12,68.5,65.32,Yes,4,High,67.81
STU10683,Dean Donovan,23,Female,82.54,24.39,78.6,76.37,62.41,No,2,High,58.22
STU10684,Jennifer Hernandez,20,Female,68.18,23.23,61.66,54.56,59.27,No,1,High,52.48
STU10685,James Whitaker,17,Male,78.59,24.29,84.68,76.12,67.61,Yes,1,Medium,66.19
STU10686,Mr. Michael Scott PhD,22,Female,82.47,34.37,90.61,91.39,75.27,No,1,Medium,72.64
STU10687,Maria Henry,22,Female,74.57,33.11,67.01,74.31,63.81,No,2,Medium,64.01
STU10688,Robert Jackson,21,Female,79.7,15.88,61.47,64.15,62.07,No,2,Low,57.04
STU10689,Katherine Stark,23,Female,68.37,29.74,57.17,69.69,58.89,No,2,Medium,55.72
STU10690,Maria Brown,18,Female,75.93,22.3,65.5,63.64,56.67,Yes,2,Low,52.91
STU10691,Ryan Landry,18,Male,84.1,22.99,80.1,74.46,68.39,Yes,2,Low,66.72
STU10692,Pamela Gutierrez,22,Female,79.57,9.85,60.83,52.05,49.76,No,1,High,62.58
STU10693,Crystal Mann,21,Male,72.13,18.98,70.36,65.41,60.82,No,2,Low,48.38
STU10694,Jonathan Brooks,20,Male,80.24,15.12,57.02,42.04,56.09,No,0,High,59.98
STU10695,Mary Jensen,18,Male,85.15,24.97,82.12,74.34,71.77,Yes,1,Medium,61.29
STU10696,Mr. Aaron Arnold,20,Male,57.5,26.43,62.62,55.07,56.99,No,2,High,58.07
STU10697,Joseph Hill,23,Male,89.59,7.55,66.21,59.84,69.31,Yes,2,Low,66.99
STU10698,Alicia Li,18,Male,74.64,19.87,68.11,62.44,57.68,Yes,3,Medium,52.66
STU10699,Renee Browning,18,Other,82.25,26.73,67.71,68.36,63.14,Yes,0,Medium,65.77
STU10700,Brent Hernandez,19,Female,89.97,18.88,66.13,67.74,75.7,Yes,2,High,64.09
STU10701,Joseph Ochoa,18,Other,64.28,24.37,74.55,71.9,71.34,Yes,0,Medium,72.29
STU10702,James Watson,24,Male,70.91,22.11,71.63,59.61,51.75,No,4,Medium,47.52
STU10703,Karl Branch,17,Male,75.11,22.05,77.83,69.74,68.61,Yes,2,High,63.71
STU10704,Michael Abbott,24,Female,70.16,18.37,68.2,59.05,58.57,Yes,1,Medium,59.17
STU10705,Shannon Malone,21,Male,95.35,12.7,73.03,50.66,66.49,Yes,2,Low,65.03
STU10706,James Tran,21,Male,69.43,13.27,49.98,42.23,42.43,Yes,0,Medium,45.97
STU10707,Adam Jackson,20,Female,72.44,24.26,69.07,65.97,57.55,No,0,Medium,61.54
STU10708,Mr. Richard Knight PhD,24,Male,80.04,20.12,70.91,64.42,59.99,Yes,3,Medium,59.79
STU10709,Joseph Williams,24,Female,65.98,19.17,78.48,58.12,58.15,Yes,1,Medium,53.03
STU10710,Sean Clay,24,Female,74.04,17.46,71.65,69.44,68.27,No,0,Low,68.34
STU10711,Anthony Jones,23,Male,81.17,18.17,80.94,68.37,62.59,No,1,Medium,67.12
STU10712,Stephanie Elliott,18,Male,74.67,26.28,77.45,73.94,64.81,No,0,High,63.62
STU10713,Timothy Edwards,17,Female,77.07,17.99,63.44,61.19,50.09,No,0,Medium,44.39
STU10714,Laurie Goodwin,20,Male,72.71,11.95,63.27,48.1,58.56,No,4,Medium,61.78
STU10715,Jennifer Jones,24,Male,62.86,24.46,68.92,68.94,67.18,Yes,1,Low,67.19
STU10716,David Davenport,24,Other,81.22,18.77,64.05,58.04,57.34,No,5,Medium,56.88
STU10717,Steven Rivera,19,Male,95.55,20.19,74.66,63.41,65.94,No,2,Medium,61.78
STU10718,Brenda Hinton,20,Female,78.18,29.65,75.59,79.52,72.19,No,2,Medium,67.82
STU10719,Kathryn Mccann,24,Other,80.25,19.88,82.26,80.11,80.25,No,1,Medium,70.81
STU10720,Jeffrey Roberson,20,Male,84.93,21.74,59.62,65.2,62.72,No,1,High,66.81
STU10721,Randy Friedman,18,Male,65.31,12.93,68.62,61.45,55.1,Yes,3,Low,47.81
STU10722,Raymond Johnson,19,Male,95.03,18.68,69.53,61.43,56.75,Yes,0,Medium,58.34
STU10723,Willie Henry,20,Male,80.02,23.66,63.97,54.89,52.03,No,1,Medium,54.15
STU10724,Todd Reynolds,17,Male,94.32,10.67,78.46,71.13,71.59,Yes,2,Medium,71.66
STU10725,Mary Miller,17,Female,70.67,21.21,73.24,78.77,64.06,Yes,0,High,72.04
STU10726,Rebecca Marquez,21,Male,96.18,20.6,86.67,85.08,80.32,No,0,Medium,77.8
STU10727,Christian Dawson,19,Female,85.75,20.25,79.08,68.28,65.96,Yes,0,Low,74.16
STU10728,Nancy Stewart,19,Other,83.53,26.22,91.18,75.17,69.64,Yes,1,Medium,66.36
STU10729,Aaron Parker,21,Female,80.34,22.01,76.45,63.5,59.17,No,1,Medium,70.26
STU10730,Derrick Anderson,20,Female,75.51,28.87,74.32,64.31,71.43,No,0,Low,55.65
STU10731,Jerry Peters,19,Male,90.01,14.04,73.23,61.27,69.52,Yes,1,Medium,63.29
STU10732,Alexander Gomez,17,Female,79.4,20.82,80.04,80.33,80.66,No,2,Medium,74.59
STU10733,Kyle Nguyen,17,Female,58.33,20.51,57.23,54.92,53.62,Yes,2,Medium,59.88
STU10734,Edgar Hughes,24,Male,66.83,13.58,56.67,51.89,49.21,Yes,0,Medium,48.0
STU10735,Steven Stein,18,Male,76.14,25.74,71.31,78.25,74.19,Yes,1,Medium,71.52
STU10736,Laura Jackson,19,Female,81.1,33.95,66.47,72.8,64.8,No,2,Medium,62.96
STU10737,Charles Turner,20,Male,77.43,19.9,70.87,76.84,68.29,Yes,3,Medium,53.86
STU10738,Arthur Hamilton MD,21,Male,90.19,23.03,63.99,76.89,67.13,Yes,1,High,68.92
STU10739,Mr. David Wright,21,Male,58.49,20.51,63.12,58.24,39.44,No,5,Low,38.98
STU10740,Linda Gonzalez,20,Male,79.44,15.72,73.84,59.24,70.49,Yes,1,High,73.88
STU10741,Eric Rush,23,Female,59.82,9.08,51.95,46.91,49.02,No,1,Medium,53.53
STU10742,Manuel Brock,22,Female,85.6,15.77,82.02,65.78,70.5,No,1,High,63.61
STU10743,George Ochoa,18,Female,77.06,11.65,53.76,40.82,48.21,No,0,Medium,41.16
STU10744,Valerie Taylor,21,Male,82.2,30.22,87.37,91.16,79.74,No,2,Medium,73.21
STU10745,Travis Harris,19,Male,69.36,19.31,70.99,70.66,60.46,Yes,1,High,67.0
STU10746,Vincent Novak,18,Female,90.79,17.92,61.85,60.16,63.94,Yes,1,High,67.21
STU10747,Michael Henry,19,Male,88.42,25.33,95.0,76.31,71.11,No,0,Medium,92.84
STU10748,Dana Bennett,23,Male,83.84,13.27,67.38,50.01,58.78,No,2,Medium,55.16
STU10749,Jenna Wilson,17,Female,76.7,15.4,60.32,55.35,58.63,Yes,2,Medium,57.82
STU10750,Leslie Gardner,18,Male,83.8,20.41,62.96,58.38,58.24,No,0,High,70.94
STU10751,Krista Benton,24,Female,70.93,26.17,70.15,67.18,64.11,Yes,1,Medium,64.67
STU10752,Michael Gonzales,21,Male,86.56,23.01,74.84,76.66,65.38,No,3,Medium,61.17
STU10753,Michael Fuentes,18,Male,94.49,21.49,78.56,76.4,68.3,No,1,High,73.36
STU10754,Jennifer Porter,18,Male,88.71,20.47,72.73,75.56,70.83,No,2,High,74.49
STU10755,Dana Hopkins,18,Other,70.7,22.4,73.39,61.65,64.8,No,1,Medium,58.74
STU10756,Rachel Jones,22,Female,81.61,21.21,69.78,63.57,53.62,No,0,Medium,62.89
STU10757,Karen Morales DDS,18,Female,65.07,13.82,47.16,49.44,49.43,Yes,3,High,55.53
STU10758,Melissa Stephens,19,Female,83.72,20.28,71.64,68.71,63.15,No,1,Medium,60.35
STU10759,Heather Woodard,17,Male,82.51,13.56,50.92,57.66,53.54,No,2,High,64.82
STU10760,Margaret Miller,23,Female,59.3,20.49,65.54,62.94,50.13,No,5,Medium,49.48
STU10761,Mary Kelly,20,Male,66.38,17.12,56.68,64.31,51.36,No,0,Medium,54.9
STU10762,Amanda Terrell,18,Female,75.17,35.24,80.88,86.96,78.61,Yes,3,Medium,72.34
STU10763,Jennifer Goodwin,21,Male,74.99,19.76,78.03,74.57,68.57,No,3,Medium,56.66
STU10764,Jessica Smith,18,Female,65.91,11.57,52.82,44.11,45.19,No,2,High,50.14
STU10765,Jorge Stone,21,Male,81.89,19.19,78.62,68.79,67.39,Yes,1,Medium,78.48
STU10766,Laura Griffin,19,Male,80.51,23.12,70.35,73.02,68.73,Yes,0,Medium,65.86
STU10767,Raymond Chapman,21,Female,76.06,30.04,88.72,93.12,81.06,No,1,Medium,67.64
STU10768,Haley Johnson,24,Male,70.44,16.46,62.14,60.41,56.61,Yes,0,Medium,57.54
STU10769,Jason Nixon,20,Male,88.49,10.51,61.87,51.84,62.96,Yes,3,Medium,55.04
STU10770,Todd Thomas,17,Male,94.55,24.9,85.06,86.91,83.95,Yes,5,Medium,86.57
STU10771,Jesse Clark,21,Male,73.16,11.72,59.42,37.39,50.58,No,1,Medium,46.81
STU10772,Mr. Jeffrey Horton,21,Female,71.88,17.38,60.03,47.31,52.22,No,1,High,42.52
STU10773,Eric Patrick,17,Female,82.91,18.45,67.73,66.24,66.76,Yes,0,High,68.65
STU10774,Samuel Wong,20,Female,74.42,19.58,68.16,62.64,62.24,No,0,Medium,60.21
STU10775,Carly Riggs,18,Female,76.61,24.13,81.93,78.07,76.63,No,1,Medium,68.59
STU10776,Christopher Moore,21,Male,85.4,15.9,56.75,54.45,60.5,Yes,2,Medium,52.06
STU10777,Tina Hall,17,Female,58.91,18.36,61.58,59.71,49.14,Yes,1,Medium,63.41
STU10778,Cody Davidson,24,Male,91.18,19.91,79.78,66.03,63.84,No,2,High,65.27
STU10779,Allen Mendez,24,Male,78.73,20.9,72.48,69.97,62.1,Yes,2,Medium,69.9
STU10780,Kevin Price,19,Female,73.89,20.59,78.14,74.86,73.21,No,2,Medium,64.93
STU10781,Christine Goodwin,17,Male,77.11,22.62,71.16,74.53,58.53,Yes,1,Medium,67.61
STU10782,Amy Garcia,19,Female,77.62,25.06,72.3,82.16,71.56,Yes,1,Medium,69.83
STU10783,Chelsea Nguyen,24,Male,60.69,22.36,69.07,65.65,61.1,No,2,Medium,58.78
STU10784,Dennis Huffman,20,Female,92.95,22.72,78.78,74.72,78.13,Yes,1,Medium,68.39
STU10785,Margaret Harper,18,Female,78.41,10.51,60.99,41.71,52.53,No,1,Low,50.78
STU10786,Laurie Bailey,17,Female,82.43,20.3,75.8,65.01,59.05,Yes,3,High,74.7
STU10787,Lisa Cervantes,23,Female,87.52,22.88,71.46,67.49,61.34,Yes,1,High,60.4
STU10788,Elizabeth Mendez,24,Female,67.79,24.37,64.9,70.71,55.11,Yes,3,High,57.27
STU10789,Cesar Wilson,24,Male,82.73,15.85,65.49,54.89,55.99,Yes,1,High,77.53
STU10790,Clayton Steele,23,Female,75.32,16.05,75.83,68.46,64.65,Yes,2,Medium,58.65
STU10791,Jennifer Taylor,22,Male,86.47,16.56,48.63,50.29,46.09,Yes,3,High,50.91
STU10792,Cody Reid,24,Female,56.73,23.22,66.72,62.2,63.82,No,0,Medium,65.06
STU10793,Maria Cooke,21,Female,77.01,26.2,74.38,73.68,60.6,No,1,Low,68.95
STU10794,Katherine Taylor,20,Female,71.97,17.56,54.31,50.52,57.82,Yes,2,High,41.8
STU10795,Jerry Brown,17,Male,82.32,25.45,77.91,71.41,74.65,No,2,Low,70.74
STU10796,Adam Taylor,23,Male,82.7,20.74,75.93,58.47,68.07,Yes,1,High,65.61
STU10797,Tracey Wagner,21,Female,70.92,19.25,70.97,61.96,57.24,Yes,3,Medium,59.42
STU10798,Michael Perry PhD,23,Male,70.88,18.73,47.9,47.41,49.25,No,1,High,56.83
STU10799,Bradley Johnson DDS,17,Male,76.89,24.48,82.46,71.98,63.05,Yes,4,Medium,65.7
STU10800,Donald Medina,19,Male,69.03,21.95,62.81,63.7,62.64,Yes,2,Medium,57.07
STU10801,Jim Newton,17,Female,86.42,33.65,87.93,91.24,79.62,Yes,4,Low,75.12
STU10802,Krista Wilson,22,Female,74.31,14.89,70.33,60.91,58.75,No,1,High,57.91
STU10803,Reginald Morrow,17,Male,48.93,23.11,54.61,61.7,44.38,No,1,Medium,49.81
STU10804,Rodney Williams,17,Male,74.25,16.82,71.1,65.12,50.14,Yes,2,Medium,66.55
STU10805,Kimberly Fritz,22,Male,67.61,14.78,59.69,51.12,47.11,Yes,1,Medium,53.48
STU10806,Ronald Potter,20,Female,61.69,19.93,49.13,48.35,52.02,No,2,Low,45.27
STU10807,Zachary Cole,24,Female,65.63,20.82,74.0,67.88,60.77,No,3,Medium,64.31
STU10808,Robert Gonzales,17,Male,79.09,37.51,77.47,87.72,72.79,Yes,4,Medium,79.17
STU10809,Patricia Young PhD,22,Male,91.29,18.9,68.76,72.34,70.92,Yes,1,High,73.55
STU10810,Heather Page,21,Male,81.13,13.22,63.88,62.29,69.41,Yes,1,Medium,58.54
STU10811,Carol Taylor,19,Female,71.93,21.64,70.83,62.38,67.63,Yes,0,Medium,64.93
STU10812,Daniel Brown,19,Female,82.56,7.55,62.91,49.04,50.83,No,0,Medium,39.06
STU10813,Douglas Ryan,17,Male,73.41,19.45,71.82,68.37,54.04,Yes,1,Medium,69.41
STU10814,Michael Roberts,20,Male,71.05,20.1,58.11,63.56,68.59,Yes,1,Medium,69.76
STU10815,Scott Duke,20,Male,66.46,24.77,63.73,69.62,71.31,No,2,High,69.85
STU10816,Anna Estes,21,Other,60.48,25.84,66.47,65.48,59.22,No,0,Medium,64.29
STU10817,Tamara Riddle,17,Male,74.1,16.98,79.81,59.06,57.07,No,1,Low,55.76
STU10818,Beth Cline,19,Female,79.58,19.1,69.41,57.33,65.09,Yes,2,Medium,57.72
STU10819,Michael Poole,20,Female,77.03,15.4,74.19,64.0,63.23,No,1,Medium,53.68
STU10820,Megan Burns,17,Male,73.84,13.23,64.07,56.58,56.43,No,2,Medium,61.51
STU10821,Debra Perry,23,Male,68.54,21.86,64.33,55.32,60.06,Yes,2,Medium,53.41
STU10822,Mark Beard,20,Male,84.08,12.36,65.56,55.86,60.98,No,1,High,57.68
STU10823,Jose Ramirez,22,Female,64.83,17.51,62.01,60.13,49.79,No,4,Low,51.69
STU10824,Jackie Clements,23,Female,85.76,14.03,73.35,54.64,60.32,No,1,Medium,59.24
STU10825,Aaron Schroeder,24,Female,67.98,23.3,78.12,77.36,71.32,Yes,3,Medium,70.61
STU10826,Monica Ellis,20,Female,70.48,30.81,77.28,75.02,69.95,Yes,3,Medium,58.25
STU10827,Heather Brown,19,Male,63.33,12.19,67.17,61.79,59.11,Yes,0,High,57.34
STU10828,Claudia Jordan,18,Other,72.99,8.88,53.66,41.6,52.61,Yes,5,Medium,55.62
STU10829,Derrick Clayton,23,Female,87.75,19.25,70.67,58.81,61.06,No,3,High,61.21
STU10830,Kenneth Knight,24,Male,83.16,20.09,67.26,60.64,62.29,Yes,1,Medium,56.58
STU10831,Mr. Michael Williams,21,Other,87.78,21.31,77.23,69.86,52.16,No,1,Low,64.59
STU10832,Richard Stevens,21,Female,83.22,17.32,67.9,58.92,58.78,Yes,2,Medium,58.17
STU10833,Scott Alexander,19,Female,66.96,18.8,70.05,60.85,63.03,Yes,3,Medium,62.12
STU10834,Tyler Harris,20,Female,74.69,22.21,63.91,64.61,57.97,No,1,Medium,56.76
STU10835,Bonnie Santos,17,Female,70.2,26.24,71.75,69.07,61.0,Yes,1,Low,59.62
STU10836,Timothy Hill,20,Female,91.31,8.27,72.12,55.84,57.84,No,0,Medium,67.65
STU10837,Danielle Watson,19,Male,66.03,17.79,49.41,39.53,49.35,No,0,Medium,48.71
STU10838,Carol Sanders,21,Male,86.94,21.28,89.52,79.43,79.26,Yes,1,Low,65.41
STU10839,Michael Young,20,Female,86.93,14.49,67.93,58.56,65.78,Yes,0,Medium,59.79
STU10840,Michele Smith,21,Male,96.3,30.39,70.62,85.48,65.26,Yes,0,High,70.31
STU10841,Casey Perez,23,Male,73.9,16.19,67.0,53.17,56.04,No,1,Medium,56.35
STU10842,Alexandra Dominguez,24,Male,85.12,19.75,73.11,55.65,60.69,Yes,0,High,68.65
STU10843,Virginia Henderson,17,Male,100.0,23.34,80.76,79.13,74.56,No,2,Medium,73.87
STU10844,Benjamin Reyes,23,Female,71.82,16.45,72.18,63.77,58.87,Yes,3,Medium,61.28
STU10845,Ashley Edwards,21,Female,62.65,8.92,61.54,42.09,47.07,No,2,Medium,33.75
STU10846,Breanna Ayala,21,Male,59.2,17.43,62.97,47.06,54.6,No,1,Medium,58.45
STU10847,Brandi Haney,18,Male,85.13,26.18,80.53,85.59,65.6,Yes,3,Medium,71.28
STU10848,Joseph Smith,18,Male,59.17,17.98,60.52,63.87,64.26,Yes,1,Medium,59.38
STU10849,Jessica Bowen,23,Female,74.28,14.92,77.58,48.6,61.44,Yes,4,Medium,61.84
STU10850,Brittany Jenkins,22,Female,82.37,25.55,65.48,64.5,61.76,Yes,1,Low,54.82
STU10851,Shannon Miller,23,Male,79.85,18.02,70.53,72.98,70.73,Yes,1,High,67.24
STU10852,Paul Lawrence,18,Female,82.25,16.94,70.21,59.23,54.49,Yes,2,Medium,55.1
STU10853,Victor Edwards,21,Female,80.22,20.9,77.41,66.46,63.07,No,3,Medium,72.62
STU10854,Donald Miller,19,Female,90.79,24.62,72.64,69.49,67.3,No,0,Medium,52.35
STU10855,Lindsay Lawson,23,Female,68.48,34.29,64.19,66.29,66.19,No,1,High,57.43
STU10856,Melissa Abbott,21,Male,71.23,24.96,72.06,58.99,59.88,Yes,0,Medium,57.92
STU10857,Elizabeth Holmes,19,Female,70.27,26.96,73.95,78.28,69.58,No,1,Medium,75.04
STU10858,Nicole Phillips,19,Male,86.3,16.96,81.82,57.84,63.19,Yes,2,High,71.28
STU10859,Steven Blevins,18,Female,87.0,13.84,60.6,55.97,60.63,Yes,2,High,51.61
STU10860,Brian Porter MD,23,Female,82.51,20.37,80.35,76.1,79.65,Yes,2,Low,69.41
STU10861,Vanessa Hatfield,20,Female,89.83,20.64,91.95,69.42,79.42,Yes,4,Medium,79.97
STU10862,Bonnie Valencia,17,Female,66.22,13.53,58.31,45.32,49.11,Yes,1,High,65.11
STU10863,Holly Vega,18,Male,94.67,18.95,67.1,70.71,70.54,Yes,2,High,68.28
STU10864,Tiffany Townsend,18,Female,93.23,22.4,75.12,74.0,73.73,No,0,Medium,62.06
STU10865,Austin Baker,20,Other,85.36,22.16,74.75,65.89,68.83,Yes,1,Medium,68.73
STU10866,Antonio Mccormick,17,Female,95.82,23.03,83.4,83.39,83.1,No,3,Medium,77.2
STU10867,Lori Mason,21,Male,61.43,21.75,60.66,66.32,62.25,Yes,3,Medium,62.24
STU10868,Michael Miller,22,Male,72.76,16.96,76.86,66.43,64.07,Yes,0,Medium,67.13
STU10869,Lisa Ramirez,23,Male,70.65,16.92,57.3,48.41,54.34,Yes,2,Low,52.15
STU10870,Jorge Harris,22,Female,85.21,12.81,55.88,48.3,51.59,No,1,High,57.04
STU10871,Kimberly Myers,21,Female,67.5,30.71,81.24,80.79,65.6,Yes,1,High,80.1
STU10872,Sandra Becker,24,Male,85.57,20.08,57.36,57.05,55.81,Yes,4,Medium,56.72
STU10873,Michael Blair,18,Female,91.71,18.65,73.31,71.91,68.79,Yes,0,Medium,60.46
STU10874,Amy Miller,17,Female,84.95,14.43,90.9,62.3,62.3,Yes,0,Medium,67.9
STU10875,Jesse Lynch,18,Female,80.84,37.61,83.58,78.94,77.35,No,0,Medium,64.91
STU10876,Patrick Yang,19,Female,68.12,13.56,53.89,49.74,36.06,Yes,1,Medium,39.39
STU10877,Michael Miles,18,Female,69.53,17.43,64.61,55.23,69.42,Yes,3,Medium,56.03
STU10878,Troy Mills,18,Female,90.5,22.5,76.59,67.66,76.1,No,1,Medium,61.5
STU10879,Michelle Jackson,21,Male,85.79,23.6,76.96,61.54,64.33,Yes,2,Medium,72.74
STU10880,Richard Adams,21,Female,77.61,25.75,78.7,74.34,69.13,No,1,High,69.36
STU10881,Patricia Johnson,21,Female,73.82,30.85,68.85,72.7,65.82,No,0,Low,64.45
STU10882,Denise Brown,22,Female,57.74,23.04,76.04,72.25,60.5,No,3,Medium,64.33
STU10883,Laura Jones,19,Female,67.29,13.66,63.19,54.19,55.5,Yes,2,High,55.83
STU10884,Ian Porter,24,Female,97.11,18.46,81.85,70.55,72.04,No,2,Medium,76.27
STU10885,Holly Scott,24,Male,65.2,21.85,61.98,67.34,57.83,Yes,1,Medium,55.28
STU10886,Kenneth Sharp,21,Male,79.89,32.41,88.65,78.04,75.23,No,0,Medium,71.12
STU10887,Jordan Williams,17,Male,88.07,11.61,66.56,59.08,55.02,Yes,2,High,57.26
STU10888,Dana Ruiz,22,Male,65.45,27.22,72.18,60.72,59.8,Yes,2,Low,65.96
STU10889,Chris Velazquez,20,Female,79.85,21.08,65.16,57.76,59.81,No,2,Medium,57.97
STU10890,Kristen Sloan,17,Other,87.38,25.03,70.49,62.76,64.76,Yes,1,Low,65.28
STU10891,Jennifer Morris,23,Male,78.12,19.39,74.64,71.01,65.52,No,2,Medium,60.95
STU10892,Nathan Nelson,23,Male,100.0,14.95,72.36,62.86,73.02,No,2,Medium,72.53
STU10893,Jake Shaw,17,Female,61.31,24.51,60.7,61.49,53.26,Yes,1,Medium,59.7
STU10894,Cassie Brock,21,Male,88.59,23.93,72.68,63.73,66.6,Yes,3,High,59.19
STU10895,Dr. Andrea Marshall,20,Female,76.27,25.83,78.48,72.24,74.49,Yes,4,High,72.54
STU10896,Ryan Murphy,20,Female,85.72,19.92,68.83,59.78,61.76,No,0,Medium,60.8
STU10897,Aimee Gonzalez,22,Female,82.41,16.4,68.62,63.04,63.64,Yes,4,Medium,61.63
STU10898,Elizabeth Dean,20,Male,70.67,10.65,60.83,44.16,50.4,No,1,Medium,57.59
STU10899,Kevin Snyder,23,Male,80.29,24.92,61.14,72.06,68.86,No,4,High,59.03
STU10900,Christie Mccullough,19,Female,59.42,22.54,54.25,46.01,45.69,No,2,Medium,44.24
STU10901,Danielle Smith,21,Female,84.03,14.21,70.91,55.35,67.41,No,5,Low,53.9
STU10902,David Reed,20,Male,80.98,16.77,63.97,68.44,62.02,No,2,High,69.09
STU10903,Sherry Tapia,22,Female,84.39,17.2,78.19,64.31,62.46,Yes,0,High,59.94
STU10904,Matthew Sweeney,23,Male,88.58,11.1,74.97,52.19,65.62,Yes,2,Medium,52.02
STU10905,Ashley Moreno,19,Female,81.68,15.09,73.27,63.36,62.63,Yes,3,High,68.46
STU10906,Johnathan Brown,18,Male,79.48,13.2,78.77,60.3,67.67,No,2,High,64.52
STU10907,Michelle Davis DVM,18,Female,69.19,17.53,64.37,53.08,41.3,No,1,Medium,55.75
STU10908,Kelly Haynes,19,Male,70.88,15.57,68.79,52.36,56.6,No,1,Medium,59.77
STU10909,William Miller,23,Male,89.87,10.24,64.03,70.03,62.6,No,3,High,64.34
STU10910,Casey Wilkins,22,Male,92.36,32.14,95.0,88.9,77.52,Yes,2,Medium,71.94
STU10911,Keith Graham,19,Male,75.62,27.52,88.4,69.4,67.59,Yes,3,Medium,62.74
STU10912,Cynthia Green,21,Female,78.46,15.33,67.2,67.57,59.99,Yes,5,Medium,51.61
STU10913,Robert Haynes,21,Other,68.95,21.63,70.43,68.76,62.27,Yes,1,High,63.19
STU10914,Emily Nelson,18,Male,89.73,22.5,86.16,72.01,66.47,No,1,High,66.83
STU10915,Dale Chan,20,Male,84.65,27.15,76.84,69.56,69.75,Yes,3,Low,65.53
STU10916,Brittney Martin,22,Female,97.41,15.09,69.93,65.82,73.83,No,2,High,70.46
STU10917,Jason Herrera,18,Female,69.22,26.55,77.39,71.9,67.5,No,2,High,78.54
STU10918,Christine Parker,20,Female,74.22,16.71,66.93,47.72,59.02,Yes,2,High,62.43
STU10919,Bryan Moore,20,Male,80.31,11.98,66.79,66.27,68.11,Yes,1,Low,60.72
STU10920,Samantha Terry,24,Male,84.46,24.34,69.98,66.24,70.75,Yes,5,Medium,58.18
STU10921,Russell Murphy,21,Female,75.84,27.74,62.73,76.02,73.08,Yes,0,Medium,66.48
STU10922,David Kelly,23,Male,69.27,35.53,79.23,90.15,70.64,No,2,Medium,76.3
STU10923,Megan Green,17,Female,86.81,12.8,75.02,55.46,59.44,Yes,2,Medium,64.07
STU10924,Amanda Sullivan MD,23,Male,85.21,24.19,74.44,77.43,74.11,No,1,High,65.02
STU10925,Danielle Murray,17,Female,68.84,17.54,74.87,59.94,64.49,No,0,Medium,57.13
STU10926,Brenda Smith,19,Male,91.55,24.7,73.98,60.87,69.39,Yes,0,High,68.93
STU10927,Vickie Anderson,21,Female,89.7,11.18,61.32,50.21,66.42,No,1,Medium,55.86
STU10928,Jacqueline Mccoy,20,Female,79.34,12.42,64.96,57.23,58.69,No,1,Medium,52.99
STU10929,Lauren Green,22,Female,78.8,15.34,66.68,55.58,60.68,No,3,Low,42.63
STU10930,Alison Brown,17,Male,83.54,20.47,78.13,67.91,62.92,Yes,2,Medium,61.55
STU10931,Jill Anderson,23,Female,69.38,16.15,58.63,60.58,66.28,Yes,2,Medium,60.75
STU10932,Sandra Rivera,20,Female,78.3,23.95,82.66,75.49,69.33,Yes,1,High,76.82
STU10933,Joel Jackson,17,Female,56.48,26.16,79.67,67.95,61.42,Yes,1,Medium,62.49
STU10934,Samantha Foster,17,Female,86.76,23.6,75.95,75.9,68.77,No,3,Medium,75.23
STU10935,Michael Thompson,24,Female,62.39,29.71,79.5,77.89,64.34,No,2,Medium,64.64
STU10936,Cody Ramirez,17,Female,93.03,22.49,70.56,53.22,58.28,No,0,Low,51.18
STU10937,Amanda Harvey,22,Male,74.7,12.7,71.3,60.69,58.52,Yes,2,Medium,57.08
STU10938,Edward Jenkins,21,Female,75.88,28.18,82.41,80.63,65.41,Yes,2,Medium,72.93
STU10939,Amy Ramirez,22,Female,71.72,16.37,71.19,61.18,56.75,No,3,Medium,56.79
STU10940,Curtis Wilkerson,18,Male,75.12,25.46,72.76,75.79,76.76,Yes,1,High,67.7
STU10941,Lydia Pham,20,Male,92.19,29.44,61.8,65.67,66.73,Yes,2,Medium,56.44
STU10942,Virginia Casey,21,Male,53.12,22.74,57.67,59.52,56.27,Yes,1,High,50.2
STU10943,Joshua Washington,24,Female,90.77,11.02,64.64,45.15,62.47,Yes,2,Medium,56.53
STU10944,Kathryn Price,21,Female,81.38,14.49,60.85,57.09,66.73,No,3,High,58.28
STU10945,Francis Robinson,21,Female,65.93,27.94,71.79,82.94,58.48,Yes,2,Medium,58.83
STU10946,Paula Brown,23,Female,67.25,18.99,62.26,52.09,47.32,No,1,Medium,59.9
STU10947,Kendra Wang DVM,21,Male,94.76,20.48,71.47,62.66,61.88,No,1,Medium,66.75
STU10948,Ariel Sandoval,24,Male,68.54,24.55,62.19,58.89,53.74,Yes,1,High,71.23
STU10949,Robert Stark,22,Male,66.47,24.18,63.51,64.12,56.46,No,2,Medium,47.22
STU10950,Zachary Robinson,21,Male,89.37,21.67,83.77,68.14,68.81,Yes,2,Medium,71.98
STU10951,Rebecca Kelly,19,Male,81.39,18.75,66.05,63.87,62.85,No,4,Medium,58.81
STU10952,Sarah Thompson,20,Male,68.62,18.12,61.53,62.09,57.17,Yes,3,Medium,58.1
STU10953,Renee Wolfe,21,Female,80.17,25.15,71.48,73.17,63.05,No,3,Medium,75.99
STU10954,Alyssa Haynes,20,Female,67.74,23.32,70.79,56.09,47.08,Yes,2,Low,42.06
STU10955,Kristy Hart,19,Other,89.01,18.46,76.72,73.68,65.48,No,2,Medium,63.49
STU10956,William Keith,19,Female,88.61,26.49,57.67,70.04,59.67,No,1,Medium,56.39
STU10957,Eric Henry Jr.,20,Female,83.32,19.23,78.94,74.04,68.97,Yes,1,Medium,65.29
STU10958,Daniel Fox,17,Male,81.62,14.89,78.13,66.77,61.39,No,0,Medium,49.46
STU10959,Thomas Harris,18,Female,95.61,15.45,66.71,61.48,61.53,Yes,0,Low,67.2
STU10960,Mitchell Sellers,23,Female,78.0,14.13,59.28,59.32,51.46,Yes,3,High,66.22
STU10961,Erica Johnson,17,Male,66.18,18.37,61.18,68.34,57.94,No,0,Medium,59.54
STU10962,Sylvia Schroeder,17,Male,82.49,27.4,71.88,66.72,59.64,No,3,High,57.2
STU10963,Shannon Yu,22,Female,98.86,15.17,76.73,72.21,67.66,Yes,2,Medium,71.6
STU10964,Tom Foster,23,Male,67.85,21.13,53.31,54.61,44.8,Yes,3,High,58.51
STU10965,Eric Taylor,23,Female,74.39,16.06,58.17,53.11,53.06,No,3,Medium,55.77
STU10966,Travis Conner,17,Female,82.16,18.44,81.55,60.45,61.8,No,2,Medium,62.81
STU10967,Marie Thompson,21,Male,77.46,10.94,57.14,47.31,56.58,Yes,0,Medium,61.54
STU10968,Melissa Mcfarland,22,Male,68.18,18.68,74.05,58.37,62.01,Yes,2,High,58.43
STU10969,Courtney Chapman,22,Male,89.22,18.84,76.36,65.09,67.0,No,1,Medium,64.14
STU10970,Eric Barker,19,Male,100.0,23.24,68.6,62.06,61.74,No,1,Medium,67.23
STU10971,Nicholas Rush,24,Male,79.96,21.34,76.37,66.51,67.9,No,1,Low,63.48
STU10972,Jenna Gamble,23,Female,68.96,12.81,60.73,49.39,55.79,Yes,1,Medium,56.75
STU10973,Amanda Guzman,17,Male,62.51,26.51,65.37,66.64,59.42,No,0,Medium,60.46
STU10974,Tracy Walker,19,Female,80.58,21.26,73.83,58.11,70.31,No,2,Low,63.84
STU10975,Taylor Taylor,20,Male,89.04,21.19,78.77,62.63,69.6,Yes,0,Medium,64.95
STU10976,Cynthia Haas,18,Female,82.75,19.94,77.01,70.75,72.83,No,1,Medium,63.12
STU10977,Stephen Davis,24,Male,77.98,16.89,76.26,60.16,64.01,No,2,High,64.7
STU10978,Margaret Tanner,24,Male,72.11,21.31,71.62,72.23,68.15,Yes,3,Low,72.23
STU10979,Derek Wright,24,Female,67.08,22.85,58.2,60.63,51.02,No,3,Medium,53.77
STU10980,David Rodriguez,22,Female,86.35,9.52,62.89,55.43,56.39,No,0,High,61.08
STU10981,James Oconnor,20,Male,87.14,16.77,92.2,82.98,80.49,No,1,Medium,76.11
STU10982,Stacey Snyder,24,Female,62.54,18.47,68.02,58.43,58.48,No,1,Medium,67.76
STU10983,Joshua Garcia,20,Male,93.9,21.54,94.22,77.15,81.3,Yes,0,High,78.58
STU10984,Sean Curtis,21,Female,83.74,27.16,87.28,86.05,82.92,Yes,2,Medium,81.94
STU10985,Carla Jones,24,Male,92.0,15.37,74.25,66.93,60.69,No,0,Medium,58.47
STU10986,Elizabeth Flores,18,Male,64.58,17.01,64.85,56.31,50.45,Yes,0,High,48.53
STU10987,Angela Jackson,20,Female,64.34,16.92,62.32,64.29,58.33,Yes,0,High,58.62
STU10988,Nicholas Payne,20,Female,76.51,15.19,54.07,49.79,48.03,Yes,2,Medium,58.76
STU10989,Anna Wheeler,18,Male,83.03,17.92,70.88,63.61,80.57,Yes,1,Low,69.12
STU10990,Karen Johnson,24,Female,95.96,24.62,89.09,80.88,81.26,No,2,Medium,64.71
STU10991,Carmen Preston,18,Female,85.06,13.68,64.4,50.63,56.88,Yes,1,Low,58.59
STU10992,Brian Harris,20,Male,75.57,22.57,73.91,68.99,62.55,Yes,3,Low,52.75
STU10993,Michael Bowen,18,Female,67.74,9.79,64.91,59.67,54.75,No,3,Medium,60.02
STU10994,Deborah Campbell,20,Male,90.3,16.63,66.39,63.18,63.56,No,1,High,66.96
STU10995,Anthony Armstrong,20,Female,68.35,18.02,61.79,57.22,55.88,No,1,High,55.22
STU10996,Brittany Ward,21,Female,94.28,30.05,76.62,77.64,70.56,No,3,Medium,76.03
STU10997,Edward Stanley,17,Female,75.16,18.35,62.15,60.2,56.49,No,0,Medium,53.94
STU10998,Christina Johnson,20,Male,93.91,6.79,58.3,52.07,64.13,No,1,Low,55.47
STU10999,Edgar Miller,24,Male,84.79,8.01,58.22,51.36,62.23,No,0,Medium,46.48
STU11000,Elizabeth Sanders,19,Male,76.63,20.2,79.73,67.7,68.19,No,1,Low,60.42
STU11001,Matthew Davis MD,22,Male,72.81,23.68,64.29,65.9,53.42,Yes,4,High,66.9
STU11002,Stephen Wood,23,Male,74.59,22.25,71.3,69.58,66.92,No,2,Low,52.68
STU11003,Dennis Marshall,17,Female,82.28,21.01,69.1,59.1,69.1,Yes,2,High,71.22
STU11004,Derrick Brown,17,Male,78.77,26.97,83.64,79.16,79.58,Yes,3,Medium,62.83
STU11005,Mary Miller,17,Male,72.06,16.76,74.73,50.42,61.89,Yes,1,Medium,51.94
STU11006,Joshua Arellano,21,Female,76.34,25.37,79.34,77.0,77.1,Yes,2,Medium,70.0
STU11007,Kristen Randall,20,Male,78.79,10.21,65.81,57.23,59.09,No,0,Medium,57.1
STU11008,Jennifer Nichols,21,Female,56.71,14.57,56.27,54.22,53.15,No,2,High,48.57
STU11009,Karen Keith,20,Male,82.58,9.16,56.1,44.99,48.49,No,3,High,48.97
STU11010,Blake Orr,24,Female,68.2,18.35,78.73,68.49,66.63,No,0,Medium,69.14
STU11011,Kathryn Lester,21,Male,66.47,19.72,60.07,65.98,64.06,Yes,3,Medium,67.5
STU11012,Megan Oliver,21,Male,61.13,20.68,68.57,70.92,58.1,No,1,Medium,55.52
STU11013,Peter Thompson,22,Female,60.06,20.37,70.7,63.05,54.52,Yes,5,High,57.79
STU11014,Dr. Rhonda Martinez,19,Male,64.45,14.43,56.99,51.61,51.39,No,2,High,50.53
STU11015,William Graham,21,Female,70.91,18.86,73.83,71.34,63.86,Yes,2,Medium,77.52
STU11016,Lori Flowers MD,22,Male,97.53,11.02,77.08,53.06,68.3,Yes,5,Medium,66.35
STU11017,Suzanne Jones,18,Male,72.74,28.18,85.92,77.95,69.64,No,2,Medium,78.82
STU11018,James Nguyen,19,Female,79.78,18.18,66.35,68.85,71.87,No,2,Medium,68.78
STU11019,Jimmy Marks,24,Male,82.0,17.07,60.75,62.83,53.2,No,0,Low,52.05
STU11020,Lisa Mills,21,Female,79.31,29.53,73.86,77.35,75.05,No,0,Medium,64.72
STU11021,Jason Hernandez,23,Other,77.23,12.55,66.14,46.36,51.0,Yes,2,High,60.81
STU11022,Olivia Ayers,17,Female,66.05,13.25,61.1,51.84,43.76,No,2,Medium,44.23
STU11023,Kristine Garcia,18,Female,92.51,13.42,68.64,55.54,63.15,No,2,Low,55.68
STU11024,Joseph Cooper,18,Male,96.07,19.59,63.78,64.3,62.77,Yes,2,High,70.27
STU11025,James Washington,24,Male,61.17,22.59,68.57,59.31,51.44,Yes,3,Medium,55.0
STU11026,Amanda Hill,22,Male,67.76,24.44,83.02,68.28,58.1,Yes,0,Medium,60.43
STU11027,Lee Steele,18,Female,75.2,35.43,83.13,72.74,69.55,No,2,Medium,67.01
STU11028,Steve Rivera,19,Other,68.35,6.5,61.15,53.65,58.73,Yes,2,Medium,50.86
STU11029,Patrick Mccall,21,Male,83.06,23.65,78.79,70.53,71.8,Yes,0,Medium,71.42
STU11030,Alicia Roth,21,Female,70.72,16.66,67.73,60.26,59.22,Yes,2,Medium,59.36
STU11031,Douglas Vasquez,23,Male,99.65,16.48,82.92,70.39,75.98,No,2,High,65.91
STU11032,Annette Melton,24,Female,89.91,16.28,75.13,58.56,64.64,No,2,Medium,60.32
STU11033,William Ramos,17,Male,80.13,14.55,65.05,49.33,48.91,No,2,High,52.82
STU11034,Debra Butler,22,Other,88.27,30.11,75.81,71.59,62.14,Yes,5,Medium,66.13
STU11035,Chelsea Lewis,17,Female,89.06,25.05,76.42,69.14,67.74,Yes,3,High,74.89
STU11036,Natalie Malone,18,Male,72.36,20.14,70.24,66.19,61.42,Yes,2,Medium,57.87
STU11037,Samantha Robertson,24,Male,69.84,28.11,70.4,66.23,66.04,No,0,Medium,77.65
STU11038,Eric Hunter,23,Male,78.78,10.92,66.36,64.68,65.41,Yes,0,Medium,69.55
STU11039,Samuel Suarez,17,Male,86.62,12.02,71.14,64.77,67.92,Yes,1,Medium,73.04
STU11040,Corey Whitaker,19,Male,79.39,6.93,67.44,56.12,57.72,No,1,Low,46.93
STU11041,Danielle Bryant,21,Female,62.23,15.8,69.93,58.19,50.38,Yes,4,High,45.47
STU11042,Michele Hill,18,Female,69.97,20.97,68.21,72.47,65.29,No,1,Low,56.78
STU11043,Kathy Reid,23,Female,77.26,20.62,61.18,58.62,60.01,Yes,2,Low,57.88
STU11044,Andre Watson,17,Male,77.24,20.9,68.11,63.81,49.68,No,4,Medium,56.49
STU11045,Cassandra Harrell,22,Female,97.73,11.53,72.47,61.03,62.1,Yes,1,High,62.96
STU11046,Hannah Martin,19,Female,64.14,24.82,55.18,63.31,50.84,Yes,2,Low,41.11
STU11047,Nicole Barker,19,Male,83.06,21.44,82.95,77.05,73.2,Yes,5,High,70.53
STU11048,James Martin,17,Female,92.89,24.4,80.23,72.52,68.02,No,1,High,69.37
STU11049,Traci Vincent,21,Female,100.0,8.64,73.72,55.12,64.9,No,2,Medium,60.13
STU11050,Megan Adams,17,Male,73.96,21.87,79.45,74.62,67.66,Yes,0,Medium,63.89
STU11051,Alejandro Deleon,18,Male,82.91,12.87,62.76,58.68,58.29,No,1,High,54.21
STU11052,Alexa Buck,17,Female,83.7,17.62,74.83,63.02,61.41,No,0,Medium,71.24
STU11053,Lindsay Smith,19,Male,79.95,23.21,72.46,59.21,58.88,No,1,Medium,64.06
STU11054,Robert Torres,23,Female,77.01,20.55,68.9,62.85,56.11,No,1,High,66.03
STU11055,Maria Coleman,17,Female,82.36,14.89,62.96,60.01,61.41,Yes,0,High,63.0
STU11056,Gregory King,21,Female,52.68,20.04,71.76,73.6,64.27,No,2,High,54.25
STU11057,Michael Holloway,24,Male,84.82,10.81,63.87,46.15,51.62,Yes,1,Medium,58.72
STU11058,Brian Hunt,23,Male,79.26,26.9,80.43,73.81,77.44,Yes,1,Medium,79.75
STU11059,Sarah Brooks,22,Female,75.78,18.77,55.33,52.57,51.35,Yes,2,Medium,62.69
STU11060,Lisa Evans,20,Female,98.47,26.71,91.34,92.26,91.6,No,0,Medium,86.38
STU11061,Arthur Mcneil,17,Male,71.25,16.84,72.65,62.03,58.18,No,1,Medium,58.27
STU11062,Shannon Green,21,Female,73.97,16.86,67.07,54.02,47.04,No,1,Medium,52.6
STU11063,Stephanie Evans,23,Female,97.92,15.41,73.37,67.37,70.85,No,2,Medium,70.74
STU11064,Ralph Yoder,21,Male,69.68,25.26,73.35,67.62,64.52,No,2,High,54.68
STU11065,Rebekah Greene,22,Male,72.5,15.74,81.04,58.64,63.56,Yes,3,High,69.28
STU11066,Melanie Griffith,19,Female,76.53,23.87,59.98,56.77,52.96,Yes,3,High,56.19
STU11067,Yolanda Green,21,Male,86.41,17.71,77.44,77.58,71.37,Yes,0,Low,79.9
STU11068,James Johnson,23,Male,80.08,8.14,56.35,48.63,50.2,Yes,2,Low,47.58
STU11069,Laura Lee,21,Male,65.07,16.58,62.49,56.45,53.13,Yes,0,High,56.81
STU11070,Courtney Nichols,21,Male,72.68,12.93,61.39,51.17,58.14,Yes,0,Medium,55.52
STU11071,Susan Powers,21,Female,71.93,20.2,64.91,62.83,60.02,No,2,Medium,54.21
STU11072,Sarah Pittman,18,Female,77.23,12.86,64.82,56.63,61.0,No,1,Low,56.7
STU11073,Catherine Davis,18,Male,82.26,25.56,67.86,70.31,63.65,No,1,Medium,65.18
STU11074,David Stokes,19,Female,82.18,19.45,78.69,69.69,66.66,No,1,Medium,71.58
STU11075,Catherine Frazier,17,Female,60.24,18.93,49.79,55.66,43.19,Yes,3,High,55.3
STU11076,Brandon Kelly,21,Female,88.64,23.94,80.99,75.09,70.51,No,3,High,73.68
STU11077,Elizabeth French,22,Male,80.53,25.78,72.97,65.52,47.97,Yes,2,Medium,55.33
STU11078,David Carter,17,Male,91.85,19.88,67.46,60.51,60.21,Yes,0,Medium,57.18
STU11079,Julie Delacruz,22,Other,82.44,15.37,70.15,48.79,57.71,No,3,High,69.45
STU11080,Terry Jones,17,Female,89.01,9.36,56.26,60.43,61.46,Yes,1,Medium,59.59
STU11081,Kathryn Dillon,19,Male,82.67,15.88,69.46,65.94,62.58,Yes,3,Medium,76.3
STU11082,Edwin Brown,21,Male,91.46,16.3,63.03,53.5,60.82,Yes,5,High,57.99
STU11083,Brenda Gonzalez,21,Male,83.22,20.64,75.96,66.98,55.77,No,1,High,76.53
STU11084,Keith Knox,20,Female,77.02,17.93,61.89,54.06,55.7,No,3,High,52.08
STU11085,Eugene Baldwin,22,Female,100.0,24.13,78.73,84.27,68.65,Yes,4,Medium,71.98
STU11086,Katherine Welch,17,Female,86.89,16.32,73.24,55.14,56.27,No,1,Medium,61.38
STU11087,Mark Smith,17,Male,83.74,19.66,66.85,63.52,61.44,Yes,2,High,70.52
STU11088,Philip Jackson,24,Female,65.24,27.1,69.66,68.58,67.81,Yes,2,Low,65.06
STU11089,Katherine Gallagher,24,Female,65.12,22.05,55.89,62.06,56.16,Yes,0,High,45.43
STU11090,Lucas Schultz,18,Male,80.93,19.64,75.54,66.69,66.06,No,5,Medium,61.43
STU11091,Vincent Reyes,20,Female,79.46,16.39,80.61,56.48,63.78,Yes,1,High,58.24
STU11092,Curtis Watson,23,Other,71.86,16.2,84.63,66.81,63.81,No,3,Medium,56.04
STU11093,Frank Whitaker,24,Male,79.41,14.9,67.83,52.82,55.39,Yes,4,Medium,58.05
STU11094,Michael Sims,23,Female,93.89,16.75,79.8,68.83,72.94,Yes,0,Medium,57.2
STU11095,Michael Cooper,18,Male,84.95,24.53,63.69,74.21,58.33,No,1,Medium,67.77
STU11096,James Chapman,18,Female,66.59,18.67,75.22,54.4,61.65,Yes,2,Medium,64.24
STU11097,Rodney Evans,18,Female,76.88,11.9,69.52,51.83,55.91,Yes,1,Medium,66.48
STU11098,Nicholas Carlson,22,Female,69.95,30.61,71.02,70.29,67.58,Yes,1,High,60.69
STU11099,Stephen Cowan,22,Female,74.12,21.92,78.65,68.11,71.0,No,3,Medium,60.65
STU11100,Steven Howard,19,Male,73.86,11.56,60.85,55.7,47.2,No,3,Medium,58.52
STU11101,Travis Hull,19,Female,73.22,17.35,63.23,56.67,53.7,Yes,2,Low,60.07
STU11102,Darryl Acosta,18,Female,65.45,20.67,68.98,65.58,55.91,Yes,1,High,68.66
STU11103,Nicholas Lawrence,20,Male,76.72,30.23,69.41,69.3,54.83,Yes,1,Medium,68.65
STU11104,Jacob Santos,17,Female,72.39,13.35,70.45,59.38,54.76,Yes,4,Medium,59.9
STU11105,Shawn Scott,22,Female,48.71,25.86,55.19,63.17,63.37,No,3,High,54.32
STU11106,Amber Vang,20,Male,98.53,28.4,76.94,73.34,75.35,No,2,Medium,76.69
STU11107,Martha Smith,21,Female,88.89,16.23,65.55,64.24,72.79,No,1,Medium,61.6
STU11108,Jennifer James,22,Female,74.24,18.33,72.84,64.3,66.99,Yes,1,Medium,64.13
STU11109,Kara Hernandez,22,Male,78.19,13.78,61.6,60.37,54.62,No,5,High,56.1
STU11110,Lorraine Turner,19,Other,66.28,18.78,55.22,52.69,49.12,No,2,Medium,51.74
STU11111,Mary Nelson,17,Male,94.96,19.78,72.59,69.51,71.67,No,2,High,77.6
STU11112,Breanna Rivas,17,Male,96.97,23.96,80.34,75.2,76.02,No,2,High,72.76
STU11113,Nathan Wilson,24,Male,79.57,26.54,67.14,68.19,60.39,No,2,Medium,58.76
STU11114,Brian Gonzalez,23,Female,88.24,15.51,63.09,59.04,52.84,No,4,High,58.93
STU11115,Dennis Mills,23,Female,79.75,8.2,77.42,61.16,80.89,Yes,1,Medium,60.69
STU11116,Michael Phillips,23,Male,64.63,19.87,58.74,49.16,49.99,No,0,Medium,53.24
STU11117,Jon Clark,23,Male,73.88,21.76,67.52,72.71,62.23,Yes,0,Medium,63.17
STU11118,Erin Smith,21,Female,79.32,21.5,69.21,54.19,59.62,No,1,High,59.9
STU11119,Susan Conley,21,Male,73.45,18.04,64.06,54.71,55.05,No,3,Medium,57.56
STU11120,Brittany Davis,22,Female,75.81,20.75,74.2,66.5,65.02,No,1,Medium,53.75
STU11121,Misty Garcia,18,Female,77.09,29.09,82.84,81.93,79.52,Yes,2,Medium,83.19
STU11122,David Hinton,19,Female,77.19,22.29,69.34,75.37,65.46,Yes,2,Medium,62.77
STU11123,John Garcia,19,Other,78.52,17.76,60.18,45.79,46.98,Yes,3,Low,47.59
STU11124,Andrew Roberts,23,Male,67.39,17.0,72.78,59.02,58.8,No,1,Medium,62.5
STU11125,Emily Rodgers,22,Other,70.83,18.98,65.95,47.68,51.61,No,4,Medium,56.9
STU11126,Peter Williams,24,Female,65.15,29.82,84.05,79.77,77.49,No,1,Medium,82.26
STU11127,Mary Jackson,20,Female,87.78,18.9,57.62,59.11,64.27,Yes,4,Medium,55.89
STU11128,Jeffrey Howell,18,Male,56.94,19.88,63.06,67.81,57.73,No,2,Medium,50.4
STU11129,Anna Briggs,22,Female,89.54,17.11,86.22,72.5,67.07,No,5,High,64.33
STU11130,James Rivers,18,Male,91.86,26.59,77.88,82.22,68.28,Yes,3,High,75.74
STU11131,James Jefferson,18,Male,74.98,31.76,75.65,81.19,69.97,No,1,Medium,66.66
STU11132,Mariah Robles,18,Male,51.97,22.7,63.75,58.08,54.72,No,1,Low,45.18
STU11133,Michael Brown,22,Female,74.39,20.5,65.19,53.29,54.47,No,1,High,56.35
STU11134,Caitlin Perry,23,Female,77.36,20.22,67.91,64.93,59.57,No,2,High,55.87
STU11135,Rebekah Gregory,19,Female,67.89,5.69,53.77,32.53,40.82,Yes,0,Medium,52.03
STU11136,James Howard,19,Female,72.85,24.47,66.88,73.86,63.71,No,0,Low,54.44
STU11137,Michael Roberson,23,Male,93.3,20.8,85.48,74.09,62.6,No,2,Low,62.34
STU11138,Bianca Knapp,18,Female,84.65,22.57,77.89,78.79,66.26,No,1,Medium,53.35
STU11139,Jason Williams,20,Male,68.75,15.73,65.27,54.05,52.38,No,5,Low,41.09
STU11140,Ernest Bush,17,Female,62.02,17.69,67.85,61.05,63.56,No,1,High,55.89
STU11141,Patricia Ray,22,Female,74.73,17.53,65.31,60.43,54.89,Yes,1,Medium,55.74
STU11142,Vanessa Santiago,17,Female,75.87,26.13,68.22,68.35,63.88,No,2,Medium,66.79
STU11143,Joseph Haynes,24,Female,82.96,17.73,66.38,58.17,61.32,Yes,0,High,53.05
STU11144,Matthew Wright,23,Male,72.65,32.5,76.82,81.12,76.3,Yes,1,High,76.34
STU11145,Michael Cruz,20,Male,83.11,22.59,66.64,59.74,67.17,Yes,1,High,68.9
STU11146,Kristin Huerta,22,Female,97.35,12.35,69.08,51.59,61.42,No,2,High,66.46
STU11147,Mason Moore,23,Male,86.16,19.23,69.31,71.5,64.14,No,2,Medium,70.46
STU11148,Sarah Booth,18,Male,77.52,16.09,82.14,71.77,66.05,Yes,1,High,61.86
STU11149,John Allen,19,Female,76.17,6.83,40.83,36.62,41.14,Yes,0,High,47.69
STU11150,Amber Walker,17,Female,74.43,29.6,74.23,84.9,68.41,No,1,Low,75.56
STU11151,Jennifer Young,21,Male,89.81,24.22,89.96,78.65,79.74,No,3,Medium,84.44
STU11152,Robert West,21,Male,71.73,23.2,70.78,74.92,67.44,No,2,Medium,75.8
STU11153,Jillian Wilson,20,Female,78.45,20.99,76.35,69.78,69.79,Yes,2,High,70.98
STU11154,Matthew Garcia MD,18,Female,78.51,11.71,65.3,48.16,61.71,Yes,3,Medium,54.6
STU11155,April Davis,24,Male,72.98,17.1,61.49,67.6,69.09,Yes,2,Medium,47.52
STU11156,Lisa Torres,17,Male,64.28,25.05,52.55,63.82,54.21,Yes,1,Low,44.23
STU11157,Christine Powers,18,Male,81.23,13.69,68.51,57.4,65.81,Yes,3,Medium,59.33
STU11158,Heidi Brown,17,Male,77.39,5.0,54.03,46.32,48.84,Yes,1,Low,44.76
STU11159,Jesse Castro,20,Male,83.0,18.64,65.65,58.76,66.07,Yes,2,Medium,57.77
STU11160,Kara Sandoval,20,Female,72.66,19.15,63.98,64.66,64.86,Yes,0,High,64.54
STU11161,Ashley Malone,24,Female,90.21,20.81,87.87,61.73,75.44,No,0,Medium,70.33
STU11162,Glenn Gallegos,21,Female,69.23,24.37,86.58,70.36,69.25,Yes,5,Medium,69.23
STU11163,Dorothy Boyd,18,Male,95.12,23.83,81.25,81.52,72.65,Yes,1,Medium,78.71
STU11164,Amber Martin,22,Female,60.52,21.55,61.04,57.52,46.63,No,3,Low,45.62
STU11165,Mitchell Griffith,21,Male,82.35,27.17,68.72,71.73,65.43,No,4,Medium,71.86
STU11166,Levi Lopez,18,Other,82.75,10.89,69.0,47.95,65.15,No,1,Low,47.71
STU11167,Jenna Bryant,21,Female,70.04,23.03,81.62,83.71,70.32,No,0,Medium,66.15
STU11168,Michelle Rodriguez,22,Male,82.24,23.76,72.8,76.79,72.73,No,1,Low,66.86
STU11169,Timothy Monroe,19,Female,90.8,12.56,53.46,48.58,58.09,No,3,Low,40.7
STU11170,Patricia Hayes,19,Male,55.83,10.98,59.71,45.88,46.7,No,0,Medium,42.58
STU11171,Tina Taylor,24,Female,83.03,15.52,75.97,70.23,74.36,No,1,Medium,71.32
STU11172,Mr. Anthony Mcconnell PhD,19,Male,53.07,16.03,46.35,57.12,32.29,Yes,0,Low,36.88
STU11173,Mr. Thomas Thompson,19,Male,68.34,24.52,70.74,73.53,58.05,Yes,2,Medium,51.54
STU11174,Monica Anderson,23,Female,94.29,16.31,77.29,79.65,69.21,No,1,High,66.1
STU11175,Kyle Andrade,17,Male,72.18,14.86,63.76,50.13,50.2,Yes,2,High,47.58
STU11176,Janice Petty,23,Female,66.26,16.33,57.4,47.98,51.82,No,0,Low,49.17
STU11177,Pamela Hill,23,Male,76.02,26.71,81.22,69.18,69.29,Yes,1,Medium,68.64
STU11178,Tracy Chavez,24,Female,98.68,20.08,75.7,72.23,73.48,Yes,1,Medium,62.07
STU11179,Jason Graves,23,Female,59.68,18.92,51.72,52.5,51.39,No,1,Low,35.78
STU11180,Elizabeth Miles,19,Female,67.49,19.34,51.19,51.4,44.65,Yes,1,High,46.62
STU11181,Michelle Walls,22,Male,92.97,27.75,90.44,88.87,75.26,No,1,High,78.85
STU11182,Christina Weber,24,Male,96.58,15.5,78.8,74.34,74.9,No,0,High,68.1
STU11183,Gregory Chambers,24,Male,76.97,27.89,75.93,65.41,61.71,No,2,High,67.22
STU11184,Miss Tina Gordon,20,Male,65.61,21.26,63.04,56.79,47.21,No,2,High,55.99
STU11185,Erica Wilson,24,Female,98.96,19.04,74.21,72.77,76.09,No,2,Medium,74.16
STU11186,John Duncan,20,Female,93.94,35.01,79.55,81.85,82.25,No,1,Medium,67.57
STU11187,Jennifer Adkins,24,Female,84.79,13.67,65.46,52.0,65.85,No,5,High,60.18
STU11188,Donna Boone,17,Female,69.88,17.88,50.63,57.04,52.6,No,5,Medium,58.54
STU11189,Kelly Johnson,19,Female,77.51,12.61,59.68,44.19,54.99,No,0,Medium,47.13
STU11190,Michael Gonzalez,24,Female,76.4,25.71,71.38,68.23,70.99,No,0,Medium,59.37
STU11191,Candace Mitchell,19,Male,81.31,30.14,82.89,82.82,71.05,No,2,High,70.74
STU11192,Ryan Vaughn,19,Female,92.51,30.02,82.74,78.33,80.43,Yes,2,Low,70.64
STU11193,Paul Johnson,21,Female,86.79,27.34,84.42,84.41,77.83,Yes,3,Medium,77.6
STU11194,Ashley Parrish,24,Female,67.23,18.81,74.5,61.21,65.51,Yes,2,High,60.77
STU11195,Sharon Newton,18,Male,91.76,17.81,81.58,78.53,75.32,Yes,0,High,62.54
STU11196,Cynthia Mueller,21,Male,81.13,9.97,67.72,53.58,65.16,No,1,High,67.59
STU11197,Donna Beck,18,Male,84.87,32.22,81.59,86.39,76.88,Yes,1,Medium,78.65
STU11198,Jasmine Frye,19,Female,92.67,22.81,71.17,73.42,61.72,No,5,Low,64.01
STU11199,Emily Arnold,19,Female,66.88,17.05,68.87,56.15,64.39,Yes,1,High,60.49
STU11200,David Oliver,21,Male,77.64,27.97,87.39,68.68,65.41,Yes,3,Medium,67.34
STU11201,Sheila Greer,21,Other,72.69,14.16,66.38,58.69,64.58,Yes,2,Medium,55.41
STU11202,Michele Holland,18,Male,62.32,22.44,79.06,70.34,64.3,No,4,Medium,52.0
STU11203,Kimberly Morrison,20,Male,81.47,18.96,60.18,61.64,64.81,Yes,1,Medium,70.69
STU11204,Tracey Phillips,18,Male,100.0,23.83,73.6,70.57,76.13,Yes,2,Medium,72.68
STU11205,Michael Lopez,21,Female,59.6,19.62,68.56,58.74,58.63,No,0,Medium,45.28
STU11206,Jose Bennett,22,Female,77.68,11.29,65.83,66.19,64.29,Yes,0,Medium,54.82
STU11207,Justin Anderson,21,Male,84.41,20.45,82.28,63.27,69.94,Yes,1,High,71.63
STU11208,Dawn Rivera,22,Female,79.23,26.29,74.99,77.23,59.05,No,2,Medium,66.38
STU11209,Brittney Hernandez,17,Male,76.87,19.82,63.55,57.03,58.17,Yes,2,Medium,54.09
STU11210,Anthony Randolph,21,Female,65.01,24.65,66.76,63.39,52.97,Yes,3,Medium,51.67
STU11211,Mary Henry,17,Female,80.33,13.73,56.01,49.29,53.78,Yes,3,Medium,51.18
STU11212,Heather Bowers,20,Female,70.43,19.84,59.16,52.62,47.49,Yes,3,High,43.58
STU11213,Daniel White,18,Male,56.1,16.25,65.62,59.75,49.17,No,1,Low,45.51
STU11214,Jonathan Perry,22,Other,89.95,24.48,84.23,85.7,85.49,Yes,1,High,77.78
STU11215,Anna Walker,18,Female,87.58,20.19,76.71,71.94,74.89,No,0,Medium,77.51
STU11216,Gary Ward,17,Male,78.52,24.14,61.26,63.89,59.49,No,1,Medium,55.86
STU11217,Paul Moreno,22,Female,80.29,26.53,73.18,66.24,65.78,Yes,5,Low,64.83
STU11218,Samantha Zavala MD,18,Male,88.74,24.15,68.83,71.57,65.65,No,1,Medium,74.59
STU11219,Jill Conway,21,Female,80.24,21.64,80.48,84.7,76.71,Yes,2,Medium,67.35
STU11220,Lisa Haley,19,Male,87.04,14.01,65.54,55.08,56.24,Yes,0,Medium,54.2
STU11221,Erica Moon,17,Female,75.03,19.98,61.4,57.0,61.41,Yes,1,Medium,55.12
STU11222,Janice Fernandez,18,Female,91.12,16.8,73.42,61.25,64.09,Yes,2,High,56.96
STU11223,Thomas Short,17,Male,81.21,17.94,65.56,57.39,57.18,No,1,High,57.65
STU11224,Robert Griffin,23,Male,79.94,17.75,79.79,51.38,62.01,Yes,2,Medium,69.08
STU11225,Steven Lee,17,Male,65.3,14.12,55.86,52.39,47.99,No,1,Medium,53.83
STU11226,Tiffany Jackson,22,Male,80.87,8.26,53.34,39.78,50.41,No,0,Medium,54.8
STU11227,Kimberly Smith,23,Male,69.68,15.99,48.99,38.64,41.92,Yes,3,High,44.35
STU11228,Michael Ayala,24,Female,71.62,21.16,68.24,68.26,64.44,No,0,Medium,53.72
STU11229,Jessica Garcia,22,Male,69.85,11.91,57.34,42.75,55.08,No,2,Medium,63.75
STU11230,Michele Cherry,19,Male,67.34,20.09,56.0,53.58,48.22,Yes,3,Medium,53.78
STU11231,Maria Case,23,Female,99.25,31.4,95.0,99.23,87.18,Yes,5,Medium,77.35
STU11232,Brittany Stevens,24,Male,91.31,26.14,84.49,70.67,74.87,Yes,4,Medium,89.17
STU11233,Brandon Brown,21,Female,97.2,29.86,84.58,73.92,72.74,Yes,3,Low,71.55
STU11234,Kristin Andrews,17,Female,65.77,22.35,76.5,70.38,66.88,Yes,1,High,48.86
STU11235,David Hughes,18,Female,78.71,27.01,80.03,83.09,75.61,Yes,1,High,83.54
STU11236,Jessica Smith,20,Female,65.06,15.66,56.23,42.08,52.84,No,1,Medium,34.48
STU11237,Kimberly May,17,Female,71.04,16.13,57.43,55.65,50.76,No,0,Low,49.84
STU11238,Nicole Richards,24,Male,68.82,5.0,61.75,48.83,47.75,No,1,Medium,53.82
STU11239,Angel Reilly,17,Male,90.4,27.12,82.92,66.7,68.91,Yes,3,High,76.96
STU11240,Richard Turner,19,Male,74.04,29.24,76.27,80.46,64.82,Yes,3,High,80.16
STU11241,Preston Kim,21,Female,88.68,16.68,66.22,65.56,66.68,Yes,0,Medium,69.93
STU11242,Matthew Wells,20,Male,84.04,18.48,75.81,64.86,60.23,Yes,1,Medium,74.8
STU11243,Brandy Myers,23,Female,100.0,15.48,70.55,70.25,80.95,No,2,Medium,70.44
STU11244,Kimberly Choi,23,Other,63.21,22.3,65.18,69.06,66.11,Yes,4,Medium,59.91
STU11245,Michael Sloan,23,Female,90.59,26.75,90.09,83.3,78.87,Yes,2,Medium,76.02
STU11246,Monica Brooks,24,Female,89.46,9.54,62.84,49.39,61.51,Yes,1,High,68.51
STU11247,Kristen Peters,22,Male,68.27,22.46,57.02,52.57,43.83,No,1,Medium,45.22
STU11248,Aaron Carlson,22,Female,88.07,18.34,65.7,61.22,74.65,No,2,Low,66.91
STU11249,Theresa Torres,18,Female,81.36,20.68,78.98,73.61,66.73,Yes,1,High,64.65
STU11250,Stephanie Cooper,20,Male,75.73,22.75,73.0,66.25,63.28,Yes,4,Low,56.42
STU11251,Matthew Hunt,23,Male,69.76,18.87,65.21,46.64,43.82,Yes,1,High,59.97
STU11252,Daniel Davenport,22,Female,70.81,19.38,63.33,66.97,62.2,No,1,Medium,61.4
STU11253,Christopher Marsh,24,Female,98.5,18.72,80.9,72.33,67.8,No,1,High,58.18
STU11254,Sarah Randolph,18,Female,78.01,25.82,68.33,66.34,63.24,No,2,Medium,57.07
STU11255,Julia Dunn MD,21,Female,85.82,22.51,77.22,76.45,68.23,No,1,Low,49.4
STU11256,Brett Swanson,18,Female,70.09,21.32,62.84,69.91,55.09,Yes,2,Medium,56.97
STU11257,Mr. Carl Rios,22,Female,70.2,12.37,55.46,31.84,40.57,Yes,2,Medium,43.26
STU11258,Manuel Mccullough,19,Male,88.82,17.73,68.48,65.11,65.65,No,1,Medium,60.16
STU11259,Jerry Jensen,24,Male,64.5,25.39,65.95,57.01,49.53,Yes,0,High,63.4
STU11260,Kevin Cunningham,19,Male,73.85,20.23,68.36,66.18,58.11,No,1,High,63.42
STU11261,Eugene Patterson,23,Female,78.34,23.96,74.76,71.28,70.1,Yes,1,Medium,82.18
STU11262,David Walker,19,Female,79.11,30.6,52.25,68.0,70.92,Yes,3,Medium,67.46
STU11263,Jessica Larsen,23,Female,76.21,26.23,68.19,65.74,64.51,No,0,High,66.51
STU11264,Nicholas Humphrey,23,Male,81.96,20.56,69.44,53.65,54.89,Yes,2,High,62.57
STU11265,Ian Torres,22,Female,84.93,16.93,81.36,65.78,66.65,Yes,1,Medium,65.24
STU11266,Casey Obrien,19,Female,85.35,5.0,55.08,45.77,52.53,Yes,1,High,50.33
STU11267,Shannon Taylor,23,Female,68.14,18.99,66.69,66.68,58.56,No,4,Medium,57.45
STU11268,Deborah Mercado,20,Female,75.16,18.04,78.16,59.71,67.8,Yes,5,Medium,63.86
STU11269,Bernard Smith,21,Male,89.95,22.34,67.43,72.35,68.0,Yes,0,Low,63.02
STU11270,Amanda Perkins,18,Female,86.95,19.08,75.89,63.72,70.79,No,1,High,71.43
STU11271,Kevin Escobar,18,Male,64.27,18.08,57.75,56.64,51.32,Yes,0,Medium,54.02
STU11272,Kimberly Lutz,22,Male,81.51,9.32,60.6,46.81,60.52,No,2,Medium,51.69
STU11273,Reginald Diaz,19,Female,58.22,14.36,52.72,48.84,46.36,Yes,1,Medium,42.96
STU11274,Raymond Quinn,19,Female,78.47,22.86,67.27,70.77,59.15,No,0,Low,58.76
STU11275,John Dixon,23,Female,96.98,30.3,95.0,81.86,92.18,Yes,1,Medium,78.04
STU11276,Jonathan Bates,24,Female,68.52,19.41,71.91,59.79,50.67,No,3,Medium,53.7
STU11277,Renee Mendez,17,Female,69.66,21.97,75.96,69.63,61.19,No,1,Medium,58.43
STU11278,Jose Griffin,23,Female,85.64,25.71,80.7,90.5,73.91,No,1,Medium,87.89
STU11279,Travis Hopkins,21,Female,62.57,15.13,49.38,41.85,56.99,Yes,1,High,43.6
STU11280,Nancy Webb,20,Male,71.67,22.2,71.97,78.97,76.2,Yes,2,Medium,64.76
STU11281,Daniel Freeman,18,Male,83.96,15.56,76.99,76.77,78.08,No,3,High,69.49
STU11282,Jacob Williams,23,Male,71.66,25.19,65.32,65.18,58.35,Yes,1,Low,54.16
STU11283,Terry Ward,17,Male,75.64,20.91,76.65,66.75,77.45,Yes,1,Medium,74.35
STU11284,Jesse Williams,17,Male,85.44,21.79,79.36,67.65,70.38,No,1,Medium,65.48
STU11285,Mrs. Michele Boyd,23,Male,82.22,15.3,81.56,66.44,73.13,Yes,2,Medium,60.96
STU11286,Sandy Baker,22,Male,80.67,24.24,71.31,60.66,63.22,No,1,Low,66.97
STU11287,Carrie Valdez,18,Other,74.61,32.51,69.92,74.72,65.3,Yes,2,High,70.04
STU11288,Matthew Houston,22,Male,81.7,13.95,64.91,65.41,60.69,No,1,High,63.94
STU11289,Jamie Solomon,20,Female,76.76,17.96,78.32,63.25,63.85,No,0,Low,62.68
STU11290,Heather Parrish,17,Male,82.58,21.39,60.21,59.18,61.34,Yes,1,Medium,52.41
STU11291,Mr. Larry Shaw,17,Female,73.03,24.72,57.04,50.72,54.16,No,0,High,54.19
STU11292,Christopher Jones,21,Male,76.17,16.64,67.74,62.09,60.52,Yes,1,Low,62.14
STU11293,Christine Lopez,20,Male,68.1,5.0,52.64,41.85,54.24,No,3,Medium,44.54
STU11294,Mitchell Wilson,17,Female,77.65,28.16,75.83,75.2,53.56,No,2,High,66.58
STU11295,Robert Cortez,20,Male,69.89,24.56,76.77,70.02,67.9,Yes,3,High,71.93
STU11296,Mr. Daniel Martin,18,Male,66.86,9.54,54.55,43.52,51.29,No,2,Medium,39.22
STU11297,Alison Williams,19,Male,80.59,16.35,55.57,56.35,61.02,Yes,2,Medium,51.72
STU11298,Candace Soto,17,Male,80.13,29.41,91.95,84.88,77.59,No,2,Medium,61.89
STU11299,Kenneth Brown,21,Male,85.83,28.69,72.43,76.13,70.2,Yes,2,High,73.38
STU11300,Christopher Mullen,18,Male,73.69,25.63,65.0,67.48,66.04,No,0,High,74.23
STU11301,Kristy Smith,23,Female,82.08,18.94,78.82,75.35,77.83,No,0,Medium,65.24
STU11302,Mary Campbell,20,Female,83.51,20.5,70.06,69.4,64.01,Yes,2,High,66.02
STU11303,Jerry Haney,23,Female,82.45,19.21,70.98,65.73,65.67,No,1,High,70.91
STU11304,Carolyn Greer,22,Male,69.74,26.77,75.01,81.43,77.09,Yes,0,Medium,71.65
STU11305,Rebecca Hoover,18,Female,79.49,14.74,74.7,64.82,54.11,Yes,1,High,56.69
STU11306,Matthew Baker,23,Male,81.64,15.17,65.94,65.91,59.03,Yes,1,Medium,70.0
STU11307,Grace Chavez,24,Male,78.07,26.06,85.11,81.71,81.33,Yes,2,Medium,76.76
STU11308,Crystal Cruz,24,Female,57.14,19.73,46.72,38.12,46.58,Yes,3,Medium,44.09
STU11309,Dale Heath,17,Male,79.6,28.27,81.95,86.3,77.42,Yes,3,High,76.75
STU11310,Jennifer Hernandez,20,Male,100.0,15.97,70.3,63.85,64.71,Yes,3,Medium,70.39
STU11311,John Mendez,19,Female,74.4,19.67,78.13,67.8,61.55,Yes,0,Medium,59.6
STU11312,Richard Gordon,18,Female,70.72,14.47,64.41,57.21,53.75,Yes,1,High,66.93
STU11313,John Anderson,17,Female,81.73,20.04,67.01,60.99,68.89,No,3,Medium,70.58
STU11314,Samantha Prince,21,Female,81.12,11.13,69.88,57.93,57.82,No,2,High,60.24
STU11315,Marie Boyd,22,Other,89.93,17.07,79.17,64.35,68.73,Yes,0,Medium,67.39
STU11316,Andrew Moreno,20,Male,65.42,11.38,63.63,59.43,52.39,No,2,Medium,48.2
STU11317,Robert Clarke,18,Male,85.31,24.16,68.83,67.45,68.97,No,2,Medium,61.34
STU11318,Kevin Figueroa,24,Male,83.9,24.3,72.18,67.66,63.03,No,1,High,58.58
STU11319,Melissa Davis,18,Male,76.58,9.62,62.34,45.05,52.41,Yes,2,Low,48.93
STU11320,John Hall,19,Male,81.39,28.0,76.87,77.23,61.8,Yes,2,Medium,68.24
STU11321,Diane Mcdowell,24,Female,88.29,34.98,90.05,90.96,72.94,No,0,High,68.29
STU11322,Colin Fletcher,19,Female,86.72,20.28,59.78,62.13,60.05,No,0,Medium,62.57
STU11323,Laura Wilson,21,Female,66.57,16.15,65.27,50.93,47.36,Yes,3,High,49.82
STU11324,Matthew Watts,22,Male,86.2,36.95,83.32,78.09,84.26,Yes,3,High,82.66
STU11325,Jack Moore,21,Female,77.35,12.09,58.53,54.56,44.74,No,2,Medium,55.7
STU11326,Dawn Wyatt,17,Female,78.73,20.12,65.38,70.85,59.43,No,0,Low,64.74
STU11327,Jacob Hill,17,Female,78.73,21.08,69.75,59.05,60.91,No,0,Medium,65.53
STU11328,Nicole Gutierrez,21,Male,76.5,28.07,50.04,69.97,55.48,Yes,1,Medium,67.87
STU11329,Karen Wood,22,Female,89.92,22.16,71.57,70.0,62.01,Yes,1,High,72.51
STU11330,Dawn Parker,21,Male,77.16,17.01,61.64,56.88,52.12,Yes,2,High,59.12
STU11331,Michael Fitzgerald,22,Male,66.8,14.29,65.45,53.15,49.92,Yes,0,Low,46.81
STU11332,Mary Adkins,22,Male,74.06,17.95,61.55,49.11,52.11,Yes,0,Medium,52.45
STU11333,Michael Martin,23,Female,79.79,13.96,65.18,62.32,70.34,No,2,Medium,71.74
STU11334,James Morgan,24,Female,90.29,20.29,86.11,70.0,73.09,Yes,3,Low,68.53
STU11335,Melissa Mann,20,Male,84.03,16.61,77.2,61.13,71.14,No,1,Medium,64.74
STU11336,Vincent Smith,22,Male,69.49,11.04,66.84,59.6,60.69,Yes,3,Medium,67.88
STU11337,Charles Frost,19,Male,100.0,27.53,80.77,67.9,77.6,Yes,3,Medium,73.37
STU11338,Austin Walker,22,Male,80.65,17.01,72.97,54.37,46.7,Yes,2,Medium,52.01
STU11339,Andrew Cruz,22,Male,90.75,12.39,68.34,57.7,60.74,Yes,3,High,71.08
STU11340,Miss Kelly Dawson,22,Male,76.48,18.99,67.51,63.63,67.73,No,1,Low,53.45
STU11341,Theresa Wilkins,23,Female,83.33,20.41,75.49,71.13,65.12,Yes,3,High,71.82
STU11342,Jessica Harris,24,Male,86.39,9.52,62.04,49.52,65.14,Yes,4,Medium,61.14
STU11343,Regina Mitchell,23,Male,90.18,21.99,86.92,91.8,88.01,Yes,2,High,85.27
STU11344,Kyle Black,17,Male,88.57,13.72,68.91,57.74,59.7,Yes,3,Medium,47.38
STU11345,Christopher Johnson,23,Female,86.72,30.27,85.21,81.4,73.14,No,1,High,79.48
STU11346,Aaron Moore,19,Female,74.85,23.14,81.33,68.26,62.26,Yes,2,High,67.28
STU11347,Penny Gomez MD,19,Female,72.28,17.6,73.45,64.21,59.49,No,1,Medium,63.18
STU11348,Kelly Mclaughlin,23,Male,81.33,15.53,58.54,58.0,50.89,No,0,Medium,56.33
STU11349,Brandon Mitchell,24,Female,87.33,19.37,76.61,75.52,72.86,Yes,0,High,73.72
STU11350,Suzanne Bailey,21,Male,75.77,23.68,77.84,62.77,57.09,Yes,2,High,62.1
STU11351,Destiny Obrien,20,Female,88.65,19.85,80.6,69.58,73.31,No,0,High,67.99
STU11352,Timothy Andrews,24,Female,92.53,18.7,67.31,65.78,68.23,No,2,High,66.51
STU11353,Jason Rodriguez,23,Female,68.84,20.35,62.18,62.92,49.25,Yes,1,Medium,56.18
STU11354,Edward Arroyo,22,Female,69.63,16.38,71.28,60.95,67.96,Yes,1,Low,56.37
STU11355,Tina Walter,18,Female,76.6,17.94,62.87,61.64,61.47,Yes,2,Medium,65.78
STU11356,Laura Benson,20,Male,81.08,7.49,60.58,43.31,56.33,Yes,0,High,53.12
STU11357,Kristine Carrillo,20,Female,72.75,25.84,83.22,85.65,69.86,Yes,3,Medium,66.35
STU11358,Tonya Ellis,19,Male,91.52,21.79,76.53,76.81,75.08,Yes,2,Low,73.17
STU11359,Kevin Johnson,20,Female,82.24,15.36,63.56,48.94,61.45,Yes,3,High,72.09
STU11360,Austin Schultz,23,Male,78.39,31.39,72.19,69.34,64.72,Yes,1,High,60.61
STU11361,Megan Hall MD,22,Male,63.64,20.52,67.15,55.48,65.66,Yes,1,Medium,58.07
STU11362,Kelli Smith,22,Male,64.84,13.78,51.25,51.14,49.02,No,2,Medium,54.67
STU11363,Danielle Davis,17,Male,80.81,25.14,73.19,63.25,69.62,No,0,Medium,67.23
STU11364,Samantha Jones,22,Female,56.67,22.39,65.67,59.95,56.77,No,2,Low,55.62
STU11365,Karen Gomez,24,Female,88.13,22.37,85.01,78.43,77.76,Yes,0,High,76.16
STU11366,Debra Valentine,22,Male,76.42,17.45,72.46,62.8,54.27,No,0,Medium,41.59
STU11367,Susan Porter,19,Male,100.0,22.7,75.89,73.72,74.22,Yes,1,High,76.01
STU11368,Nicolas Salas,22,Female,100.0,18.43,86.15,67.57,70.13,No,1,High,74.37
STU11369,Dale Wright,17,Male,76.19,23.34,69.72,70.54,60.1,Yes,0,Medium,69.1
STU11370,Brittney Rodriguez,18,Female,76.94,8.57,53.13,40.95,57.04,Yes,0,Medium,46.32
STU11371,Megan Alvarado,23,Female,87.96,17.4,71.16,61.65,63.01,No,1,Medium,72.0
STU11372,Pamela Weaver,19,Female,95.03,30.33,94.31,90.1,78.53,No,1,Medium,77.37
STU11373,John Oliver,24,Female,61.62,15.4,61.58,54.51,51.16,No,2,Medium,48.45
STU11374,William Prince PhD,18,Male,60.14,16.38,60.61,54.24,45.72,Yes,3,High,49.02
STU11375,William Moon IV,19,Female,71.78,17.31,77.29,60.76,69.84,Yes,1,Medium,70.34
STU11376,Kenneth Brown,21,Male,83.83,12.71,57.41,49.6,50.74,Yes,3,High,49.89
STU11377,Karen Fernandez,20,Male,82.97,6.75,53.91,44.04,53.52,No,2,Low,51.56
STU11378,Jennifer Parks,21,Female,88.7,18.62,62.2,51.59,64.35,No,1,Low,50.88
STU11379,William Wolfe,22,Male,66.0,20.82,68.58,60.28,55.8,No,2,High,58.23
STU11380,Michael Smith,18,Female,54.84,19.68,61.88,59.56,56.13,Yes,1,Medium,45.17
STU11381,Kevin Nguyen,22,Female,86.58,19.13,83.82,64.31,64.01,No,0,Medium,69.44
STU11382,Debbie Dunn,20,Female,69.72,20.26,68.77,69.97,74.73,Yes,0,Medium,64.25
STU11383,John Austin,19,Female,57.82,26.14,63.6,71.91,63.67,Yes,2,Medium,64.33
STU11384,Jonathan Clark,20,Male,79.45,18.86,69.99,55.94,59.0,Yes,1,High,60.62
STU11385,Jacqueline Dickerson,17,Male,85.93,16.56,71.79,71.13,63.34,Yes,1,Low,65.3
STU11386,Christopher Anderson,20,Female,76.78,18.31,56.83,54.55,53.77,Yes,1,Medium,54.48
STU11387,Crystal Garcia,17,Male,73.42,23.48,89.78,80.36,72.53,Yes,3,Medium,77.59
STU11388,David Reynolds,20,Female,76.41,28.47,79.13,73.81,78.58,Yes,2,High,77.17
STU11389,Charles Haley,23,Female,74.29,16.23,67.55,64.73,55.03,Yes,0,Medium,59.41
STU11390,Robert Thompson,17,Female,64.52,20.59,69.53,65.66,60.89,Yes,0,Low,51.14
STU11391,Dr. Samuel Holmes DDS,18,Male,70.85,22.03,73.73,62.58,61.79,Yes,3,Medium,60.01
STU11392,Elizabeth Hart,22,Male,83.21,14.04,67.13,50.89,57.36,Yes,2,Low,50.56
STU11393,Jennifer Vaughn,24,Male,81.22,20.12,67.15,54.4,58.24,No,2,Medium,66.55
STU11394,Robert Woods,22,Male,79.68,11.21,68.92,57.09,59.46,No,2,Low,59.8
STU11395,Joanna Cook,21,Female,68.05,9.39,61.49,52.51,57.88,Yes,1,Medium,54.54
STU11396,Justin Frederick,22,Male,76.18,22.2,65.34,67.44,64.75,No,3,Low,55.76
STU11397,Alejandro Martinez,19,Male,56.23,17.7,69.82,59.25,58.52,No,1,Medium,50.34
STU11398,Tracey Gonzalez,23,Male,79.78,21.21,73.81,60.72,47.87,Yes,1,High,61.09
STU11399,Mariah Thompson,20,Female,92.29,19.89,80.95,67.56,71.94,Yes,0,High,82.68
STU11400,Heather Nunez,21,Female,63.26,14.14,69.95,64.44,51.41,No,1,Low,51.74
STU11401,Dr. Steve James,19,Male,72.14,19.73,67.82,59.36,62.17,No,4,Medium,66.59
STU11402,Mark Thomas,19,Male,81.29,12.6,68.55,58.03,67.93,No,2,Medium,62.8
STU11403,Robert Rogers,17,Male,90.53,28.35,86.73,75.82,70.37,No,1,High,76.91
STU11404,Laura Sweeney,22,Male,73.52,11.86,57.64,51.75,51.68,Yes,0,Low,46.24
STU11405,Christopher Perez,18,Female,71.08,18.83,66.99,58.15,55.02,Yes,0,High,57.4
STU11406,Eddie Adams,24,Female,58.31,13.75,58.83,56.84,58.32,Yes,4,Medium,49.77
STU11407,Denise Wallace,18,Male,79.03,23.42,66.31,70.09,64.02,Yes,2,Medium,66.01
STU11408,Heidi Matthews,21,Male,98.42,18.01,93.2,74.34,86.96,Yes,1,High,79.7
STU11409,Jennifer White,23,Other,80.77,16.89,59.28,55.12,58.26,Yes,0,High,60.82
STU11410,Nicholas Stanley,18,Male,77.78,25.12,64.61,62.61,61.3,Yes,3,High,58.1
STU11411,Mercedes Miller,20,Female,81.22,20.18,80.81,62.21,66.64,Yes,2,Medium,69.03
STU11412,Brian Brown,18,Male,77.89,23.1,77.32,65.96,69.82,Yes,3,Medium,68.61
STU11413,Kimberly Johnson,21,Female,69.87,14.11,55.64,51.48,42.78,Yes,3,Medium,50.97
STU11414,Phillip Miller,24,Male,86.23,11.57,71.84,60.5,63.99,Yes,4,Medium,66.09
STU11415,Christopher Pena,18,Female,80.26,20.64,81.83,72.5,69.72,Yes,1,Medium,67.46
STU11416,Ellen Wright,20,Other,78.18,18.09,68.72,60.08,64.34,No,1,Medium,82.94
STU11417,Mark Anderson,17,Male,68.25,23.76,87.12,81.72,71.81,No,1,Low,69.24
STU11418,Alyssa Alvarado,23,Male,91.04,19.52,63.01,61.71,56.67,Yes,1,Medium,61.18
STU11419,Erika Alvarez,21,Male,84.65,21.23,78.58,75.01,70.72,Yes,0,High,75.71
STU11420,Kimberly Nelson,17,Male,72.47,10.26,69.34,43.98,48.74,No,1,High,49.55
STU11421,Wayne Wolfe,17,Male,88.02,31.33,88.38,62.07,60.64,Yes,0,Medium,63.79
STU11422,Kyle Welch,17,Male,73.02,19.01,66.08,62.46,63.23,No,3,Medium,64.83
STU11423,Kristy Mills,19,Female,70.18,24.19,67.97,57.62,60.89,Yes,1,Low,61.67
STU11424,Emily Reed,23,Male,70.4,14.98,66.76,55.97,59.37,No,2,High,65.57
STU11425,Regina Ramos,24,Male,60.29,21.85,70.12,62.45,64.97,No,0,Medium,49.68
STU11426,David Torres,22,Female,82.72,12.18,70.83,67.71,61.71,No,0,High,62.09
STU11427,Robert Charles,23,Male,59.69,22.71,72.05,68.44,53.95,Yes,1,High,62.49
STU11428,John Smith,19,Female,65.72,17.86,56.66,54.8,51.8,No,1,Medium,55.3
STU11429,Theresa Woods,22,Male,57.24,20.18,60.43,62.14,52.61,No,1,Medium,55.56
STU11430,Jeffrey Carter,23,Female,77.14,24.19,66.21,68.11,58.23,No,1,High,56.72
STU11431,Adam Brooks,17,Female,76.5,12.6,61.72,50.19,54.07,Yes,2,Low,54.93
STU11432,Justin Foster,21,Female,74.73,15.89,73.12,68.42,61.43,No,5,Medium,63.96
STU11433,Omar Price,22,Other,67.57,22.74,68.7,58.35,48.8,Yes,0,High,58.87
STU11434,Dennis Henderson,20,Male,66.28,32.59,92.57,88.81,74.53,Yes,2,Medium,68.76
STU11435,Phillip Kent,20,Other,82.64,19.17,72.83,56.29,56.04,No,1,High,54.84
STU11436,Melinda Mitchell,18,Male,72.49,23.55,70.9,68.66,64.5,Yes,3,High,77.36
STU11437,Rhonda Gutierrez,22,Male,81.16,19.36,71.76,66.17,61.23,No,1,High,69.48
STU11438,Catherine Roberts,21,Male,69.15,31.65,70.35,84.15,73.46,No,1,Medium,67.6
STU11439,Lisa Nelson,24,Female,79.81,9.52,63.18,41.91,60.76,Yes,2,Medium,55.39
STU11440,Chelsea Smith,19,Male,91.03,20.57,83.71,70.05,75.42,No,2,Low,81.43
STU11441,Joseph Lopez,17,Female,83.86,10.25,66.52,59.13,52.99,No,2,High,58.9
STU11442,Derrick Espinoza,18,Female,73.88,5.0,52.5,42.77,55.65,Yes,1,High,51.63
STU11443,Crystal Hernandez,20,Female,80.57,21.78,66.0,65.04,69.86,No,3,Medium,59.17
STU11444,Glenn Collins DDS,19,Female,75.59,20.84,66.67,57.25,58.58,Yes,4,Medium,58.38
STU11445,Mrs. Raven Rivera DVM,19,Male,78.08,18.29,69.55,58.98,67.22,Yes,1,Low,49.32
STU11446,Amy Rowe,17,Male,74.74,19.36,76.8,74.61,65.18,Yes,4,High,72.11
STU11447,John Lee,24,Male,76.36,38.59,73.17,82.3,60.36,Yes,1,High,77.07
STU11448,Ruth Clayton,24,Male,80.12,18.45,67.72,64.12,58.37,Yes,0,High,69.86
STU11449,Randy Wright,22,Male,68.07,23.06,69.38,65.03,69.3,No,3,High,60.47
STU11450,Jessica Rojas,20,Male,67.84,16.1,50.57,41.99,38.51,No,2,High,32.08
STU11451,Joel Wise,24,Male,64.11,21.77,60.05,64.63,56.46,Yes,1,High,60.7
STU11452,Vickie Kennedy,21,Other,62.0,18.57,58.04,57.85,53.13,Yes,5,Medium,62.19
STU11453,Emily Morris,24,Female,65.83,17.54,58.04,68.12,54.76,Yes,1,Medium,46.66
STU11454,Amanda Pineda,19,Male,79.59,30.91,79.82,73.59,67.39,Yes,1,High,68.69
STU11455,Dawn Little,17,Female,69.07,27.06,70.45,74.94,65.06,Yes,0,Medium,66.31
STU11456,Stephen Boyer,21,Male,83.14,20.82,68.94,57.1,57.93,Yes,1,Medium,55.09
STU11457,Brian Chen,22,Male,78.35,6.17,63.65,49.34,48.11,Yes,3,Low,40.03
STU11458,Christopher Hill,20,Female,58.31,17.83,72.87,67.82,61.98,Yes,1,Medium,55.8
STU11459,Richard Smith,22,Female,84.55,36.22,95.0,80.87,83.83,No,2,Medium,75.21
STU11460,Richard Alvarez,19,Male,86.11,18.62,59.02,56.6,62.04,No,0,Medium,46.2
STU11461,Jacqueline Davis,21,Other,68.06,26.62,74.9,68.58,59.78,Yes,0,Medium,68.43
STU11462,Brandon Montgomery,21,Female,82.2,28.65,76.69,71.97,62.21,Yes,0,Medium,75.41
STU11463,Yolanda Garrett,21,Female,69.44,21.31,68.78,66.26,59.73,Yes,0,Medium,60.15
STU11464,Matthew Miles,19,Female,78.98,14.95,64.27,63.43,68.33,No,3,High,68.26
STU11465,Beth Hall,19,Female,65.36,5.39,55.74,41.24,50.24,No,3,Medium,38.44
STU11466,Dr. Nicole Trujillo,22,Male,60.07,24.1,66.96,65.76,61.99,No,2,Medium,57.71
STU11467,Corey Norris,18,Male,74.17,15.11,61.19,55.36,60.08,No,0,Low,48.5
STU11468,Chad Roach,22,Male,76.76,21.06,64.17,61.93,61.59,Yes,2,Medium,63.29
STU11469,Mr. Edward Terry,20,Male,74.02,12.5,60.22,45.24,52.32,No,3,Medium,35.45
STU11470,Cody Bailey,17,Female,66.16,18.41,65.99,66.13,62.79,Yes,1,High,60.2
STU11471,Denise Guerra,21,Male,74.0,20.2,72.93,67.46,61.21,Yes,2,High,68.83
STU11472,Kristen Jones,18,Other,80.69,21.61,78.38,73.0,62.05,No,5,Medium,67.08
STU11473,Edward Baker,17,Female,77.55,13.31,61.88,48.93,57.91,Yes,3,Medium,61.2
STU11474,Aaron Little,18,Female,79.83,27.18,77.94,72.56,74.83,No,4,Medium,66.15
STU11475,Cody Smith,24,Female,71.3,16.42,71.75,60.31,54.89,Yes,0,High,42.78
STU11476,Patty Allen,24,Female,89.72,9.95,76.01,50.53,66.34,No,3,High,70.76
STU11477,Mary Ryan,23,Male,66.24,19.35,64.63,49.46,61.58,Yes,0,Medium,60.22
STU11478,Joseph Jimenez,24,Female,82.88,20.21,70.75,61.79,62.95,Yes,1,Medium,72.26
STU11479,Lisa Morris,22,Male,89.82,20.96,76.94,73.3,66.46,No,0,High,69.0
STU11480,Ashley Mills,24,Female,82.81,28.17,69.8,68.11,65.45,No,0,High,67.95
STU11481,Russell Anderson,19,Male,75.97,18.58,67.04,55.08,55.18,No,2,Medium,70.21
STU11482,Christina Washington,21,Female,72.72,19.28,72.8,59.78,57.86,No,3,High,50.1
STU11483,Kenneth Huff,22,Female,88.36,13.38,74.2,58.96,66.44,No,1,Medium,65.32
STU11484,Kelly Miles,17,Male,63.77,24.92,66.06,63.01,49.91,No,0,Medium,61.15
STU11485,Jacob Obrien,23,Male,68.3,21.11,68.62,76.56,57.25,Yes,2,High,65.34
STU11486,Timothy Clark,23,Other,74.02,17.48,61.07,63.05,58.34,Yes,1,Medium,58.57
STU11487,Steve Miller PhD,23,Female,90.38,8.57,72.08,62.54,65.08,Yes,0,High,56.46
STU11488,Justin Hurley,17,Female,81.8,28.67,77.24,83.48,74.33,No,2,Medium,80.38
STU11489,Jacob Erickson,17,Female,68.32,12.63,59.24,44.79,59.45,Yes,0,Medium,59.07
STU11490,Deborah Williams,17,Male,74.9,16.45,63.94,50.13,55.43,No,1,Low,58.52
STU11491,Eric Blackburn,17,Male,71.86,22.15,68.81,58.33,61.86,Yes,1,Medium,59.85
STU11492,Anne Hardy,23,Male,70.9,12.82,59.2,59.2,50.74,No,3,Medium,51.39
STU11493,Chelsey Fox,23,Female,87.79,11.04,72.45,55.28,66.1,Yes,3,High,65.61
STU11494,Mario White,18,Male,64.28,7.26,53.03,34.62,40.9,Yes,4,Medium,54.36
STU11495,Jennifer Garcia,22,Female,94.09,24.33,90.82,78.67,78.5,No,1,High,75.93
STU11496,Heather Ellis,21,Female,86.28,16.73,81.48,67.07,68.7,Yes,0,Medium,76.33
STU11497,Sonya Jackson,24,Female,88.91,37.56,80.62,88.65,82.19,Yes,2,High,80.22
STU11498,James Morgan,24,Female,73.37,14.03,64.66,57.03,50.72,Yes,1,Medium,49.82
STU11499,Zachary Ramos,19,Other,76.5,14.47,61.17,49.35,42.57,Yes,4,Medium,39.33
STU11500,Ethan Frey,23,Male,63.67,16.61,59.81,58.33,53.02,Yes,3,Medium,58.19
STU11501,Jacob Duran,19,Female,72.75,21.46,83.14,68.48,69.96,No,1,Medium,70.48
STU11502,Nicholas Franklin,22,Female,82.94,17.18,68.05,60.25,62.25,Yes,4,Medium,55.59
STU11503,Cindy Cannon,22,Female,90.96,23.67,80.47,78.78,80.09,No,1,Medium,82.25
STU11504,Dawn Nixon,19,Female,66.93,14.13,65.45,51.56,56.53,Yes,2,High,49.03
STU11505,James Barber,23,Male,74.34,11.71,55.93,45.32,47.49,No,3,High,55.57
STU11506,Ms. Kelly Holder,19,Male,76.49,9.21,56.06,50.32,40.9,No,0,High,53.49
STU11507,Eric Walker,24,Female,64.04,6.66,46.84,33.01,39.57,Yes,3,Medium,48.55
STU11508,Alison Short,18,Male,83.91,16.89,64.19,56.59,64.19,Yes,2,High,51.36
STU11509,Desiree Spencer,24,Female,70.76,18.19,46.09,52.13,46.57,Yes,0,High,56.95
STU11510,Tammy Moore,20,Female,76.05,16.21,70.58,73.34,65.72,No,2,Medium,62.66
STU11511,Henry Taylor,23,Male,73.48,27.46,87.99,84.09,77.03,No,0,Medium,70.25
STU11512,Kevin Hall,23,Female,70.11,27.37,73.24,74.76,60.75,No,0,Medium,67.03
STU11513,Anna Ross,21,Male,77.93,17.99,58.85,59.54,60.14,Yes,1,Low,60.97
STU11514,Morgan Cummings,17,Female,75.84,9.24,57.3,40.98,57.75,Yes,1,Medium,40.35
STU11515,Carrie Petersen,20,Female,74.28,16.6,63.12,57.78,56.31,Yes,1,Low,46.14
STU11516,Laura Velez,22,Female,70.72,16.4,57.64,53.36,47.35,Yes,3,High,61.85
STU11517,Elizabeth Cross,23,Male,81.2,16.06,74.74,65.61,65.03,Yes,1,Medium,67.21
STU11518,Angela Brown,19,Male,94.54,15.81,79.55,68.13,59.47,Yes,2,Medium,67.73
STU11519,Hannah Montoya,20,Female,79.4,16.08,59.93,57.65,58.72,No,2,High,52.74
STU11520,Sean Kane,21,Female,87.96,17.68,77.64,65.54,69.97,Yes,1,High,72.22
STU11521,Matthew Guzman,22,Female,64.1,16.19,72.66,61.3,68.08,No,3,High,70.26
STU11522,Richard Reyes,17,Male,79.58,21.25,85.02,66.48,67.97,Yes,0,Medium,81.16
STU11523,Andrew Fernandez,17,Male,67.03,22.16,87.38,72.79,71.51,No,2,Medium,65.63
STU11524,Jonathan Walker,21,Male,63.23,14.54,54.16,57.54,47.43,No,3,Medium,55.27
STU11525,Nicholas Long,21,Female,70.61,27.63,92.35,84.63,74.28,No,0,Medium,83.16
STU11526,Kurt Wagner,19,Male,89.92,14.12,68.37,59.18,55.0,No,3,Medium,50.72
STU11527,Dylan Foster,23,Male,87.5,10.29,63.06,64.07,61.02,No,2,Medium,70.68
STU11528,Bradley Duncan,17,Female,80.43,22.28,75.06,61.21,62.25,No,0,High,64.43
STU11529,James Miller,22,Male,62.67,15.1,56.56,44.31,49.33,Yes,0,Low,45.83
STU11530,Patricia Anderson,20,Other,76.04,21.93,73.56,78.08,65.16,No,1,Medium,61.72
STU11531,Justin Freeman,22,Female,81.02,5.58,52.07,42.04,49.56,No,4,Medium,46.72
STU11532,Christina Gilbert,18,Female,79.76,28.35,75.08,73.33,66.23,No,1,High,63.38
STU11533,Danielle Jones,18,Male,59.56,24.03,74.64,61.44,57.88,Yes,1,Medium,53.2
STU11534,Erica Glass,21,Male,69.1,11.0,59.94,52.46,53.56,Yes,2,Medium,56.21
STU11535,Michael Henderson,19,Female,77.36,11.13,64.73,56.62,58.15,No,1,Low,59.61
STU11536,Frank Wheeler,18,Female,83.36,30.03,82.69,74.28,75.42,No,2,Medium,65.24
STU11537,Eric Huerta,17,Female,56.04,15.58,66.52,55.37,53.27,Yes,1,Low,46.15
STU11538,Wanda Ramos,22,Male,76.38,14.99,54.46,49.07,49.76,Yes,4,Medium,54.13
STU11539,Andrew Meyers,22,Female,79.43,6.4,65.34,51.18,55.76,Yes,1,Low,45.9
STU11540,James Todd,21,Female,86.5,17.9,70.25,56.68,58.15,Yes,3,High,65.06
STU11541,Ashley Brown,23,Female,84.93,18.63,73.18,73.02,66.36,Yes,2,Medium,65.63
STU11542,Tammy Melton,23,Female,83.83,24.29,82.95,81.36,84.43,Yes,1,High,68.37
STU11543,Alexis Benson,20,Female,70.0,11.61,52.77,44.29,43.41,No,1,Medium,48.43
STU11544,Jerry Johnson,21,Female,58.92,10.88,49.1,41.39,42.06,Yes,3,Medium,41.28
STU11545,Joshua Harris,24,Male,74.07,22.71,56.98,58.37,53.25,Yes,0,Low,58.08
STU11546,Deanna Webb,20,Female,88.02,26.04,74.59,68.59,66.48,No,1,Medium,64.71
STU11547,Brenda Hale,24,Male,91.93,10.57,78.48,59.21,64.92,No,1,Medium,59.09
STU11548,Kevin Alvarado,23,Male,85.11,26.49,76.74,72.94,70.81,No,2,Medium,68.4
STU11549,Christopher Campbell,21,Male,82.29,20.23,62.7,70.6,54.56,Yes,3,High,70.85
STU11550,Lisa Brown,24,Male,81.8,26.55,72.91,77.86,74.32,No,3,High,82.93
STU11551,Alejandra Price,21,Male,72.44,19.58,57.27,61.97,59.38,Yes,3,High,64.04
STU11552,Samuel Keller,21,Male,76.7,5.0,51.3,42.6,41.99,No,2,Low,38.85
STU11553,Alicia Dillon,23,Female,94.69,19.09,78.96,63.37,57.41,No,1,Medium,63.5
STU11554,Crystal James,20,Female,68.57,26.36,62.66,64.8,53.44,Yes,0,Low,53.35
STU11555,Ariana Stewart,20,Male,94.15,14.64,80.7,72.8,71.34,Yes,2,Medium,70.29
STU11556,Kim Lopez,21,Female,74.78,17.67,66.78,52.56,69.63,Yes,4,Medium,60.21
STU11557,Judith House,18,Female,91.25,18.94,75.36,71.44,72.35,No,1,Low,59.35
STU11558,David Moreno,19,Male,63.93,5.0,52.12,53.49,40.71,Yes,1,High,54.28
STU11559,James Moore,23,Male,83.86,30.03,84.97,88.52,74.05,No,2,Medium,79.66
STU11560,Harold Garrett,19,Female,70.63,14.59,68.95,66.6,61.3,Yes,2,Medium,61.19
STU11561,William Mason,19,Female,63.85,23.03,69.01,66.38,61.42,Yes,1,Low,64.94
STU11562,Lori Johns,20,Female,80.19,19.48,74.67,72.43,60.95,No,2,Medium,67.23
STU11563,Robin Johnson,20,Male,88.09,27.55,78.04,72.22,69.53,No,5,High,64.68
STU11564,Diana Hernandez,18,Male,69.55,22.44,72.32,71.7,60.73,No,2,Medium,59.57
STU11565,Mary Miller,19,Male,63.01,18.59,60.85,60.43,49.53,Yes,1,High,64.31
STU11566,Tyler Salazar,19,Male,77.08,14.64,66.1,58.98,60.49,Yes,0,Low,53.53
STU11567,Crystal Allen,21,Male,77.13,24.79,71.28,77.12,71.24,Yes,0,Medium,63.44
STU11568,Wesley Browning,20,Male,83.48,8.76,61.32,46.73,58.72,Yes,0,High,61.46
STU11569,Joshua Clark,19,Female,87.5,23.88,71.89,68.66,69.56,Yes,4,Medium,66.81
STU11570,Joshua Mcbride,22,Female,77.41,13.41,68.62,58.12,57.35,No,2,Low,57.87
STU11571,Ellen Thornton,18,Male,96.56,27.51,92.06,78.87,82.71,Yes,0,Medium,78.52
STU11572,Brandy Forbes,24,Female,80.24,20.97,79.97,72.24,70.87,Yes,1,Medium,64.06
STU11573,Brianna Fitzpatrick,22,Male,74.54,23.86,62.72,53.11,56.12,Yes,1,High,54.41
STU11574,Emily Grant,22,Male,61.88,20.49,73.12,71.13,59.81,No,1,High,51.51
STU11575,Bailey Stewart,24,Male,75.37,9.49,59.56,49.12,50.63,No,2,High,46.55
STU11576,Monica Cannon,23,Female,74.64,14.84,69.45,55.89,59.17,Yes,3,Medium,63.27
STU11577,Jennifer Jenkins,23,Other,87.6,24.03,70.52,64.17,76.86,Yes,1,Medium,75.77
STU11578,Timothy Shannon,18,Female,82.62,21.0,73.74,66.31,67.05,Yes,1,Medium,61.96
STU11579,Denise Maxwell,22,Male,66.21,27.09,72.64,75.08,61.89,No,2,High,56.5
STU11580,Cody Farmer,19,Female,79.72,22.42,62.19,65.64,56.52,No,2,High,67.55
STU11581,Debra Bradley,20,Male,84.72,14.2,73.09,57.22,60.09,No,2,Low,64.22
STU11582,David Mcdaniel,18,Female,93.28,15.22,82.39,63.26,80.52,Yes,2,Medium,76.64
STU11583,Michael Woods,21,Female,86.88,20.62,72.96,71.32,65.88,Yes,3,Medium,59.01
STU11584,Lisa Joseph,24,Male,85.61,6.12,73.05,49.91,64.69,No,1,Medium,62.04
STU11585,Samuel Henry,22,Female,78.6,30.04,76.14,77.13,67.48,No,1,Medium,70.5
STU11586,Corey Johnson,18,Female,81.88,22.65,79.55,73.07,71.1,No,1,Medium,73.3
STU11587,Alexis Nelson,17,Male,90.5,27.36,64.82,71.2,69.67,No,2,Low,64.32
STU11588,Patrick Mcneil,17,Female,64.67,10.52,75.16,62.42,58.23,Yes,2,High,56.74
STU11589,Andrea Ho,23,Male,74.51,27.47,84.5,71.07,66.15,No,1,High,65.96
STU11590,Dr. Katherine Nguyen,24,Female,70.27,33.39,74.49,66.58,71.72,No,1,High,74.17
STU11591,David Sullivan,20,Female,81.79,12.07,52.36,44.44,55.16,No,2,Medium,53.66
STU11592,Nicolas James,19,Female,90.3,24.63,80.38,86.22,80.32,Yes,1,Medium,68.58
STU11593,Logan Newton,20,Female,72.03,20.01,57.71,69.09,62.72,Yes,1,Medium,70.22
STU11594,Kelly Liu,20,Female,54.1,10.73,57.26,57.55,53.3,Yes,2,Medium,58.57
STU11595,Kelly Hayes,20,Male,73.88,22.96,73.5,67.32,74.15,Yes,2,Medium,77.26
STU11596,Amanda Forbes,24,Female,87.13,25.0,70.76,59.44,63.22,Yes,2,High,72.88
STU11597,Jennifer Moss,20,Male,83.38,16.39,77.67,51.75,64.86,No,3,Low,53.42
STU11598,Kelli Mccoy,21,Female,82.28,27.0,82.45,74.19,64.03,Yes,5,High,73.56
STU11599,Eddie Sanders,24,Male,75.2,10.0,68.91,53.23,53.66,Yes,0,High,60.93
STU11600,Ronald Murray,21,Male,65.21,11.03,58.87,56.63,47.46,Yes,1,High,45.16
STU11601,Louis Brown,24,Female,83.15,20.82,62.93,66.87,68.43,Yes,1,High,59.01
STU11602,Brenda Gallegos,23,Male,69.66,20.15,73.81,67.06,50.47,No,1,Medium,61.74
STU11603,Nathan Wilson,18,Female,99.84,15.7,74.03,59.49,64.69,Yes,3,High,73.59
STU11604,Teresa Horton,17,Male,83.71,24.86,66.16,61.37,46.41,Yes,3,Medium,72.68
STU11605,Jason Hayes,20,Male,72.19,23.19,79.57,73.38,63.81,No,2,High,65.32
STU11606,Kevin Marquez,23,Female,71.89,25.15,86.06,81.34,70.51,No,1,Medium,59.33
STU11607,Jesse Wright,18,Male,77.07,19.26,69.02,65.35,69.37,Yes,0,Medium,62.76
STU11608,Susan Hogan,17,Male,75.6,23.62,86.89,70.4,72.15,No,2,Medium,73.87
STU11609,Becky Wilson,22,Female,89.17,17.33,73.44,68.81,63.46,No,3,Medium,62.91
STU11610,Jack Mills,19,Male,79.86,32.32,76.9,81.92,76.89,No,0,Medium,71.65
STU11611,Richard Hunt,21,Female,70.68,15.12,59.44,46.94,51.46,Yes,0,Medium,47.48
STU11612,Jamie James,22,Male,96.9,32.63,95.0,86.6,83.13,No,2,High,90.22
STU11613,Susan Cunningham,24,Male,78.49,20.21,65.08,65.96,55.55,Yes,2,Medium,64.64
STU11614,Brittany Melton,17,Female,85.69,11.75,72.65,57.69,57.81,Yes,1,Medium,55.52
STU11615,Michael Barnes,22,Male,71.92,28.21,69.6,80.4,62.76,Yes,1,Medium,62.31
STU11616,Randy Griffin,19,Male,81.63,20.76,68.96,67.78,64.42,Yes,3,Medium,60.92
STU11617,Autumn Anderson,23,Male,81.11,25.11,82.23,73.02,70.95,No,1,Medium,57.35
STU11618,Marcus King,17,Male,59.1,27.34,65.12,66.27,65.53,No,3,High,57.46
STU11619,Scott Stephens,22,Female,98.15,22.03,76.85,72.29,73.75,Yes,3,Low,59.24
STU11620,Stephen Young,21,Male,90.91,16.45,80.81,63.97,55.32,Yes,2,Medium,69.93
STU11621,Karen Ortiz,21,Female,74.03,25.85,83.89,71.33,70.45,Yes,2,Medium,75.45
STU11622,Kyle Sanchez,18,Female,66.98,20.0,70.3,67.57,54.4,No,2,Medium,56.15
STU11623,Lisa Grant,22,Male,81.48,24.12,69.89,73.37,61.61,No,0,Medium,64.0
STU11624,Amber Hernandez,20,Female,78.87,7.08,57.93,49.74,49.4,No,2,High,59.32
STU11625,Amanda Nash,22,Male,81.56,22.68,74.06,78.39,66.35,No,4,Medium,72.1
STU11626,Sara Evans,23,Other,79.92,16.17,70.53,58.09,54.13,No,0,Medium,68.6
STU11627,Amber Butler,17,Male,83.06,29.92,72.25,85.02,72.67,No,1,Medium,71.76
STU11628,Michael Carr,17,Female,92.47,23.74,83.67,71.23,65.65,Yes,2,Medium,79.14
STU11629,Linda Cobb,23,Female,83.68,21.44,74.08,62.33,66.26,No,3,High,66.93
STU11630,Jesse Riley,22,Male,67.5,22.92,56.03,47.63,60.97,No,1,Medium,52.22
STU11631,Anna Evans,23,Female,91.63,14.01,64.96,54.83,53.61,No,0,Medium,60.26
STU11632,James Jones,19,Female,94.41,29.74,80.05,77.21,72.5,No,2,High,77.65
STU11633,Joshua Carter,24,Male,100.0,31.95,86.85,89.68,69.17,No,2,Medium,72.6
STU11634,Michael Hill,23,Male,66.77,22.36,80.58,72.58,65.46,No,2,High,61.58
STU11635,Kelly Dominguez,21,Female,80.43,29.54,79.52,71.21,72.06,No,1,Medium,68.73
STU11636,Ashley Blair,23,Female,57.18,16.59,53.6,47.77,50.52,Yes,1,Medium,37.33
STU11637,Victoria Webb,17,Other,83.53,15.22,70.61,58.66,62.34,Yes,1,High,61.76
STU11638,Taylor Andersen,21,Female,72.52,20.25,65.72,50.97,59.79,No,1,High,51.78
STU11639,Lee Stewart,17,Female,97.23,22.61,81.99,69.28,85.12,Yes,1,Medium,72.18
STU11640,Whitney Gomez,18,Female,70.25,17.64,69.51,56.51,66.72,No,1,High,56.35
STU11641,Justin Stone,20,Male,61.11,23.23,74.17,76.41,62.31,No,1,Medium,66.41
STU11642,Katherine White,17,Male,73.29,21.84,69.43,66.32,54.91,No,1,Medium,60.98
STU11643,Michelle Krause,21,Female,58.25,14.01,69.58,60.68,55.21,No,2,Low,52.07
STU11644,Alexander Garrett,18,Female,85.51,23.11,81.74,65.32,63.84,Yes,0,Low,60.9
STU11645,Ryan Marsh,17,Male,57.35,25.18,60.61,68.9,59.06,No,4,High,65.45
STU11646,Mrs. Felicia Castro DDS,19,Male,78.28,21.03,86.5,82.14,68.77,No,3,Low,73.11
STU11647,Curtis Campbell,23,Female,57.22,26.92,69.02,55.92,54.81,Yes,2,Medium,55.54
STU11648,Elizabeth Hunter,20,Female,74.8,12.7,57.96,46.56,55.73,Yes,0,High,62.74
STU11649,Aaron Jennings,17,Male,94.43,22.81,90.31,82.62,78.91,No,2,Low,72.57
STU11650,Nathaniel Gilbert,18,Male,81.61,12.98,81.27,68.41,63.98,No,1,Medium,65.4
STU11651,Christopher Rivera,19,Male,69.37,13.32,61.84,48.87,58.5,No,0,Medium,48.98
STU11652,Michael Hendricks,22,Male,77.69,16.21,63.9,55.67,47.99,Yes,2,Medium,52.73
STU11653,Maria Olson,18,Male,78.18,14.35,65.11,52.96,55.32,Yes,0,High,54.11
STU11654,Stephanie Herrera,23,Male,82.73,16.71,74.79,65.11,65.3,Yes,1,Medium,68.78
STU11655,Richard Gutierrez,18,Female,64.33,18.72,72.78,70.49,63.09,Yes,2,Medium,64.86
STU11656,Sandy Evans,19,Male,83.93,25.02,80.08,70.33,70.33,No,1,High,63.46
STU11657,Emily Herrera,18,Female,50.96,18.07,58.75,59.68,54.69,Yes,3,Medium,56.94
STU11658,Michael Marsh,19,Female,71.7,10.49,71.51,51.25,57.13,No,1,Medium,65.75
STU11659,Heather Montes,17,Male,73.12,26.84,70.85,65.35,60.45,No,2,High,59.07
STU11660,Andre Terrell,24,Female,84.33,14.98,76.43,68.86,65.68,No,0,Medium,59.61
STU11661,Sarah Duncan,19,Male,78.23,19.65,68.03,68.46,60.36,Yes,1,Medium,62.15
STU11662,Kurt Hancock,19,Female,63.94,22.68,69.47,70.12,65.58,No,1,Low,66.22
STU11663,Michele Edwards,20,Male,68.15,21.2,66.31,54.47,52.67,Yes,1,Medium,52.67
STU11664,Jason Crawford,19,Female,79.99,26.57,75.2,70.48,71.22,Yes,1,Low,76.21
STU11665,Jesse Sampson,19,Female,77.21,22.87,69.25,71.33,64.74,Yes,1,Medium,58.06
STU11666,Eric Rodriguez,22,Male,72.21,14.83,73.68,61.34,59.09,No,2,High,62.17
STU11667,Paula Gentry,24,Male,73.19,33.07,72.29,70.4,67.67,Yes,1,Medium,55.92
STU11668,Alexander Webb,17,Female,84.96,21.17,68.62,68.04,61.19,Yes,2,Medium,58.43
STU11669,Cheryl Mclean,23,Female,72.82,19.12,82.36,65.5,69.51,Yes,4,High,67.98
STU11670,Kelly Rowe,20,Male,77.12,25.78,80.74,86.09,74.88,Yes,1,Medium,74.6
STU11671,Shane Short,22,Female,99.7,21.5,63.23,73.37,64.77,Yes,2,High,76.8
STU11672,Megan Anderson,21,Male,63.76,22.4,62.23,64.39,59.71,No,2,Medium,52.85
STU11673,Julia Reeves,24,Female,59.48,34.95,60.57,78.88,63.44,No,0,Medium,62.86
STU11674,April Randolph,17,Male,85.84,18.35,65.53,61.53,67.43,No,1,High,55.82
STU11675,Linda Miller,17,Female,71.21,18.09,44.18,52.29,52.84,No,0,Medium,54.7
STU11676,Angel Meyer,21,Male,74.82,20.7,68.46,72.63,66.8,No,1,High,72.91
STU11677,Emily Lane,23,Male,70.19,26.43,63.58,67.25,54.19,Yes,2,Low,62.32
STU11678,Steven Flores,19,Male,75.4,10.96,63.25,50.66,67.19,No,2,Medium,63.56
STU11679,Donald Flores,22,Male,93.99,8.21,56.97,37.89,44.98,No,0,Medium,47.84
STU11680,Bruce Hernandez,18,Female,86.02,16.48,71.52,62.27,68.78,Yes,2,Low,64.1
STU11681,Adrian Dean,20,Male,86.62,10.2,63.88,57.92,62.11,No,0,High,59.42
STU11682,Christine Bell,18,Female,63.84,17.45,73.26,68.06,56.36,No,1,Medium,57.72
STU11683,Charles Bush,21,Male,66.49,23.01,77.58,73.05,65.4,No,1,High,61.06
STU11684,David Jones,17,Male,49.61,14.66,60.6,48.24,47.62,No,0,Medium,47.65
STU11685,Gina Wallace,23,Male,69.91,11.44,58.69,37.71,54.25,Yes,2,Medium,53.19
STU11686,John Lowe,17,Male,87.57,20.42,88.22,72.68,70.26,No,2,Medium,76.35
STU11687,Anthony Simmons,20,Male,83.17,25.18,65.02,64.91,60.8,Yes,1,Medium,64.57
STU11688,Kyle Watkins,17,Male,75.78,9.83,52.37,43.35,36.98,No,0,Medium,48.87
STU11689,Melissa Jensen,17,Female,77.78,24.92,72.97,74.05,75.69,No,2,Medium,63.8
STU11690,Robert Marquez,20,Male,71.11,24.9,86.65,89.09,70.38,No,0,Low,75.96
STU11691,Kim Beltran,22,Female,80.05,25.72,73.61,72.38,68.74,Yes,1,High,67.95
STU11692,Julie Anderson,22,Female,85.66,27.31,77.1,74.25,69.6,Yes,0,High,58.94
STU11693,Tamara Mcdonald,20,Male,61.84,33.21,62.89,69.11,58.08,Yes,0,Medium,56.58
STU11694,Michael Mckinney,23,Male,81.0,17.86,76.52,67.01,70.48,Yes,2,Medium,70.75
STU11695,David Walker,21,Other,87.32,20.66,81.06,66.94,77.62,No,1,Medium,70.04
STU11696,Lisa Durham,24,Female,73.85,17.5,72.31,63.63,63.61,No,4,Medium,49.95
STU11697,Michael Ortega,17,Female,85.01,20.01,68.61,66.95,67.72,No,1,Medium,64.97
STU11698,Sonya Chavez,23,Male,100.0,29.2,80.49,81.81,78.45,No,2,Medium,76.68
STU11699,John Bell,17,Female,76.96,11.93,55.08,51.47,57.77,Yes,1,High,50.55
STU11700,Christopher Tate,24,Female,81.93,14.83,68.74,61.95,59.81,Yes,1,Medium,64.24
STU11701,Bethany Garcia,21,Female,70.62,28.26,65.47,57.87,62.67,Yes,1,Medium,59.09
STU11702,Rebecca Nguyen,22,Other,79.81,26.12,66.97,72.14,70.2,No,0,Medium,52.76
STU11703,Rebecca Patel,23,Male,82.6,17.82,67.55,57.42,65.67,No,1,High,66.54
STU11704,Jason Oliver,19,Male,79.95,25.13,71.15,63.17,59.7,No,0,Medium,61.33
STU11705,Valerie Reyes,19,Female,67.8,22.05,63.79,55.08,54.32,Yes,1,High,66.53
STU11706,Robert Garza,24,Female,80.06,29.0,80.59,81.03,73.78,Yes,0,High,68.68
STU11707,Jessica Cobb,19,Male,92.62,20.45,76.92,68.64,62.62,No,2,High,66.44
STU11708,Cynthia Bates,22,Male,82.49,26.15,74.28,62.55,72.36,Yes,0,High,74.96
STU11709,Timothy Andrews,24,Male,87.62,35.85,86.42,91.43,79.71,No,2,Medium,72.72
STU11710,Mr. Joel Peters,22,Male,75.63,23.59,64.82,55.81,58.77,Yes,0,Medium,64.14
STU11711,Casey Blanchard,21,Female,85.5,20.3,74.15,68.44,64.12,Yes,1,Medium,71.95
STU11712,Brian Cervantes,17,Female,80.79,24.33,75.4,72.88,61.42,No,3,Medium,67.02
STU11713,Jamie Snyder,21,Male,68.49,17.81,54.34,58.08,50.02,Yes,2,Low,49.05
STU11714,Ann Montoya,21,Male,81.19,34.33,88.48,98.37,82.73,No,2,Medium,75.92
STU11715,Stephanie Fields,22,Male,68.08,21.08,60.82,51.04,56.13,No,2,Medium,49.2
STU11716,Charles Hernandez,24,Male,71.67,18.36,67.15,60.31,59.75,Yes,2,High,63.37
STU11717,Jean Lane,24,Female,79.89,14.99,75.6,61.4,65.66,No,2,Medium,45.32
STU11718,Michael Stewart,19,Other,80.97,26.58,82.47,79.98,71.37,No,2,Medium,67.36
STU11719,Susan Torres,18,Female,66.11,25.2,69.32,68.71,64.01,Yes,1,High,60.08
STU11720,Jessica Haas,17,Male,88.54,17.02,69.79,60.44,70.7,No,3,Medium,58.81
STU11721,Brandon Smith,22,Female,83.72,23.46,81.54,71.69,73.9,No,3,High,73.33
STU11722,Mrs. Bethany Phillips,19,Female,70.95,10.95,65.77,46.42,57.5,Yes,2,High,48.11
STU11723,Joshua Brown,23,Female,62.62,21.11,60.5,64.46,57.73,No,2,Medium,63.03
STU11724,Samantha Howard,18,Male,76.55,22.72,65.96,67.14,54.38,Yes,1,Medium,65.17
STU11725,Sharon Young,18,Male,73.54,30.24,61.08,73.67,56.65,No,1,Medium,67.66
STU11726,Jennifer Flores,22,Male,79.13,15.38,68.5,57.57,62.22,No,1,High,57.62
STU11727,James Gardner,20,Male,74.37,12.33,62.8,49.13,53.99,Yes,3,Medium,56.22
STU11728,Karen Lopez,17,Male,57.93,14.63,66.37,48.99,54.16,Yes,2,Medium,57.91
STU11729,Tim Larsen,18,Male,74.12,11.98,65.55,56.4,65.89,Yes,0,High,60.19
STU11730,Zachary Santiago,22,Female,74.94,28.02,83.93,72.63,73.41,Yes,2,Medium,67.48
STU11731,Benjamin Smith,22,Female,84.34,29.29,74.36,86.78,79.56,No,0,High,75.39
STU11732,Katelyn Kim,19,Male,71.02,21.92,76.72,61.18,62.94,No,0,High,61.08
STU11733,Angela May MD,23,Male,94.79,27.33,78.34,78.8,69.92,Yes,1,High,67.93
STU11734,Richard Munoz,20,Female,58.88,20.8,68.56,71.72,60.58,No,0,High,45.86
STU11735,Christopher Hicks,17,Female,91.11,19.43,64.83,65.85,59.94,No,2,Medium,56.19
STU11736,Joanna Kelly,24,Female,75.76,18.0,69.55,63.08,69.36,No,1,High,49.84
STU11737,Larry Lane,21,Other,86.6,18.14,58.45,51.32,59.69,No,5,Medium,51.95
STU11738,Cynthia Shaw,23,Female,78.8,10.71,62.15,43.41,55.31,No,1,Medium,60.61
STU11739,Joshua Richardson,23,Other,89.4,21.59,78.96,76.42,78.44,Yes,4,Medium,63.09
STU11740,Laura Bush,19,Male,74.13,19.76,64.84,69.9,51.88,Yes,1,High,63.3
STU11741,John Vaughn,24,Male,67.01,24.47,61.58,59.96,58.88,No,3,High,66.31
STU11742,Nicholas Terrell,18,Male,92.21,20.56,82.2,66.1,63.79,Yes,3,High,61.25
STU11743,Dr. Julie Miller,18,Male,76.87,19.02,68.34,47.64,55.93,No,2,Low,63.17
STU11744,Ann Kennedy,19,Male,80.22,14.77,64.0,50.63,54.61,No,2,High,56.36
STU11745,Toni Miller,22,Female,90.35,20.43,75.73,68.39,71.82,No,3,High,78.61
STU11746,Rebecca Edwards,18,Female,67.68,24.43,87.63,86.55,75.64,Yes,2,Medium,75.25
STU11747,Greg Osborne,20,Female,83.95,13.14,75.85,65.98,73.16,Yes,3,Medium,65.46
STU11748,Jose Harrison,17,Male,72.1,20.52,76.34,69.5,62.45,Yes,0,Medium,45.83
STU11749,Jennifer Yu,23,Female,76.68,21.4,73.7,65.06,67.45,Yes,2,Low,55.44
STU11750,Donna Johnson,23,Female,78.72,15.69,68.64,56.25,60.27,Yes,3,Medium,64.51
STU11751,Nicole Acosta,20,Male,63.0,16.47,44.96,54.28,39.16,No,0,Medium,52.92
STU11752,Amy Kennedy,24,Female,70.21,21.38,63.3,62.28,53.4,Yes,1,Medium,48.38
STU11753,Anthony Mooney,18,Male,91.51,13.2,67.48,45.53,57.11,Yes,3,Medium,58.42
STU11754,Lori Mitchell,23,Male,86.86,22.1,62.09,58.68,65.2,Yes,1,Medium,59.28
STU11755,Jonathan York,21,Female,77.37,14.63,58.09,47.7,54.82,Yes,2,Low,53.68
STU11756,Casey Campbell,24,Male,80.43,26.38,61.77,62.48,53.74,Yes,4,High,62.2
STU11757,Alexis Rodriguez,17,Male,75.06,34.03,78.58,84.73,71.47,Yes,2,Medium,70.03
STU11758,Kevin Hernandez,17,Female,91.57,14.84,77.75,64.63,78.24,No,2,Medium,73.0
STU11759,Robert Green,23,Female,76.0,23.21,79.39,71.69,68.63,Yes,0,Medium,62.88
STU11760,Kari Lloyd,19,Male,80.32,15.64,70.98,69.03,63.43,No,0,Medium,61.71
STU11761,Grace Miller,24,Male,89.46,26.25,72.42,68.22,69.57,No,1,High,73.16
STU11762,Timothy Moore,23,Male,70.23,12.41,48.25,55.91,54.32,Yes,0,Medium,47.05
STU11763,Wyatt Townsend II,19,Female,93.59,22.88,66.15,62.31,61.4,No,3,Medium,60.78
STU11764,Mark Clark,23,Male,62.7,14.76,51.53,48.43,50.04,Yes,3,High,48.54
STU11765,Haley May,21,Male,94.3,18.76,69.63,62.92,63.61,Yes,1,Medium,67.33
STU11766,Audrey Jackson,24,Female,74.27,13.81,63.26,55.39,59.98,Yes,1,Low,56.34
STU11767,Eric Reese,22,Female,75.57,24.93,65.58,68.73,62.97,Yes,2,Low,56.97
STU11768,Kim James,17,Male,59.1,14.98,61.5,55.82,55.29,Yes,3,Low,53.46
STU11769,Karen Thomas,23,Female,73.45,23.31,69.07,61.79,56.7,Yes,4,High,45.66
STU11770,Alexandra Ho,21,Female,67.6,17.94,64.67,51.74,50.16,No,1,Medium,56.78
STU11771,Michael Nixon,19,Male,71.92,19.31,75.27,80.99,73.8,No,1,High,74.99
STU11772,Amanda Hardin,19,Male,76.63,20.89,62.01,57.67,56.82,Yes,3,High,57.53
STU11773,Tina Reynolds,17,Female,87.58,15.43,73.76,67.41,68.35,Yes,2,Medium,62.69
STU11774,Shannon Rogers,20,Male,80.08,21.26,71.82,57.0,59.57,Yes,0,Low,56.93
STU11775,Brett Pena,23,Female,81.08,29.18,75.52,74.23,73.12,Yes,1,Low,61.51
STU11776,Raymond Curry,24,Male,67.04,15.33,68.74,57.54,54.57,No,1,Medium,50.19
STU11777,Leah Lee,18,Male,69.19,27.03,77.75,76.85,67.27,Yes,2,Medium,69.53
STU11778,Michael White,19,Male,95.99,28.99,77.06,61.74,71.71,Yes,0,Medium,73.92
STU11779,Megan Decker,24,Male,70.65,15.1,62.55,56.05,61.5,No,1,Medium,57.68
STU11780,Brent Garcia,24,Male,94.56,11.27,72.68,52.67,60.17,No,0,High,78.75
STU11781,Daniel Campbell,22,Male,75.57,21.81,68.58,66.85,72.31,Yes,2,Medium,73.29
STU11782,Alexander Davis,24,Female,78.02,16.72,72.01,56.24,62.06,No,1,Medium,63.56
STU11783,Mary Houston,24,Other,88.7,31.21,84.3,78.19,69.4,Yes,1,High,78.94
STU11784,Margaret Erickson,22,Female,90.72,20.21,88.26,74.16,76.84,Yes,1,Low,71.69
STU11785,Scott Anderson,19,Female,76.89,15.19,55.68,45.67,48.94,Yes,1,Medium,54.03
STU11786,Stephanie Knight,24,Male,74.12,13.12,62.97,51.0,56.88,Yes,2,Low,53.97
STU11787,Stephanie Dominguez,20,Other,77.44,26.54,68.19,61.97,60.83,No,2,Low,63.86
STU11788,John Mayer,20,Male,81.38,16.57,73.38,52.41,60.67,Yes,5,Medium,59.55
STU11789,Tammy Hill,21,Female,86.91,20.26,62.63,67.48,58.36,Yes,1,Medium,59.6
STU11790,Steven Carrillo,22,Other,78.04,25.73,76.65,65.34,70.25,Yes,0,Medium,73.32
STU11791,Christopher Jones,21,Female,84.19,17.09,66.23,59.15,54.94,Yes,2,High,58.64
STU11792,Janet Cook,22,Other,94.38,19.72,71.42,70.98,63.17,No,2,Medium,59.89
STU11793,Tyler Baker,23,Female,81.81,19.9,61.53,56.24,59.42,Yes,1,Medium,54.15
STU11794,John Mcfarland,23,Male,81.12,24.1,71.06,63.93,71.48,Yes,2,Low,68.01
STU11795,Cassandra Vasquez,24,Male,62.81,23.54,74.19,69.63,61.14,No,0,Medium,75.91
STU11796,Randy Robinson,18,Female,51.69,18.68,58.58,60.91,55.66,Yes,2,Medium,48.39
STU11797,Susan Baldwin,23,Male,81.88,20.38,76.41,61.54,70.03,Yes,0,High,71.29
STU11798,Benjamin Duncan,18,Female,77.05,17.77,79.91,66.75,70.81,Yes,3,Medium,68.83
STU11799,Jeremy Mosley,23,Other,72.85,11.13,63.78,41.99,50.03,Yes,0,Low,54.47
STU11800,Martin Fitzpatrick,17,Male,80.44,21.55,68.35,62.67,56.49,Yes,1,Medium,64.19
STU11801,Deborah Graves,23,Female,77.4,31.35,81.18,80.81,61.14,Yes,1,Low,72.63
STU11802,Laura Robertson,21,Female,89.28,14.7,67.19,53.98,58.95,No,3,Medium,61.03
STU11803,Katherine Graham,19,Female,78.86,15.36,63.77,54.04,62.9,No,1,Medium,52.29
STU11804,Priscilla Floyd,24,Other,70.53,14.78,52.92,41.01,41.36,No,3,Low,38.67
STU11805,April Finley,21,Female,87.9,24.35,83.69,77.2,77.39,No,3,Medium,74.79
STU11806,Karen Bradley,19,Other,75.83,22.69,68.51,72.02,59.6,Yes,1,Medium,65.43
STU11807,Heather Maldonado,20,Female,83.27,19.05,72.92,59.0,63.36,No,2,Medium,59.48
STU11808,Mark Benjamin,21,Male,73.23,14.49,57.18,48.08,55.03,Yes,0,Low,61.58
STU11809,Joseph Woodward,20,Male,71.5,20.55,71.04,67.73,59.57,Yes,1,High,69.05
STU11810,Joe Miranda,18,Female,78.84,10.61,58.63,56.95,57.07,Yes,0,Medium,43.12
STU11811,Cassandra Williams,18,Male,78.13,20.86,69.86,56.05,57.62,Yes,2,High,61.04
STU11812,Connor Dominguez,17,Female,82.8,25.23,81.93,75.04,75.03,No,3,Medium,65.17
STU11813,Lydia Howard,23,Female,75.31,12.49,69.4,58.64,61.05,Yes,1,Medium,70.91
STU11814,Mark Moss,21,Male,59.64,10.8,56.26,46.01,48.01,Yes,1,Medium,34.57
STU11815,Corey Cortez,20,Female,73.67,29.48,62.73,53.54,63.22,Yes,0,Medium,61.23
STU11816,Katherine Brown,19,Female,85.94,16.33,91.76,76.77,79.49,Yes,1,Low,72.82
STU11817,Elizabeth Ferguson,18,Female,75.03,26.82,86.01,88.06,72.48,Yes,2,Medium,78.88
STU11818,Joann Forbes,23,Male,75.54,19.08,73.63,65.92,63.52,Yes,0,High,66.64
STU11819,Anthony French,18,Male,87.86,19.03,68.19,57.23,61.09,Yes,4,Medium,74.91
STU11820,Bruce Roman,19,Male,70.88,22.63,68.4,62.0,60.22,No,0,Low,60.55
STU11821,Judy Gregory,23,Female,62.57,14.7,56.51,61.19,66.33,Yes,1,Medium,46.27
STU11822,Brittany Riley,23,Male,76.39,20.79,78.96,75.24,71.1,Yes,2,High,79.63
STU11823,Amanda Thomas,20,Female,73.16,17.71,68.5,64.77,51.1,No,5,High,60.45
STU11824,Kaitlin Hardin,20,Male,68.34,12.08,55.3,50.26,47.9,No,1,Low,53.88
STU11825,Michael Anderson,21,Male,76.25,22.02,67.62,60.67,50.49,Yes,1,High,57.54
STU11826,Anthony Parker,21,Female,82.92,18.42,78.91,67.07,66.03,Yes,0,Medium,59.41
STU11827,Joy Jackson,22,Female,77.91,19.06,80.71,68.87,58.0,No,1,Medium,54.9
STU11828,Sabrina Rodriguez,24,Male,81.07,12.74,77.04,65.24,61.65,Yes,2,Medium,70.25
STU11829,Robert Walker PhD,22,Male,96.13,29.55,89.44,94.45,75.98,Yes,1,High,86.73
STU11830,Robert Hendrix,17,Male,74.57,25.26,70.74,75.81,68.13,Yes,5,High,65.91
STU11831,Erika Daugherty,18,Female,80.78,25.78,52.67,51.73,52.7,No,2,High,39.36
STU11832,Brenda Copeland,21,Female,72.91,18.17,68.96,62.92,62.25,No,2,Low,63.4
STU11833,Pamela Watkins,20,Male,69.54,9.62,59.54,52.78,52.7,No,3,High,41.94
STU11834,Bryan Thomas,19,Male,72.15,31.72,77.04,81.85,63.07,Yes,5,Low,78.74
STU11835,Michael Tran,20,Male,73.21,19.63,68.4,58.83,61.74,Yes,0,Medium,50.74
STU11836,Timothy Williams,18,Female,81.59,15.51,59.21,72.17,71.91,Yes,2,Medium,65.22
STU11837,Ryan Salazar,22,Other,100.0,22.5,84.65,69.14,75.87,No,2,Medium,74.15
STU11838,Alexis Tucker,20,Male,70.84,27.0,76.66,67.05,62.34,No,1,Medium,64.46
STU11839,Christopher Davis,24,Female,73.83,19.86,73.21,66.92,56.67,Yes,0,Medium,62.53
STU11840,Stacie Butler,17,Male,77.37,27.67,81.94,90.41,71.26,No,2,High,75.0
STU11841,Patricia Schwartz,18,Male,81.96,26.5,80.56,71.34,71.82,Yes,1,Medium,67.27
STU11842,Mark Mills,22,Female,80.64,13.54,63.86,53.78,62.67,Yes,0,Medium,56.94
STU11843,Todd Bishop,24,Female,90.84,15.96,72.01,69.52,69.01,No,0,High,63.32
STU11844,Christopher Porter,19,Female,53.74,25.75,65.16,64.28,60.05,Yes,0,Low,54.73
STU11845,Lori Patton,22,Female,54.13,5.0,50.91,35.91,44.75,Yes,0,Medium,31.39
STU11846,Aaron Young,23,Male,73.04,19.1,74.57,68.9,67.36,Yes,2,Medium,67.16
STU11847,Joseph Davis,24,Female,88.97,11.42,73.09,61.01,61.44,No,0,Medium,60.15
STU11848,Philip Fernandez,24,Male,62.34,17.14,76.48,69.91,64.57,No,2,Medium,66.76
STU11849,Randy Hopkins,17,Female,47.92,18.21,72.36,68.73,54.72,No,0,Medium,52.82
STU11850,Cory Hogan,18,Male,83.71,17.85,71.54,65.63,64.84,No,2,High,68.84
STU11851,Tracy Wells,19,Female,80.44,16.69,42.0,47.92,49.21,Yes,2,Low,50.29
STU11852,Michael Williams,17,Male,67.1,13.42,69.89,58.51,66.75,Yes,3,Medium,60.28
STU11853,Dominique Hamilton,22,Male,68.14,33.75,72.1,79.78,60.24,No,1,Low,62.66
STU11854,Robert Chang,17,Female,68.3,31.2,68.55,72.94,65.59,No,2,Medium,55.28
STU11855,Patrick Buckley,24,Male,79.11,13.03,62.98,54.27,64.27,No,2,Medium,65.95
STU11856,Richard Washington,18,Female,71.74,29.49,71.21,80.06,71.09,No,2,High,66.02
STU11857,Steven Griffith,21,Male,82.94,17.6,74.78,74.36,72.95,No,4,High,69.34
STU11858,Erika Gonzalez,17,Male,49.45,20.78,48.41,41.23,44.2,Yes,2,Medium,37.87
STU11859,Erika Maxwell,23,Male,69.43,19.62,58.96,57.09,61.0,Yes,1,High,54.28
STU11860,Brent Rojas,17,Male,66.74,16.04,65.33,52.91,49.29,No,2,Medium,61.91
STU11861,Jaime Walker,22,Female,75.44,25.9,77.67,71.71,60.44,No,1,Medium,64.24
STU11862,John Zamora,22,Male,72.62,20.76,73.07,68.55,64.06,No,2,Medium,60.73
STU11863,Timothy Gibson,19,Female,85.98,17.14,65.88,64.27,51.94,Yes,0,Medium,56.91
STU11864,Chad Cortez,22,Female,59.41,12.17,50.44,43.96,51.08,Yes,0,High,48.84
STU11865,Vanessa Harris,20,Male,78.45,14.64,63.08,44.23,59.35,No,0,Medium,57.83
STU11866,Michael Brown,18,Female,83.58,10.15,67.22,48.67,55.11,No,1,Medium,55.93
STU11867,Samuel Ellis,18,Female,96.57,20.07,88.08,81.54,76.83,No,3,High,79.26
STU11868,Greg Tanner,21,Female,73.18,12.82,48.91,29.31,41.65,Yes,4,High,40.86
STU11869,Rachel Little,21,Male,81.24,18.41,68.84,69.68,64.99,No,0,High,62.47
STU11870,Carolyn Cordova,18,Male,59.96,28.22,59.41,67.2,56.94,No,3,Medium,57.66
STU11871,Angelica Vincent,23,Female,54.08,27.2,54.11,67.55,56.19,No,1,Medium,53.33
STU11872,Zachary Vargas PhD,21,Female,86.45,19.81,80.22,69.4,68.79,Yes,1,Medium,66.01
STU11873,Nicholas Fitzgerald,19,Female,77.94,19.48,73.62,53.45,64.78,Yes,0,Medium,57.94
STU11874,Garrett Riley,22,Male,89.79,31.28,85.96,86.99,80.72,No,5,High,82.52
STU11875,Leslie Hernandez,18,Female,64.27,23.12,73.34,75.22,61.82,Yes,4,High,68.97
STU11876,Abigail Baird,24,Male,83.2,18.03,67.54,67.24,70.49,Yes,0,High,72.82
STU11877,John Mack,21,Female,96.69,11.44,68.66,53.75,55.39,Yes,0,Low,57.42
STU11878,Joseph Mendoza,18,Male,82.2,22.36,88.83,77.72,74.27,No,3,High,62.2
STU11879,Samantha Chavez,20,Female,80.77,24.98,73.07,67.55,70.21,Yes,1,High,82.95
STU11880,Justin Smith,17,Male,78.09,16.21,72.73,57.48,57.58,Yes,1,Medium,59.6
STU11881,Tiffany Anderson,22,Male,62.29,21.75,65.19,67.39,60.41,No,1,Medium,55.2
STU11882,Matthew Davis,18,Female,91.56,17.82,61.16,51.65,60.51,No,3,High,60.38
STU11883,Eric Warner,17,Male,71.89,18.9,52.67,47.8,45.24,Yes,1,Medium,46.96
STU11884,Nicole Johnson,21,Male,83.04,5.07,57.71,37.98,49.74,Yes,2,High,47.61
STU11885,Raymond Sawyer,17,Male,62.37,18.67,70.41,52.82,54.82,No,1,Medium,57.5
STU11886,Richard Wood,22,Female,66.21,25.82,75.08,72.03,61.97,Yes,0,High,64.14
STU11887,Mark Dalton,18,Female,92.35,16.21,79.69,74.62,83.99,No,2,High,75.0
STU11888,Steven Cook,20,Male,74.53,20.32,62.13,58.8,53.42,Yes,1,Medium,41.41
STU11889,Jeffery Nelson,23,Female,92.53,15.46,84.15,60.42,74.13,No,0,High,68.22
STU11890,Kimberly Norton,21,Female,77.22,22.16,64.65,68.26,60.0,No,2,Medium,53.92
STU11891,Angela Gilmore,18,Male,59.58,18.7,63.41,67.78,52.4,No,2,Medium,51.63
STU11892,Amy Dougherty,22,Female,86.92,14.36,69.75,56.1,61.95,Yes,2,Low,60.15
STU11893,Stacy Rodriguez,21,Female,72.1,28.0,72.22,69.26,67.18,No,3,Medium,60.88
STU11894,Manuel Diaz,19,Female,84.99,25.57,86.27,82.05,80.51,Yes,0,High,74.77
STU11895,Justin Jones,17,Male,78.25,16.37,62.82,66.84,68.84,No,1,High,64.04
STU11896,Christine Zavala,23,Female,62.57,22.99,56.67,55.0,66.32,Yes,3,Medium,54.88
STU11897,Brian Mendoza,22,Female,79.64,23.22,73.25,61.15,64.22,No,1,Medium,55.58
STU11898,Lauren Haley,19,Male,99.96,23.85,78.88,78.63,71.81,Yes,0,Medium,62.59
STU11899,Patrick Perez,24,Male,82.93,9.83,88.69,70.71,74.64,No,1,Medium,71.21
STU11900,Derek Frazier,18,Male,77.42,26.04,78.93,74.63,67.9,Yes,2,High,67.7
STU11901,Arthur Reed,20,Male,88.75,16.58,69.24,58.53,67.1,Yes,1,Medium,53.66
STU11902,Mr. Bryan Mckinney,21,Female,80.11,17.85,62.15,64.22,53.77,Yes,0,Medium,65.18
STU11903,Kim Carter,17,Male,80.1,35.83,68.96,81.35,80.47,Yes,2,Medium,75.33
STU11904,Rebecca Dougherty,21,Male,67.08,21.81,59.92,54.68,57.81,Yes,3,Low,46.38
STU11905,Teresa Jones,23,Female,80.34,17.68,70.32,62.92,54.28,Yes,3,High,58.52
STU11906,Judith Miller,18,Male,88.35,6.77,75.07,48.11,57.24,No,0,Medium,63.02
STU11907,Donna Frye,21,Other,69.64,28.34,80.55,80.89,74.51,Yes,2,Medium,70.37
STU11908,Donald Terry,17,Male,92.24,11.93,71.85,57.91,69.75,No,3,High,63.9
STU11909,Shaun Meyer DDS,18,Male,77.08,13.98,63.36,52.52,49.61,Yes,3,High,61.52
STU11910,Wayne Weaver,21,Male,69.12,18.01,67.14,59.85,61.84,No,1,High,58.61
STU11911,Gregory Wallace,20,Male,87.98,28.5,76.51,76.77,61.51,Yes,3,High,78.53
STU11912,Dorothy Brown,22,Male,75.13,24.64,84.33,81.44,72.6,No,0,High,69.19
STU11913,Crystal Meza,18,Female,85.6,19.05,71.25,68.44,71.57,No,1,Medium,62.23
STU11914,Jennifer Cooper,22,Other,75.08,21.85,69.72,64.58,59.26,Yes,0,Low,57.68
STU11915,Erin Watkins,24,Male,77.4,16.4,51.93,55.64,45.59,No,3,Medium,56.73
STU11916,Sarah Wallace,18,Female,82.94,20.84,71.4,68.72,66.36,Yes,0,High,68.45
STU11917,Carlos Clarke,20,Female,80.91,20.44,77.53,66.57,63.59,No,1,Low,61.2
STU11918,David Washington,22,Female,58.04,25.81,58.81,60.63,56.56,Yes,1,Low,47.3
STU11919,Patricia Williams,19,Male,66.79,25.8,64.52,64.5,54.09,Yes,2,Low,49.4
STU11920,Jesus Jackson,17,Male,87.29,22.96,81.54,77.27,69.18,Yes,0,High,78.2
STU11921,Michelle Mitchell,19,Male,76.68,17.83,57.82,53.31,44.13,No,1,Medium,56.68
STU11922,Sara Schwartz,21,Female,72.76,24.45,78.62,70.18,67.48,Yes,0,Medium,72.09
STU11923,Brittany Young,20,Female,64.41,19.45,60.65,69.12,57.5,No,3,Low,59.06
STU11924,Eugene Martinez,19,Male,67.2,13.51,58.62,56.76,47.88,Yes,0,High,56.05
STU11925,Cody Hart,18,Male,57.78,17.58,52.55,45.94,47.0,Yes,1,Medium,49.81
STU11926,Evan Cooper,21,Female,76.99,20.51,72.8,69.62,70.38,No,2,Medium,66.0
STU11927,Joshua Martin,21,Female,72.02,25.46,88.85,79.69,72.32,No,0,Medium,73.13
STU11928,Thomas Sullivan,19,Other,68.33,18.9,71.03,65.26,62.71,No,1,Medium,59.46
STU11929,Mr. Jimmy Flores Jr.,24,Female,77.32,12.74,58.8,52.36,55.74,No,1,Medium,56.68
STU11930,Vanessa Rivera,19,Male,81.64,20.34,79.84,77.52,65.38,No,0,Medium,71.87
STU11931,Kara Roberts,24,Female,98.93,20.68,76.83,72.84,82.45,No,2,Medium,66.03
STU11932,Veronica Berry,20,Female,62.88,21.12,74.56,65.93,59.39,Yes,2,High,69.54
STU11933,Keith Meadows,17,Male,89.59,25.52,84.35,84.57,80.32,Yes,0,Medium,76.02
STU11934,Michael Dennis,19,Female,87.73,26.11,57.77,65.45,64.52,Yes,4,Medium,72.52
STU11935,Brenda Pierce,23,Female,70.21,16.43,57.56,54.19,52.46,Yes,1,High,62.89
STU11936,James Randall,24,Male,80.03,16.3,75.03,65.82,68.34,Yes,2,High,61.62
STU11937,Brandon Brown,19,Female,73.42,13.76,65.06,54.95,57.92,No,0,Medium,54.77
STU11938,Lauren Walker,22,Female,79.86,24.19,66.71,66.5,55.51,Yes,2,Low,47.0
STU11939,Diana Johnson,18,Female,93.09,28.69,77.88,74.44,70.27,No,1,High,69.56
STU11940,Jill Powers,23,Male,84.06,18.11,57.96,52.08,52.26,No,3,High,58.74
STU11941,Jorge Lee,23,Male,83.09,18.55,70.6,57.84,59.26,Yes,3,Medium,66.87
STU11942,Larry Harding,24,Female,73.7,28.8,90.11,74.5,65.83,Yes,0,Medium,69.52
STU11943,Heather Hernandez,22,Male,63.16,23.03,72.02,61.38,64.95,Yes,1,Low,60.6
STU11944,Jaclyn Watson,22,Female,75.92,22.62,86.53,74.5,79.55,No,3,Medium,68.01
STU11945,Gregory Madden,21,Female,90.07,12.85,76.2,63.1,71.66,No,1,Low,62.54
STU11946,Anita Luna,24,Male,62.73,24.07,74.13,67.08,68.32,Yes,0,Medium,59.51
STU11947,Willie Lara,17,Female,67.45,14.43,75.9,47.34,54.9,No,1,Low,52.87
STU11948,Robert Waller,18,Female,79.26,13.2,68.58,66.97,60.11,Yes,3,Medium,70.69
STU11949,Steven Taylor,20,Male,68.15,17.92,63.49,64.38,54.49,No,5,Medium,56.09
STU11950,Angelica Clark,23,Female,70.07,16.49,71.8,64.01,64.77,No,4,Medium,53.03
STU11951,Sean Hatfield,20,Female,73.76,18.67,77.75,78.39,70.54,Yes,0,Low,66.0
STU11952,Tyler Avila,19,Female,64.34,11.35,55.32,41.21,46.27,Yes,1,Medium,51.21
STU11953,Jason Rocha,19,Female,68.26,25.75,65.28,77.23,70.01,Yes,1,High,61.81
STU11954,Justin Page,20,Male,85.03,26.77,78.72,70.1,71.12,Yes,2,Medium,77.48
STU11955,Breanna Lopez,19,Female,64.93,8.32,62.62,49.85,48.16,No,0,High,46.94
STU11956,Julian Williams,17,Female,62.02,25.87,73.5,62.27,56.52,Yes,1,Medium,54.44
STU11957,Sandra Torres,22,Female,71.7,15.14,54.31,50.75,54.52,No,1,Medium,40.45
STU11958,Julie Johnson,19,Female,85.32,25.14,90.11,83.04,82.88,Yes,1,Medium,79.42
STU11959,Dennis Blanchard,21,Male,76.03,19.59,64.64,59.86,61.54,No,3,High,72.12
STU11960,Kaitlyn Valdez,19,Female,73.35,20.17,66.6,66.4,70.7,No,1,Low,61.53
STU11961,Jennifer Vasquez,18,Male,78.44,18.89,63.28,60.24,67.1,No,1,Low,52.58
STU11962,Danielle Wilson,17,Male,60.54,27.27,87.19,75.42,71.23,Yes,1,Medium,71.78
STU11963,Zachary Jones,18,Male,82.95,12.56,68.67,53.97,55.32,Yes,3,High,65.62
STU11964,Lauren Cunningham,18,Other,81.83,23.65,68.33,71.91,58.9,No,1,High,70.82
STU11965,Lori Alvarez,21,Female,73.91,26.61,79.24,71.0,65.43,Yes,0,Medium,58.51
STU11966,Barbara Hunt,17,Female,88.06,24.3,82.62,81.61,78.86,Yes,3,Medium,85.46
STU11967,Sarah Martin,17,Female,66.73,33.95,74.14,85.34,78.3,Yes,4,Medium,74.07
STU11968,Francisco Johns,24,Female,89.28,16.83,78.38,57.17,67.39,No,1,Medium,74.42
STU11969,Christopher Nelson,17,Female,79.54,25.74,69.06,75.9,72.49,No,2,Medium,68.18
STU11970,Thomas Kelly,17,Female,74.63,19.36,64.95,72.97,61.97,No,0,High,65.77
STU11971,Joseph Mayer,17,Male,77.8,27.4,61.23,67.63,63.77,Yes,0,High,58.12
STU11972,Pamela White,21,Male,76.93,19.95,60.47,62.5,62.54,Yes,1,Medium,65.8
STU11973,Paul Stephens,19,Female,90.2,17.67,86.1,78.5,65.75,No,1,Medium,62.98
STU11974,Samantha Cohen,24,Female,67.23,27.84,82.87,75.7,66.88,Yes,3,Medium,70.26
STU11975,Michael Barker,18,Male,70.37,17.05,65.54,59.52,62.59,Yes,3,Medium,57.47
STU11976,Kevin Morrow,17,Male,88.36,11.52,80.05,55.35,66.43,No,0,Medium,61.89
STU11977,Joseph Watson,23,Female,72.04,16.9,64.53,58.74,51.57,Yes,1,Low,59.13
STU11978,Mr. Thomas Garcia,19,Male,87.01,23.71,74.7,74.11,57.33,Yes,0,Medium,62.75
STU11979,Daniel Lopez,19,Female,94.99,28.35,83.24,83.89,75.66,Yes,3,Medium,83.84
STU11980,Lisa Guerra,18,Other,73.98,20.67,68.19,69.9,62.77,Yes,2,High,62.67
STU11981,Kim Arnold,21,Male,84.81,27.91,76.95,71.27,64.42,Yes,1,Medium,68.27
STU11982,Ashley Stevens,20,Male,66.46,11.85,67.88,51.45,55.77,No,1,Medium,66.15
STU11983,Robert Mclean,20,Female,85.55,17.34,72.41,75.36,71.36,Yes,2,Medium,69.76
STU11984,Eric Cox,19,Female,79.99,18.27,74.77,64.66,68.15,Yes,0,Low,61.2
STU11985,Stacy Harper,22,Female,82.73,19.31,78.83,70.21,56.93,No,1,High,65.57
STU11986,Gloria Mckinney,22,Other,71.54,20.5,70.68,64.08,54.9,No,3,High,58.72
STU11987,Robert Walker,18,Male,61.39,24.15,59.67,55.76,51.16,Yes,5,Low,45.05
STU11988,Brenda Perez,20,Female,83.03,17.33,60.87,67.12,64.26,No,4,High,75.92
STU11989,Carlos Miller,19,Female,57.37,20.83,63.57,56.28,55.87,No,2,Medium,50.98
STU11990,Rachel Jones,21,Female,74.83,19.73,67.54,55.62,60.43,Yes,1,High,51.82
STU11991,Nicole Williams,20,Male,87.41,14.44,70.68,57.91,60.57,Yes,3,Medium,61.51
STU11992,Ricky Palmer,19,Female,79.92,19.32,70.38,52.08,57.21,Yes,1,Medium,60.72
STU11993,Bryan King,19,Female,97.48,19.14,95.0,75.32,75.47,No,1,Medium,73.49
STU11994,Michael Webster,17,Male,88.25,19.01,64.3,55.49,63.42,Yes,0,High,62.33
STU11995,Tamara Harris,21,Male,71.46,20.19,53.79,58.61,49.03,Yes,1,Medium,51.94
STU11996,Cathy Bell,17,Female,78.27,20.45,72.95,62.31,67.25,No,1,High,67.07
STU11997,Ryan Mcmahon,18,Male,77.53,17.41,65.56,64.81,62.17,Yes,1,Low,63.01
STU11998,Hannah Martin,17,Male,62.18,27.64,71.43,78.77,64.78,No,2,High,64.41
STU11999,Monica Allen,23,Male,68.6,12.98,65.61,59.31,54.16,No,4,Low,67.86
STU12000,Annette Lane,17,Female,72.39,15.67,73.91,60.7,54.81,Yes,4,High,68.04
